
#################################################################
  MASTER RAD — SKALABILNOST EKSPERIMENTI
  Okruženja: ['cartpole']
  Algoritmi: ['ppo', 'appo', 'dqn']
  Workers:   [0, 1, 2, 4, 8, 16]
  GIF-ovi:   da
  Evaluacija: 10 epizoda po runu (mean ± std)
  Ray:       lokalni klaster
  Monitor:   CPU/RAM CSV u output dir
#################################################################

=================================================================
  Okruženje: CartPole-v1
  Balansiranje štapa — brzo, bez GPU
=================================================================

>>> PPO | env_runners=0 | CartPole-v1
Lokalni Ray klaster podignut.
  [monitor] CPU/RAM → /home/ubuntu/master-rad/results/monitor_cartpole_ppo_appo_dqn_20260821_165413.csv  (interval 2.0s)

=================================================================
  Ray RLlib PPO
  Env:         CartPole-v1
  EnvRunners:  0  ← paralelni procesi
  BatchSize:   4000 koraka/iter
  SGD itera.:  30  (SB3: n_epochs)
  NormObs:     False
  Cilj:        nagrada >= 450
  PPO params:  lr=0.0003, gamma=0.99, ent_coef=0.0, clip=0.2
  GIF-ovi:     /home/ubuntu/master-rad/results/gifs/cartpole
=================================================================

Iter |     Reward |   Steps/s |  Iter(s) |  Total(s)
------------------------------------------------------------

  Snimam random agenta (pre treninga)...
  → nagrada=11
   0 |      20.97 |       534 |      7.5 |         9
   1 |      35.14 |       541 |      7.4 |        16
   2 |      60.73 |       533 |      7.5 |        24
   3 |      90.10 |       549 |      7.3 |        31
   4 |     125.02 |       549 |      7.3 |        38
   5 |     158.13 |       548 |      7.3 |        46
   6 |     188.85 |       549 |      7.3 |        53
   7 |     218.49 |       548 |      7.3 |        60
   8 |     249.18 |       538 |      7.4 |        68
   9 |     279.60 |       551 |      7.3 |        75
  10 |     308.02 |       549 |      7.3 |        82
  11 |     335.76 |       551 |      7.3 |        89
  12 |     363.55 |       550 |      7.3 |        97
  13 |     387.55 |       537 |      7.4 |       104
  14 |     410.12 |       550 |      7.3 |       111
  [UPOZORENJE] MeanStdFilter nije pronađen — obs se šalju nenormalizovane.
  [Evolution] Iter 15 | nagrada≈300
  15 |     427.76 |       550 |      7.3 |       120
  16 |     447.99 |       551 |      7.3 |       127
  17 |     465.30 |       550 |      7.3 |       134

  Ciljna nagrada 450 dostignuta za 134s!

  Checkpoint sačuvan: /home/ubuntu/master-rad/results/checkpoints/ppo_cartpole_w0

  Generiše GIF-ove → /home/ubuntu/master-rad/results/gifs/cartpole
    Slučajan agent: nagrada=18
  GIF: /home/ubuntu/master-rad/results/gifs/cartpole/random_agent.gif  (18 frejmova, 14 KB)
    Naučen agent (Ray w=0): nagrada=500
  GIF: /home/ubuntu/master-rad/results/gifs/cartpole/ray_w0_trained.gif  (500 frejmova, 109 KB)
  GIF: /home/ubuntu/master-rad/results/gifs/cartpole/ray_w0_evolution.gif  (735 frejmova, 305 KB)

Prosečni throughput: 546 koraka/sec
Metrike: /home/ubuntu/master-rad/results/ray_rllib_CartPole-v1_w0.json

>>> Evaluacija (10 epizoda) | ppo_w0

============================================================
  Evaluacija agenta (Policy inference, bez Ray workera)
  Checkpoint:  /home/ubuntu/master-rad/results/checkpoints/ppo_cartpole_w0
  Env:         CartPole-v1
  Epizode:     10
============================================================

 Epizoda |    Nagrada
----------------------
       1 |     500.00
       2 |     500.00
       3 |     500.00
       4 |     500.00
       5 |     500.00
       6 |     500.00
       7 |     500.00
       8 |     500.00
       9 |     500.00
      10 |     500.00

────────────────────────────────────────
  Prosek:  500.00  ±  0.00  (std)
  Min:     500.00
  Max:     500.00
────────────────────────────────────────

  GIF: /home/ubuntu/master-rad/results/gifs/cartpole/ppo_w0_best.gif  (500 frejmova, 112 KB)
  Best epizoda (500) sačuvana: /home/ubuntu/master-rad/results/gifs/cartpole/ppo_w0_best.gif
  ppo_w0: mean=500.00 ± 0.00

>>> PPO | env_runners=1 | CartPole-v1
Lokalni Ray klaster podignut.

=================================================================
  Ray RLlib PPO
  Env:         CartPole-v1
  EnvRunners:  1  ← paralelni procesi
  BatchSize:   4000 koraka/iter
  SGD itera.:  30  (SB3: n_epochs)
  NormObs:     False
  Cilj:        nagrada >= 450
  PPO params:  lr=0.0003, gamma=0.99, ent_coef=0.0, clip=0.2
  GIF-ovi:     /home/ubuntu/master-rad/results/gifs/cartpole
=================================================================

Iter |     Reward |   Steps/s |  Iter(s) |  Total(s)
------------------------------------------------------------

  Snimam random agenta (pre treninga)...
  → nagrada=14
   0 |      22.07 |       535 |      7.5 |        10
   1 |      40.70 |       530 |      7.6 |        18
   2 |      64.41 |       541 |      7.4 |        25
   3 |      89.07 |       544 |      7.4 |        33
   4 |     121.42 |       544 |      7.4 |        40
   5 |     153.71 |       540 |      7.4 |        47
   6 |     180.78 |       543 |      7.4 |        55
   7 |     213.40 |       541 |      7.4 |        62
   8 |     243.91 |       530 |      7.5 |        70
   9 |     278.83 |       542 |      7.4 |        77
  10 |     309.67 |       543 |      7.4 |        85
  11 |     337.37 |       540 |      7.4 |        92
  12 |     370.87 |       542 |      7.4 |        99
  13 |     389.71 |       540 |      7.4 |       107
  14 |     415.88 |       529 |      7.6 |       114
  [UPOZORENJE] MeanStdFilter nije pronađen — obs se šalju nenormalizovane.
  [Evolution] Iter 15 | nagrada≈300
  15 |     438.74 |       540 |      7.4 |       122
  16 |     457.94 |       540 |      7.4 |       130

  Ciljna nagrada 450 dostignuta za 130s!

  Checkpoint sačuvan: /home/ubuntu/master-rad/results/checkpoints/ppo_cartpole_w1

  Generiše GIF-ove → /home/ubuntu/master-rad/results/gifs/cartpole
    Naučen agent (Ray w=1): nagrada=500
  GIF: /home/ubuntu/master-rad/results/gifs/cartpole/ray_w1_trained.gif  (500 frejmova, 117 KB)
  GIF: /home/ubuntu/master-rad/results/gifs/cartpole/ray_w1_evolution.gif  (738 frejmova, 303 KB)

Prosečni throughput: 539 koraka/sec
Metrike: /home/ubuntu/master-rad/results/ray_rllib_CartPole-v1_w1.json

>>> Evaluacija (10 epizoda) | ppo_w1

============================================================
  Evaluacija agenta (Policy inference, bez Ray workera)
  Checkpoint:  /home/ubuntu/master-rad/results/checkpoints/ppo_cartpole_w1
  Env:         CartPole-v1
  Epizode:     10
============================================================

 Epizoda |    Nagrada
----------------------
       1 |     500.00
       2 |     500.00
       3 |     500.00
       4 |     500.00
       5 |     500.00
       6 |     500.00
       7 |     500.00
       8 |     500.00
       9 |     500.00
      10 |     500.00

────────────────────────────────────────
  Prosek:  500.00  ±  0.00  (std)
  Min:     500.00
  Max:     500.00
────────────────────────────────────────

  GIF: /home/ubuntu/master-rad/results/gifs/cartpole/ppo_w1_best.gif  (500 frejmova, 110 KB)
  Best epizoda (500) sačuvana: /home/ubuntu/master-rad/results/gifs/cartpole/ppo_w1_best.gif
  ppo_w1: mean=500.00 ± 0.00

>>> PPO | env_runners=2 | CartPole-v1
Lokalni Ray klaster podignut.

=================================================================
  Ray RLlib PPO
  Env:         CartPole-v1
  EnvRunners:  2  ← paralelni procesi
  BatchSize:   4000 koraka/iter
  SGD itera.:  30  (SB3: n_epochs)
  NormObs:     False
  Cilj:        nagrada >= 450
  PPO params:  lr=0.0003, gamma=0.99, ent_coef=0.0, clip=0.2
  GIF-ovi:     /home/ubuntu/master-rad/results/gifs/cartpole
=================================================================

Iter |     Reward |   Steps/s |  Iter(s) |  Total(s)
------------------------------------------------------------

  Snimam random agenta (pre treninga)...
  → nagrada=22
   0 |      22.32 |       685 |      5.8 |         9
   1 |      37.10 |       691 |      5.8 |        15
   2 |      57.30 |       691 |      5.8 |        21
   3 |      86.83 |       678 |      5.9 |        26
   4 |     120.37 |       692 |      5.8 |        32
   5 |     149.12 |       691 |      5.8 |        38
   6 |     176.99 |       694 |      5.8 |        44
   7 |     212.65 |       691 |      5.8 |        50
   8 |     245.61 |       697 |      5.7 |        55
   9 |     273.19 |       692 |      5.8 |        61
  10 |     302.38 |       695 |      5.8 |        67
  11 |     331.39 |       673 |      5.9 |        73
  12 |     361.14 |       687 |      5.8 |        79
  13 |     383.29 |       692 |      5.8 |        84
  14 |     407.55 |       695 |      5.8 |        90
  [UPOZORENJE] MeanStdFilter nije pronađen — obs se šalju nenormalizovane.
  [Evolution] Iter 15 | nagrada≈300
  15 |     426.28 |       692 |      5.8 |        97
  16 |     441.57 |       691 |      5.8 |       103
  17 |     456.30 |       669 |      6.0 |       108

  Ciljna nagrada 450 dostignuta za 108s!

  Checkpoint sačuvan: /home/ubuntu/master-rad/results/checkpoints/ppo_cartpole_w2

  Generiše GIF-ove → /home/ubuntu/master-rad/results/gifs/cartpole
    Naučen agent (Ray w=2): nagrada=500
  GIF: /home/ubuntu/master-rad/results/gifs/cartpole/ray_w2_trained.gif  (500 frejmova, 120 KB)
  GIF: /home/ubuntu/master-rad/results/gifs/cartpole/ray_w2_evolution.gif  (746 frejmova, 320 KB)

Prosečni throughput: 689 koraka/sec
Metrike: /home/ubuntu/master-rad/results/ray_rllib_CartPole-v1_w2.json

>>> Evaluacija (10 epizoda) | ppo_w2

============================================================
  Evaluacija agenta (Policy inference, bez Ray workera)
  Checkpoint:  /home/ubuntu/master-rad/results/checkpoints/ppo_cartpole_w2
  Env:         CartPole-v1
  Epizode:     10
============================================================

 Epizoda |    Nagrada
----------------------
       1 |     500.00
       2 |     500.00
       3 |     500.00
       4 |     500.00
       5 |     500.00
       6 |     500.00
       7 |     500.00
       8 |     500.00
       9 |     500.00
      10 |     500.00

────────────────────────────────────────
  Prosek:  500.00  ±  0.00  (std)
  Min:     500.00
  Max:     500.00
────────────────────────────────────────

  GIF: /home/ubuntu/master-rad/results/gifs/cartpole/ppo_w2_best.gif  (500 frejmova, 108 KB)
  Best epizoda (500) sačuvana: /home/ubuntu/master-rad/results/gifs/cartpole/ppo_w2_best.gif
  ppo_w2: mean=500.00 ± 0.00

>>> PPO | env_runners=4 | CartPole-v1
Lokalni Ray klaster podignut.

=================================================================
  Ray RLlib PPO
  Env:         CartPole-v1
  EnvRunners:  4  ← paralelni procesi
  BatchSize:   4000 koraka/iter
  SGD itera.:  30  (SB3: n_epochs)
  NormObs:     False
  Cilj:        nagrada >= 450
  PPO params:  lr=0.0003, gamma=0.99, ent_coef=0.0, clip=0.2
  GIF-ovi:     /home/ubuntu/master-rad/results/gifs/cartpole
=================================================================

Iter |     Reward |   Steps/s |  Iter(s) |  Total(s)
------------------------------------------------------------

  Snimam random agenta (pre treninga)...
  → nagrada=41
   0 |      21.02 |       806 |      5.0 |         8
   1 |      33.34 |       815 |      4.9 |        13
   2 |      55.82 |       815 |      4.9 |        18
   3 |      84.31 |       815 |      4.9 |        23
   4 |     120.42 |       815 |      4.9 |        28
   5 |     153.93 |       816 |      4.9 |        33
   6 |     179.05 |       784 |      5.1 |        38
   7 |     210.12 |       811 |      4.9 |        43
   8 |     246.32 |       810 |      4.9 |        48
   9 |     275.40 |       804 |      5.0 |        53
  10 |     312.24 |       802 |      5.0 |        58
  11 |     340.97 |       810 |      4.9 |        63
  12 |     365.86 |       785 |      5.1 |        68
  13 |     399.56 |       809 |      4.9 |        73
  14 |     422.86 |       811 |      4.9 |        78
  [UPOZORENJE] MeanStdFilter nije pronađen — obs se šalju nenormalizovane.
  [Evolution] Iter 15 | nagrada≈300
  15 |     443.22 |       810 |      4.9 |        83
  16 |     459.48 |       812 |      4.9 |        88

  Ciljna nagrada 450 dostignuta za 88s!

  Checkpoint sačuvan: /home/ubuntu/master-rad/results/checkpoints/ppo_cartpole_w4

  Generiše GIF-ove → /home/ubuntu/master-rad/results/gifs/cartpole
    Naučen agent (Ray w=4): nagrada=500
  GIF: /home/ubuntu/master-rad/results/gifs/cartpole/ray_w4_trained.gif  (500 frejmova, 122 KB)
  GIF: /home/ubuntu/master-rad/results/gifs/cartpole/ray_w4_evolution.gif  (765 frejmova, 307 KB)

Prosečni throughput: 808 koraka/sec
Metrike: /home/ubuntu/master-rad/results/ray_rllib_CartPole-v1_w4.json

>>> Evaluacija (10 epizoda) | ppo_w4

============================================================
  Evaluacija agenta (Policy inference, bez Ray workera)
  Checkpoint:  /home/ubuntu/master-rad/results/checkpoints/ppo_cartpole_w4
  Env:         CartPole-v1
  Epizode:     10
============================================================

 Epizoda |    Nagrada
----------------------
       1 |     500.00
       2 |     500.00
       3 |     500.00
       4 |     500.00
       5 |     500.00
       6 |     500.00
       7 |     500.00
       8 |     500.00
       9 |     500.00
      10 |     500.00

────────────────────────────────────────
  Prosek:  500.00  ±  0.00  (std)
  Min:     500.00
  Max:     500.00
────────────────────────────────────────

  GIF: /home/ubuntu/master-rad/results/gifs/cartpole/ppo_w4_best.gif  (500 frejmova, 137 KB)
  Best epizoda (500) sačuvana: /home/ubuntu/master-rad/results/gifs/cartpole/ppo_w4_best.gif
  ppo_w4: mean=500.00 ± 0.00

>>> PPO | env_runners=8 | CartPole-v1
Lokalni Ray klaster podignut.

=================================================================
  Ray RLlib PPO
  Env:         CartPole-v1
  EnvRunners:  8  ← paralelni procesi
  BatchSize:   4000 koraka/iter
  SGD itera.:  30  (SB3: n_epochs)
  NormObs:     False
  Cilj:        nagrada >= 450
  PPO params:  lr=0.0003, gamma=0.99, ent_coef=0.0, clip=0.2
  GIF-ovi:     /home/ubuntu/master-rad/results/gifs/cartpole
=================================================================

Iter |     Reward |   Steps/s |  Iter(s) |  Total(s)
------------------------------------------------------------

  Snimam random agenta (pre treninga)...
  → nagrada=11
   0 |      21.81 |       883 |      4.5 |         8
   1 |      39.47 |       854 |      4.7 |        13
   2 |      58.26 |       886 |      4.5 |        17
   3 |      87.88 |       887 |      4.5 |        22
   4 |     112.73 |       884 |      4.5 |        26
   5 |     143.84 |       880 |      4.5 |        31
   6 |     167.86 |       882 |      4.5 |        35
   7 |     198.70 |       884 |      4.5 |        40
   8 |     222.96 |       853 |      4.7 |        45
   9 |     254.11 |       873 |      4.6 |        49
  10 |     283.02 |       884 |      4.5 |        54
  11 |     313.62 |       881 |      4.5 |        58
  12 |     341.91 |       881 |      4.5 |        63
  13 |     365.50 |       883 |      4.5 |        67
  14 |     390.19 |       886 |      4.5 |        72
  [UPOZORENJE] MeanStdFilter nije pronađen — obs se šalju nenormalizovane.
  [Evolution] Iter 15 | nagrada≈300
  15 |     407.93 |       852 |      4.7 |        77
  16 |     430.95 |       878 |      4.6 |        82
  17 |     451.20 |       885 |      4.5 |        86

  Ciljna nagrada 450 dostignuta za 86s!

  Checkpoint sačuvan: /home/ubuntu/master-rad/results/checkpoints/ppo_cartpole_w8

  Generiše GIF-ove → /home/ubuntu/master-rad/results/gifs/cartpole
    Naučen agent (Ray w=8): nagrada=500
  GIF: /home/ubuntu/master-rad/results/gifs/cartpole/ray_w8_trained.gif  (500 frejmova, 112 KB)
  GIF: /home/ubuntu/master-rad/results/gifs/cartpole/ray_w8_evolution.gif  (735 frejmova, 315 KB)

Prosečni throughput: 878 koraka/sec
Metrike: /home/ubuntu/master-rad/results/ray_rllib_CartPole-v1_w8.json

>>> Evaluacija (10 epizoda) | ppo_w8

============================================================
  Evaluacija agenta (Policy inference, bez Ray workera)
  Checkpoint:  /home/ubuntu/master-rad/results/checkpoints/ppo_cartpole_w8
  Env:         CartPole-v1
  Epizode:     10
============================================================

 Epizoda |    Nagrada
----------------------
       1 |     500.00
       2 |     500.00
       3 |     500.00
       4 |     500.00
       5 |     500.00
       6 |     500.00
       7 |     500.00
       8 |     500.00
       9 |     500.00
      10 |     500.00

────────────────────────────────────────
  Prosek:  500.00  ±  0.00  (std)
  Min:     500.00
  Max:     500.00
────────────────────────────────────────

  GIF: /home/ubuntu/master-rad/results/gifs/cartpole/ppo_w8_best.gif  (500 frejmova, 125 KB)
  Best epizoda (500) sačuvana: /home/ubuntu/master-rad/results/gifs/cartpole/ppo_w8_best.gif
  ppo_w8: mean=500.00 ± 0.00

>>> PPO | env_runners=16 | CartPole-v1
Lokalni Ray klaster podignut.

=================================================================
  Ray RLlib PPO
  Env:         CartPole-v1
  EnvRunners:  16  ← paralelni procesi
  BatchSize:   4000 koraka/iter
  SGD itera.:  30  (SB3: n_epochs)
  NormObs:     False
  Cilj:        nagrada >= 450
  PPO params:  lr=0.0003, gamma=0.99, ent_coef=0.0, clip=0.2
  GIF-ovi:     /home/ubuntu/master-rad/results/gifs/cartpole
=================================================================

Iter |     Reward |   Steps/s |  Iter(s) |  Total(s)
------------------------------------------------------------

  Snimam random agenta (pre treninga)...
  → nagrada=23
   0 |      23.69 |       883 |      4.5 |        10
   1 |      34.39 |       886 |      4.5 |        15
   2 |      55.45 |       889 |      4.5 |        19
   3 |      81.20 |       859 |      4.7 |        24
   4 |     110.03 |       889 |      4.5 |        28
   5 |     132.29 |       880 |      4.5 |        33
   6 |     161.01 |       881 |      4.5 |        37
   7 |     184.25 |       886 |      4.5 |        42
   8 |     207.26 |       888 |      4.5 |        46
   9 |     230.04 |       884 |      4.5 |        51
  10 |     259.11 |       850 |      4.7 |        56
  11 |     289.39 |       881 |      4.5 |        60
  12 |     315.00 |       872 |      4.6 |        65
  13 |     338.60 |       881 |      4.5 |        69
  14 |     363.23 |       883 |      4.5 |        74
  [UPOZORENJE] MeanStdFilter nije pronađen — obs se šalju nenormalizovane.
  [Evolution] Iter 15 | nagrada≈300
  15 |     385.75 |       885 |      4.5 |        79
  16 |     403.54 |       889 |      4.5 |        84
  17 |     425.37 |       854 |      4.7 |        88
  18 |     444.11 |       876 |      4.6 |        93
  19 |     467.55 |       878 |      4.6 |        97

  Ciljna nagrada 450 dostignuta za 97s!

  Checkpoint sačuvan: /home/ubuntu/master-rad/results/checkpoints/ppo_cartpole_w16

  Generiše GIF-ove → /home/ubuntu/master-rad/results/gifs/cartpole
    Naučen agent (Ray w=16): nagrada=500
  GIF: /home/ubuntu/master-rad/results/gifs/cartpole/ray_w16_trained.gif  (500 frejmova, 112 KB)
  GIF: /home/ubuntu/master-rad/results/gifs/cartpole/ray_w16_evolution.gif  (747 frejmova, 365 KB)

Prosečni throughput: 879 koraka/sec
Metrike: /home/ubuntu/master-rad/results/ray_rllib_CartPole-v1_w16.json

>>> Evaluacija (10 epizoda) | ppo_w16

============================================================
  Evaluacija agenta (Policy inference, bez Ray workera)
  Checkpoint:  /home/ubuntu/master-rad/results/checkpoints/ppo_cartpole_w16
  Env:         CartPole-v1
  Epizode:     10
============================================================

 Epizoda |    Nagrada
----------------------
       1 |     500.00
       2 |     500.00
       3 |     500.00
       4 |     500.00
       5 |     500.00
       6 |     500.00
       7 |     500.00
       8 |     500.00
       9 |     500.00
      10 |     500.00

────────────────────────────────────────
  Prosek:  500.00  ±  0.00  (std)
  Min:     500.00
  Max:     500.00
────────────────────────────────────────

  GIF: /home/ubuntu/master-rad/results/gifs/cartpole/ppo_w16_best.gif  (500 frejmova, 106 KB)
  Best epizoda (500) sačuvana: /home/ubuntu/master-rad/results/gifs/cartpole/ppo_w16_best.gif
  ppo_w16: mean=500.00 ± 0.00

>>> APPO | env_runners=0 | CartPole-v1
  [INFO] APPO zahteva num_env_runners >= 1. Postavljam na 1 (bilo: 0).
Lokalni Ray klaster podignut.

=================================================================
  Ray RLlib APPO  (async PPO)
  Env:              CartPole-v1
  EnvRunners:       1  ← asinhroni procesi
  BatchSize:        4000 koraka/iter
  RolloutFragment:  50 koraka/worker/slanje
  Cilj:             nagrada >= 450
  NormObs:          False
  lr:               0.0005
  num_sgd_iter:     1  ← SGD prolaza/batchu
  clip_param:       0.4  ← PPO clipping
  vtrace:           True  ← RLlib APPO zahteva V-trace
  entropy_coeff:    0.01
  gae_lambda:       0.95
  grad_clip:        40
  min_sample/iter:  4000 koraka
  Ukupno koraka:    ~320k (80 itera)
  GIF-ovi:          /home/ubuntu/master-rad/results/gifs/cartpole
=================================================================

Iter |     Reward |   Steps/s |  Iter(s) |  Total(s)
------------------------------------------------------------

  Snimam random agenta (pre treninga)...
  → nagrada=12
   0 |      20.55 |      1152 |      3.5 |         6
   1 |      23.80 |      1145 |      3.5 |        10
   2 |      24.11 |      1150 |      3.5 |        13
   3 |      24.88 |      1146 |      3.5 |        17
   4 |      28.90 |      1149 |      3.5 |        20
   5 |      29.89 |      1153 |      3.5 |        24
   6 |      34.61 |      1155 |      3.5 |        27
   7 |      39.77 |      1159 |      3.5 |        31
   8 |      45.15 |      1160 |      3.4 |        34
   9 |      43.07 |      1159 |      3.5 |        38
  10 |      48.01 |      1162 |      3.4 |        41
  11 |      53.60 |      1165 |      3.4 |        45
  12 |      59.85 |      1167 |      3.4 |        48
  13 |      65.43 |      1166 |      3.4 |        51
  14 |      62.98 |      1170 |      3.4 |        55
  [UPOZORENJE] MeanStdFilter nije pronađen — obs se šalju nenormalizovane.
  [Evolution] Iter 15 | nagrada≈81
  15 |      68.05 |      1168 |      3.4 |        59
  16 |      76.97 |      1169 |      3.4 |        62
  17 |      84.68 |      1168 |      3.4 |        65
  18 |      92.89 |      1173 |      3.4 |        69
  19 |     100.49 |      1176 |      3.4 |        72
  20 |     111.17 |      1179 |      3.4 |        76
  21 |     118.52 |      1178 |      3.4 |        79
  22 |     129.75 |      1177 |      3.4 |        82
  23 |     141.18 |      1179 |      3.4 |        86
  24 |     154.55 |      1180 |      3.4 |        89
  25 |     166.34 |      1180 |      3.4 |        93
  26 |     172.67 |      1177 |      3.4 |        96
  27 |     181.82 |      1179 |      3.4 |        99
  28 |     196.64 |      1180 |      3.4 |       103
  29 |     206.70 |      1179 |      3.4 |       106
  [Evolution] Iter 30 | nagrada≈300
  30 |     213.96 |      1176 |      3.4 |       110
  31 |     220.06 |      1175 |      3.4 |       114
  32 |     232.24 |      1174 |      3.4 |       117
  33 |     231.21 |      1175 |      3.4 |       121
  34 |     225.69 |      1178 |      3.4 |       124
  35 |     229.05 |      1131 |      3.5 |       127
  36 |     225.70 |      1176 |      3.4 |       131
  37 |     222.51 |      1180 |      3.4 |       134
  38 |     216.00 |      1181 |      3.4 |       138
  39 |     222.78 |      1178 |      3.4 |       141
  40 |     218.07 |      1178 |      3.4 |       144
  41 |     211.43 |      1181 |      3.4 |       148
  42 |     208.58 |      1181 |      3.4 |       151
  43 |     210.52 |      1183 |      3.4 |       155
  44 |     206.33 |      1181 |      3.4 |       158
  [Evolution] Iter 45 | nagrada≈205
  45 |     207.14 |      1185 |      3.4 |       162
  46 |     208.86 |      1179 |      3.4 |       165
  47 |     206.32 |      1183 |      3.4 |       169
  48 |     202.37 |      1184 |      3.4 |       172
  49 |     210.74 |      1186 |      3.4 |       175
  50 |     214.30 |      1182 |      3.4 |       179
  51 |     215.13 |      1184 |      3.4 |       182
  52 |     229.95 |      1180 |      3.4 |       186
  53 |     242.86 |      1185 |      3.4 |       189
  54 |     247.79 |      1181 |      3.4 |       192
  55 |     250.64 |      1184 |      3.4 |       196
  56 |     255.11 |      1182 |      3.4 |       199
  57 |     255.71 |      1185 |      3.4 |       203
  58 |     244.55 |      1182 |      3.4 |       206
  59 |     239.97 |      1183 |      3.4 |       209
  [Evolution] Iter 60 | nagrada≈186
  60 |     232.32 |      1183 |      3.4 |       213
  61 |     216.42 |      1179 |      3.4 |       217
  62 |     203.28 |      1179 |      3.4 |       220
  63 |     202.03 |      1180 |      3.4 |       223
  64 |     190.96 |      1177 |      3.4 |       227
  65 |     187.41 |      1178 |      3.4 |       230
  66 |     184.45 |      1179 |      3.4 |       234
  67 |     180.85 |      1177 |      3.4 |       237
  68 |     173.34 |      1174 |      3.4 |       240
  69 |     178.46 |      1181 |      3.4 |       244
  70 |     189.59 |      1180 |      3.4 |       247
  71 |     202.36 |      1180 |      3.4 |       251
  72 |     213.07 |      1178 |      3.4 |       254
  73 |     222.96 |      1185 |      3.4 |       257
  74 |     230.80 |      1189 |      3.4 |       261
  [Evolution] Iter 75 | nagrada≈300
  75 |     244.91 |      1186 |      3.4 |       265
  76 |     250.69 |      1188 |      3.4 |       268
  77 |     246.42 |      1187 |      3.4 |       272
  78 |     256.09 |      1130 |      3.5 |       275
  79 |     269.39 |      1171 |      3.4 |       279

  Checkpoint sačuvan: /home/ubuntu/master-rad/results/checkpoints/appo_cartpole_w0

  Generiše GIF-ove → /home/ubuntu/master-rad/results/gifs/cartpole
    Naučen agent (APPO w=1): nagrada=402
  GIF: /home/ubuntu/master-rad/results/gifs/cartpole/appo_w1_trained.gif  (402 frejmova, 265 KB)
  GIF: /home/ubuntu/master-rad/results/gifs/cartpole/appo_w1_evolution.gif  (1511 frejmova, 1292 KB)

Prosečni throughput: 1174 koraka/sec
Metrike: /home/ubuntu/master-rad/results/appo_CartPole-v1_w1.json

>>> Evaluacija (10 epizoda) | appo_w0

============================================================
  Evaluacija agenta (Policy inference, bez Ray workera)
  Checkpoint:  /home/ubuntu/master-rad/results/checkpoints/appo_cartpole_w0
  Env:         CartPole-v1
  Epizode:     10
============================================================

 Epizoda |    Nagrada
----------------------
       1 |     299.00
       2 |     500.00
       3 |     281.00
       4 |     493.00
       5 |     470.00
       6 |     500.00
       7 |     349.00
       8 |     438.00
       9 |     500.00
      10 |     500.00

────────────────────────────────────────
  Prosek:  433.00  ±  84.30  (std)
  Min:     281.00
  Max:     500.00
────────────────────────────────────────

  GIF: /home/ubuntu/master-rad/results/gifs/cartpole/appo_w0_best.gif  (500 frejmova, 134 KB)
  Best epizoda (500) sačuvana: /home/ubuntu/master-rad/results/gifs/cartpole/appo_w0_best.gif
  appo_w0: mean=433.00 ± 84.30

>>> APPO | env_runners=1 | CartPole-v1
Lokalni Ray klaster podignut.

=================================================================
  Ray RLlib APPO  (async PPO)
  Env:              CartPole-v1
  EnvRunners:       1  ← asinhroni procesi
  BatchSize:        4000 koraka/iter
  RolloutFragment:  50 koraka/worker/slanje
  Cilj:             nagrada >= 450
  NormObs:          False
  lr:               0.0005
  num_sgd_iter:     1  ← SGD prolaza/batchu
  clip_param:       0.4  ← PPO clipping
  vtrace:           True  ← RLlib APPO zahteva V-trace
  entropy_coeff:    0.01
  gae_lambda:       0.95
  grad_clip:        40
  min_sample/iter:  4000 koraka
  Ukupno koraka:    ~320k (80 itera)
  GIF-ovi:          /home/ubuntu/master-rad/results/gifs/cartpole
=================================================================

Iter |     Reward |   Steps/s |  Iter(s) |  Total(s)
------------------------------------------------------------

  Snimam random agenta (pre treninga)...
  → nagrada=15
   0 |      22.64 |      1161 |      3.4 |         6
   1 |      22.38 |      1145 |      3.5 |        10
   2 |      25.00 |      1142 |      3.5 |        13
   3 |      25.51 |      1144 |      3.5 |        17
   4 |      28.11 |      1153 |      3.5 |        20
   5 |      30.33 |      1156 |      3.5 |        24
   6 |      38.69 |      1160 |      3.4 |        27
   7 |      36.37 |      1160 |      3.4 |        31
   8 |      44.05 |      1165 |      3.4 |        34
   9 |      45.41 |      1164 |      3.4 |        38
  10 |      48.60 |      1163 |      3.4 |        41
  11 |      55.12 |      1167 |      3.4 |        44
  12 |      57.47 |      1168 |      3.4 |        48
  13 |      66.90 |      1116 |      3.6 |        52
  14 |      75.21 |      1175 |      3.4 |        55
  [UPOZORENJE] MeanStdFilter nije pronađen — obs se šalju nenormalizovane.
  [Evolution] Iter 15 | nagrada≈196
  15 |      74.52 |      1171 |      3.4 |        59
  16 |      73.15 |      1169 |      3.4 |        62
  17 |      80.38 |      1174 |      3.4 |        66
  18 |      88.35 |      1173 |      3.4 |        69
  19 |     101.87 |      1172 |      3.4 |        73
  20 |     110.79 |      1175 |      3.4 |        76
  21 |     122.54 |      1171 |      3.4 |        79
  22 |     126.63 |      1174 |      3.4 |        83
  23 |     134.10 |      1176 |      3.4 |        86
  24 |     143.59 |      1174 |      3.4 |        90
  25 |     142.50 |      1174 |      3.4 |        93
  26 |     150.73 |      1177 |      3.4 |        96
  27 |     159.56 |      1176 |      3.4 |       100
  28 |     167.10 |      1178 |      3.4 |       103
  29 |     179.00 |      1179 |      3.4 |       107
  [Evolution] Iter 30 | nagrada≈300
  30 |     187.23 |      1179 |      3.4 |       111
  31 |     205.34 |      1183 |      3.4 |       114
  32 |     216.05 |      1177 |      3.4 |       118
  33 |     233.40 |      1178 |      3.4 |       121
  34 |     238.81 |      1180 |      3.4 |       124
  35 |     244.80 |      1131 |      3.5 |       128
  36 |     248.24 |      1181 |      3.4 |       131
  37 |     235.62 |      1179 |      3.4 |       135
  38 |     220.61 |      1176 |      3.4 |       138
  39 |     210.73 |      1177 |      3.4 |       141
  40 |     201.59 |      1180 |      3.4 |       145
  41 |     190.53 |      1178 |      3.4 |       148
  42 |     185.61 |      1175 |      3.4 |       152
  43 |     191.86 |      1179 |      3.4 |       155
  44 |     196.86 |      1173 |      3.4 |       158
  [Evolution] Iter 45 | nagrada≈275
  45 |     207.15 |      1174 |      3.4 |       163
  46 |     217.44 |      1169 |      3.4 |       166
  47 |     228.04 |      1173 |      3.4 |       169
  48 |     240.08 |      1180 |      3.4 |       173
  49 |     246.25 |      1175 |      3.4 |       176
  50 |     252.96 |      1172 |      3.4 |       180
  51 |     254.24 |      1176 |      3.4 |       183
  52 |     260.42 |      1177 |      3.4 |       186
  53 |     266.62 |      1177 |      3.4 |       190
  54 |     268.01 |      1173 |      3.4 |       193
  55 |     261.65 |      1173 |      3.4 |       197
  56 |     256.49 |      1180 |      3.4 |       200
  57 |     250.15 |      1181 |      3.4 |       203
  58 |     252.31 |      1179 |      3.4 |       207
  59 |     254.20 |      1180 |      3.4 |       210
  [Evolution] Iter 60 | nagrada≈300
  60 |     254.72 |      1180 |      3.4 |       214
  61 |     258.53 |      1178 |      3.4 |       218
  62 |     265.53 |      1178 |      3.4 |       221
  63 |     266.76 |      1179 |      3.4 |       225
  64 |     265.74 |      1180 |      3.4 |       228
  65 |     260.52 |      1181 |      3.4 |       231
  66 |     251.17 |      1179 |      3.4 |       235
  67 |     246.27 |      1179 |      3.4 |       238
  68 |     250.33 |      1177 |      3.4 |       242
  69 |     256.14 |      1179 |      3.4 |       245
  70 |     257.08 |      1180 |      3.4 |       248
  71 |     247.80 |      1176 |      3.4 |       252
  72 |     252.49 |      1176 |      3.4 |       255
  73 |     263.97 |      1177 |      3.4 |       259
  74 |     264.34 |      1177 |      3.4 |       262
  [Evolution] Iter 75 | nagrada≈300
  75 |     251.88 |      1180 |      3.4 |       266
  76 |     258.54 |      1178 |      3.4 |       270
  77 |     263.51 |      1178 |      3.4 |       273
  78 |     267.37 |      1177 |      3.4 |       276
  79 |     274.60 |      1130 |      3.5 |       280

  Checkpoint sačuvan: /home/ubuntu/master-rad/results/checkpoints/appo_cartpole_w1

  Generiše GIF-ove → /home/ubuntu/master-rad/results/gifs/cartpole
    Naučen agent (APPO w=1): nagrada=500
  GIF: /home/ubuntu/master-rad/results/gifs/cartpole/appo_w1_trained.gif  (500 frejmova, 172 KB)
  GIF: /home/ubuntu/master-rad/results/gifs/cartpole/appo_w1_evolution.gif  (1858 frejmova, 1357 KB)

Prosečni throughput: 1172 koraka/sec
Metrike: /home/ubuntu/master-rad/results/appo_CartPole-v1_w1.json

>>> Evaluacija (10 epizoda) | appo_w1

============================================================
  Evaluacija agenta (Policy inference, bez Ray workera)
  Checkpoint:  /home/ubuntu/master-rad/results/checkpoints/appo_cartpole_w1
  Env:         CartPole-v1
  Epizode:     10
============================================================

 Epizoda |    Nagrada
----------------------
       1 |     500.00
       2 |     500.00
       3 |     423.00
       4 |     500.00
       5 |     400.00
       6 |     500.00
       7 |     500.00
       8 |     500.00
       9 |     500.00
      10 |     500.00

────────────────────────────────────────
  Prosek:  482.30  ±  35.77  (std)
  Min:     400.00
  Max:     500.00
────────────────────────────────────────

  GIF: /home/ubuntu/master-rad/results/gifs/cartpole/appo_w1_best.gif  (500 frejmova, 137 KB)
  Best epizoda (500) sačuvana: /home/ubuntu/master-rad/results/gifs/cartpole/appo_w1_best.gif
  appo_w1: mean=482.30 ± 35.77

>>> APPO | env_runners=2 | CartPole-v1
Lokalni Ray klaster podignut.

=================================================================
  Ray RLlib APPO  (async PPO)
  Env:              CartPole-v1
  EnvRunners:       2  ← asinhroni procesi
  BatchSize:        4000 koraka/iter
  RolloutFragment:  50 koraka/worker/slanje
  Cilj:             nagrada >= 450
  NormObs:          False
  lr:               0.0005
  num_sgd_iter:     1  ← SGD prolaza/batchu
  clip_param:       0.4  ← PPO clipping
  vtrace:           True  ← RLlib APPO zahteva V-trace
  entropy_coeff:    0.01
  gae_lambda:       0.95
  grad_clip:        40
  min_sample/iter:  4000 koraka
  Ukupno koraka:    ~320k (80 itera)
  GIF-ovi:          /home/ubuntu/master-rad/results/gifs/cartpole
=================================================================

Iter |     Reward |   Steps/s |  Iter(s) |  Total(s)
------------------------------------------------------------

  Snimam random agenta (pre treninga)...
  → nagrada=13
   0 |      21.22 |      2208 |      1.8 |         5
   1 |      22.15 |      2224 |      1.8 |         7
   2 |      24.93 |      2239 |      1.8 |         8
   3 |      25.92 |      2236 |      1.8 |        10
   4 |      28.40 |      2239 |      1.8 |        12
   5 |      30.48 |      2254 |      1.8 |        14
   6 |      33.93 |      2242 |      1.8 |        16
   7 |      37.37 |      2253 |      1.8 |        17
   8 |      44.16 |      2266 |      1.8 |        19
   9 |      45.18 |      2255 |      1.8 |        21
  10 |      47.57 |      2268 |      1.8 |        23
  11 |      56.94 |      2246 |      1.8 |        24
  12 |      54.68 |      2282 |      1.8 |        26
  13 |      60.33 |      2290 |      1.7 |        28
  14 |      66.51 |      2315 |      1.7 |        30
  [UPOZORENJE] MeanStdFilter nije pronađen — obs se šalju nenormalizovane.
  [Evolution] Iter 15 | nagrada≈169
  15 |      74.76 |      2318 |      1.7 |        32
  16 |      85.21 |      2329 |      1.7 |        34
  17 |      88.92 |      2321 |      1.7 |        35
  18 |      98.89 |      2315 |      1.7 |        37
  19 |     101.61 |      2321 |      1.7 |        39
  20 |     113.16 |      2334 |      1.7 |        41
  21 |     120.67 |      2325 |      1.7 |        42
  22 |     134.93 |      2328 |      1.7 |        44
  23 |     147.03 |      2329 |      1.7 |        46
  24 |     154.76 |      2330 |      1.7 |        47
  25 |     164.04 |      2332 |      1.7 |        49
  26 |     171.57 |      2333 |      1.7 |        51
  27 |     181.55 |      2317 |      1.7 |        53
  28 |     190.57 |      2321 |      1.7 |        54
  29 |     204.32 |      2322 |      1.7 |        56
  [Evolution] Iter 30 | nagrada≈300
  30 |     215.02 |      2322 |      1.7 |        59
  31 |     225.64 |      2320 |      1.7 |        60
  32 |     237.66 |      2314 |      1.7 |        62
  33 |     253.79 |      2308 |      1.7 |        64
  34 |     264.96 |      2341 |      1.7 |        65
  35 |     271.09 |      2343 |      1.7 |        67
  36 |     261.51 |      2328 |      1.7 |        69
  37 |     257.28 |      2324 |      1.7 |        71
  38 |     241.73 |      2311 |      1.7 |        72
  39 |     229.07 |      2324 |      1.7 |        74
  40 |     206.62 |      2321 |      1.7 |        76
  41 |     203.51 |      2337 |      1.7 |        77
  42 |     201.51 |      2342 |      1.7 |        79
  43 |     198.43 |      2337 |      1.7 |        81
  44 |     197.55 |      2334 |      1.7 |        83
  [Evolution] Iter 45 | nagrada≈170
  45 |     202.03 |      2340 |      1.7 |        85
  46 |     205.88 |      2342 |      1.7 |        87
  47 |     205.26 |      2338 |      1.7 |        88
  48 |     211.12 |      2345 |      1.7 |        90
  49 |     212.93 |      2342 |      1.7 |        92
  50 |     221.36 |      2341 |      1.7 |        93
  51 |     229.07 |      2333 |      1.7 |        95
  52 |     240.04 |      2338 |      1.7 |        97
  53 |     246.38 |      2308 |      1.7 |        99
  54 |     254.60 |      2327 |      1.7 |       100
  55 |     262.74 |      2335 |      1.7 |       102
  56 |     271.35 |      2345 |      1.7 |       104
  57 |     279.12 |      2324 |      1.7 |       105
  58 |     283.71 |      2320 |      1.7 |       107
  59 |     288.62 |      2320 |      1.7 |       109
  [Evolution] Iter 60 | nagrada≈300
  60 |     289.69 |      2327 |      1.7 |       111
  61 |     298.45 |      2326 |      1.7 |       113
  62 |     296.57 |      2296 |      1.7 |       115
  63 |     288.09 |      2301 |      1.7 |       117
  64 |     285.06 |      2299 |      1.7 |       118
  65 |     284.97 |      2291 |      1.7 |       120
  66 |     270.97 |      2319 |      1.7 |       122
  67 |     254.54 |      2314 |      1.7 |       123
  68 |     249.39 |      2324 |      1.7 |       125
  69 |     242.82 |      2306 |      1.7 |       127
  70 |     235.21 |      2302 |      1.7 |       129
  71 |     231.67 |      2290 |      1.7 |       130
  72 |     228.71 |      2292 |      1.7 |       132
  73 |     222.65 |      2111 |      1.9 |       134
  74 |     222.29 |      2299 |      1.7 |       136
  [Evolution] Iter 75 | nagrada≈300
  75 |     223.30 |      2287 |      1.7 |       138
  76 |     223.44 |      2297 |      1.7 |       140
  77 |     227.20 |      2298 |      1.7 |       142
  78 |     238.80 |      2287 |      1.7 |       144
  79 |     250.83 |      2297 |      1.7 |       145

  Checkpoint sačuvan: /home/ubuntu/master-rad/results/checkpoints/appo_cartpole_w2

  Generiše GIF-ove → /home/ubuntu/master-rad/results/gifs/cartpole
    Naučen agent (APPO w=2): nagrada=362
  GIF: /home/ubuntu/master-rad/results/gifs/cartpole/appo_w2_trained.gif  (362 frejmova, 272 KB)
  GIF: /home/ubuntu/master-rad/results/gifs/cartpole/appo_w2_evolution.gif  (1724 frejmova, 1378 KB)

Prosečni throughput: 2306 koraka/sec
Metrike: /home/ubuntu/master-rad/results/appo_CartPole-v1_w2.json

>>> Evaluacija (10 epizoda) | appo_w2

============================================================
  Evaluacija agenta (Policy inference, bez Ray workera)
  Checkpoint:  /home/ubuntu/master-rad/results/checkpoints/appo_cartpole_w2
  Env:         CartPole-v1
  Epizode:     10
============================================================

 Epizoda |    Nagrada
----------------------
       1 |     500.00
       2 |     500.00
       3 |     500.00
       4 |     389.00
       5 |     378.00
       6 |     500.00
       7 |     500.00
       8 |     269.00
       9 |     325.00
      10 |     340.00

────────────────────────────────────────
  Prosek:  420.10  ±  85.41  (std)
  Min:     269.00
  Max:     500.00
────────────────────────────────────────

  GIF: /home/ubuntu/master-rad/results/gifs/cartpole/appo_w2_best.gif  (500 frejmova, 240 KB)
  Best epizoda (500) sačuvana: /home/ubuntu/master-rad/results/gifs/cartpole/appo_w2_best.gif
  appo_w2: mean=420.10 ± 85.41

>>> APPO | env_runners=4 | CartPole-v1
Lokalni Ray klaster podignut.

=================================================================
  Ray RLlib APPO  (async PPO)
  Env:              CartPole-v1
  EnvRunners:       4  ← asinhroni procesi
  BatchSize:        4000 koraka/iter
  RolloutFragment:  50 koraka/worker/slanje
  Cilj:             nagrada >= 450
  NormObs:          False
  lr:               0.0005
  num_sgd_iter:     1  ← SGD prolaza/batchu
  clip_param:       0.4  ← PPO clipping
  vtrace:           True  ← RLlib APPO zahteva V-trace
  entropy_coeff:    0.01
  gae_lambda:       0.95
  grad_clip:        40
  min_sample/iter:  4000 koraka
  Ukupno koraka:    ~320k (80 itera)
  GIF-ovi:          /home/ubuntu/master-rad/results/gifs/cartpole
=================================================================

Iter |     Reward |   Steps/s |  Iter(s) |  Total(s)
------------------------------------------------------------

  Snimam random agenta (pre treninga)...
  → nagrada=24
   0 |      22.27 |      4193 |      1.0 |         4
   1 |      22.95 |      4337 |      0.9 |         5
   2 |      23.35 |      4318 |      0.9 |         6
   3 |      25.94 |      4356 |      0.9 |         7
   4 |      29.72 |      4329 |      0.9 |         8
   5 |      31.98 |      4389 |      0.9 |         9
   6 |      34.50 |      4388 |      0.9 |        10
   7 |      37.81 |      4246 |      0.9 |        11
   8 |      45.55 |      4363 |      0.9 |        12
   9 |      47.82 |      4334 |      0.9 |        13
  10 |      52.33 |      4426 |      0.9 |        13
  11 |      53.93 |      4459 |      0.9 |        14
  12 |      51.44 |      4470 |      0.9 |        15
  13 |      59.84 |      4409 |      0.9 |        16
  14 |      66.89 |      4439 |      0.9 |        17
  [UPOZORENJE] MeanStdFilter nije pronađen — obs se šalju nenormalizovane.
  [Evolution] Iter 15 | nagrada≈128
  15 |      67.57 |      4410 |      0.9 |        18
  16 |      72.32 |      4432 |      0.9 |        19
  17 |      83.92 |      4411 |      0.9 |        20
  18 |      95.07 |      4437 |      0.9 |        21
  19 |     107.39 |      4444 |      0.9 |        22
  20 |     118.20 |      4462 |      0.9 |        23
  21 |     127.01 |      4297 |      0.9 |        24
  22 |     137.18 |      4404 |      0.9 |        25
  23 |     146.28 |      4481 |      0.9 |        26
  24 |     151.35 |      4386 |      0.9 |        26
  25 |     157.13 |      4505 |      0.9 |        27
  26 |     160.97 |      3731 |      1.1 |        28
  27 |     163.74 |      4516 |      0.9 |        29
  28 |     174.04 |      4495 |      0.9 |        30
  29 |     185.01 |      4364 |      0.9 |        31
  [Evolution] Iter 30 | nagrada≈300
  30 |     198.87 |      4470 |      0.9 |        33
  31 |     217.07 |      4455 |      0.9 |        34
  32 |     234.67 |      4395 |      0.9 |        35
  33 |     250.35 |      4459 |      0.9 |        36
  34 |     261.98 |      4426 |      0.9 |        36
  35 |     273.64 |      4455 |      0.9 |        37
  36 |     273.86 |      4416 |      0.9 |        38
  37 |     271.12 |      4446 |      0.9 |        39
  38 |     265.08 |      4402 |      0.9 |        40
  39 |     253.41 |      4411 |      0.9 |        41
  40 |     243.01 |      4412 |      0.9 |        42
  41 |     236.67 |      4388 |      0.9 |        43
  42 |     234.17 |      4439 |      0.9 |        44
  43 |     227.69 |      4386 |      0.9 |        45
  44 |     226.56 |      4321 |      0.9 |        46
  [Evolution] Iter 45 | nagrada≈202
  45 |     229.05 |      4431 |      0.9 |        47
  46 |     219.21 |      4423 |      0.9 |        48
  47 |     227.18 |      4408 |      0.9 |        49
  48 |     224.28 |      4435 |      0.9 |        50
  49 |     228.95 |      4408 |      0.9 |        51
  50 |     230.78 |      4435 |      0.9 |        52
  51 |     236.47 |      4423 |      0.9 |        52
  52 |     241.21 |      4472 |      0.9 |        53
  53 |     244.44 |      4444 |      0.9 |        54
  54 |     246.90 |      4422 |      0.9 |        55
  55 |     253.93 |      4460 |      0.9 |        56
  56 |     257.88 |      4504 |      0.9 |        57
  57 |     263.23 |      4414 |      0.9 |        58
  58 |     267.98 |      4435 |      0.9 |        59
  59 |     257.71 |      4475 |      0.9 |        60
  [Evolution] Iter 60 | nagrada≈300
  60 |     258.47 |      4481 |      0.9 |        61
  61 |     249.54 |      4466 |      0.9 |        62
  62 |     243.18 |      4467 |      0.9 |        63
  63 |     226.84 |      4443 |      0.9 |        64
  64 |     222.01 |      4445 |      0.9 |        65
  65 |     208.74 |      4451 |      0.9 |        66
  66 |     199.63 |      4390 |      0.9 |        67
  67 |     200.34 |      4372 |      0.9 |        68
  68 |     195.02 |      4471 |      0.9 |        69
  69 |     186.47 |      4451 |      0.9 |        69
  70 |     198.16 |      4441 |      0.9 |        70
  71 |     203.31 |      4464 |      0.9 |        71
  72 |     202.94 |      4499 |      0.9 |        72
  73 |     216.69 |      4384 |      0.9 |        73
  74 |     235.64 |      4465 |      0.9 |        74
  [Evolution] Iter 75 | nagrada≈275
  75 |     252.83 |      4513 |      0.9 |        76
  76 |     265.62 |      4459 |      0.9 |        76
  77 |     269.23 |      4521 |      0.9 |        77
  78 |     277.45 |      4509 |      0.9 |        78
  79 |     289.52 |      4509 |      0.9 |        79

  Checkpoint sačuvan: /home/ubuntu/master-rad/results/checkpoints/appo_cartpole_w4

  Generiše GIF-ove → /home/ubuntu/master-rad/results/gifs/cartpole
    Naučen agent (APPO w=4): nagrada=238
  GIF: /home/ubuntu/master-rad/results/gifs/cartpole/appo_w4_trained.gif  (238 frejmova, 201 KB)
  GIF: /home/ubuntu/master-rad/results/gifs/cartpole/appo_w4_evolution.gif  (1701 frejmova, 1616 KB)

Prosečni throughput: 4416 koraka/sec
Metrike: /home/ubuntu/master-rad/results/appo_CartPole-v1_w4.json

>>> Evaluacija (10 epizoda) | appo_w4

============================================================
  Evaluacija agenta (Policy inference, bez Ray workera)
  Checkpoint:  /home/ubuntu/master-rad/results/checkpoints/appo_cartpole_w4
  Env:         CartPole-v1
  Epizode:     10
============================================================

 Epizoda |    Nagrada
----------------------
       1 |     463.00
       2 |     500.00
       3 |     343.00
       4 |     394.00
       5 |     500.00
       6 |     360.00
       7 |     500.00
       8 |     341.00
       9 |     395.00
      10 |     395.00

────────────────────────────────────────
  Prosek:  419.10  ±  62.24  (std)
  Min:     341.00
  Max:     500.00
────────────────────────────────────────

  GIF: /home/ubuntu/master-rad/results/gifs/cartpole/appo_w4_best.gif  (500 frejmova, 163 KB)
  Best epizoda (500) sačuvana: /home/ubuntu/master-rad/results/gifs/cartpole/appo_w4_best.gif
  appo_w4: mean=419.10 ± 62.24

>>> APPO | env_runners=8 | CartPole-v1
Lokalni Ray klaster podignut.

=================================================================
  Ray RLlib APPO  (async PPO)
  Env:              CartPole-v1
  EnvRunners:       8  ← asinhroni procesi
  BatchSize:        4000 koraka/iter
  RolloutFragment:  50 koraka/worker/slanje
  Cilj:             nagrada >= 450
  NormObs:          False
  lr:               0.0005
  num_sgd_iter:     1  ← SGD prolaza/batchu
  clip_param:       0.4  ← PPO clipping
  vtrace:           True  ← RLlib APPO zahteva V-trace
  entropy_coeff:    0.01
  gae_lambda:       0.95
  grad_clip:        40
  min_sample/iter:  4000 koraka
  Ukupno koraka:    ~320k (80 itera)
  GIF-ovi:          /home/ubuntu/master-rad/results/gifs/cartpole
=================================================================

Iter |     Reward |   Steps/s |  Iter(s) |  Total(s)
------------------------------------------------------------

  Snimam random agenta (pre treninga)...
  → nagrada=24
   0 |      21.92 |      6339 |      0.6 |         4
   1 |      25.35 |      6865 |      0.6 |         5
   2 |      24.50 |      6786 |      0.6 |         5
   3 |      26.68 |      6862 |      0.6 |         6
   4 |      27.97 |      6878 |      0.6 |         7
   5 |      28.20 |      6832 |      0.6 |         7
   6 |      36.15 |      7188 |      0.6 |         8
   7 |      38.52 |      6909 |      0.6 |         8
   8 |      40.09 |      6859 |      0.6 |         9
   9 |      46.35 |      6713 |      0.6 |        10
  10 |      47.67 |      6961 |      0.6 |        10
  11 |      57.59 |      6612 |      0.6 |        11
  12 |      63.78 |      6750 |      0.6 |        11
  13 |      61.51 |      7082 |      0.6 |        12
  14 |      68.31 |      6842 |      0.6 |        12
  [UPOZORENJE] MeanStdFilter nije pronađen — obs se šalju nenormalizovane.
  [Evolution] Iter 15 | nagrada≈250
  15 |      72.48 |      6869 |      0.6 |        14
  16 |      79.63 |      6699 |      0.6 |        14
  17 |      88.09 |      6730 |      0.6 |        15
  18 |      89.26 |      6767 |      0.6 |        15
  19 |     100.39 |      7022 |      0.6 |        16
  20 |     110.48 |      6929 |      0.6 |        17
  21 |     126.33 |      6928 |      0.6 |        17
  22 |     141.40 |      7151 |      0.6 |        18
  23 |     161.17 |      6784 |      0.6 |        18
  24 |     176.77 |      6940 |      0.6 |        19
  25 |     186.59 |      6878 |      0.6 |        20
  26 |     193.38 |      7105 |      0.6 |        20
  27 |     206.74 |      7037 |      0.6 |        21
  28 |     210.42 |      6909 |      0.6 |        21
  29 |     223.88 |      6822 |      0.6 |        22
  [Evolution] Iter 30 | nagrada≈300
  30 |     232.18 |      6869 |      0.6 |        23
  31 |     249.79 |      7029 |      0.6 |        24
  32 |     258.79 |      6998 |      0.6 |        24
  33 |     271.92 |      6900 |      0.6 |        25
  34 |     287.30 |      7359 |      0.6 |        26
  35 |     297.25 |      7007 |      0.6 |        26
  36 |     308.13 |      6994 |      0.6 |        27
  37 |     317.71 |      6699 |      0.6 |        27
  38 |     327.52 |      7305 |      0.5 |        28
  39 |     333.77 |      6926 |      0.6 |        28
  40 |     336.01 |      6962 |      0.6 |        29
  41 |     333.15 |      7216 |      0.6 |        29
  42 |     326.20 |      7199 |      0.6 |        30
  43 |     319.04 |      7246 |      0.6 |        31
  44 |     312.85 |      7089 |      0.6 |        31
  [Evolution] Iter 45 | nagrada≈300
  45 |     307.99 |      7214 |      0.6 |        33
  46 |     300.34 |      7138 |      0.6 |        33
  47 |     299.48 |      6911 |      0.6 |        34
  48 |     302.72 |      6975 |      0.6 |        34
  49 |     302.75 |      7029 |      0.6 |        35
  50 |     302.66 |      6815 |      0.6 |        35
  51 |     301.65 |      6804 |      0.6 |        36
  52 |     298.23 |      6950 |      0.6 |        37
  53 |     303.58 |      6959 |      0.6 |        37
  54 |     297.60 |      6753 |      0.6 |        38
  55 |     288.13 |      6878 |      0.6 |        38
  56 |     281.08 |      6828 |      0.6 |        39
  57 |     270.19 |      7027 |      0.6 |        39
  58 |     267.49 |      6537 |      0.6 |        40
  59 |     266.34 |      6772 |      0.6 |        41
  [Evolution] Iter 60 | nagrada≈300
  60 |     254.46 |      7102 |      0.6 |        42
  61 |     248.01 |      6833 |      0.6 |        43
  62 |     249.68 |      6783 |      0.6 |        43
  63 |     252.30 |      6964 |      0.6 |        44
  64 |     246.47 |      6947 |      0.6 |        44
  65 |     242.79 |      6741 |      0.6 |        45
  66 |     247.60 |      7144 |      0.6 |        46
  67 |     246.52 |      6825 |      0.6 |        46
  68 |     254.48 |      7028 |      0.6 |        47
  69 |     249.34 |      6756 |      0.6 |        47
  70 |     256.00 |      6478 |      0.6 |        48
  71 |     258.61 |      6619 |      0.6 |        48
  72 |     262.64 |      6833 |      0.6 |        49
  73 |     263.68 |      6985 |      0.6 |        50
  74 |     268.25 |      6972 |      0.6 |        50
  [Evolution] Iter 75 | nagrada≈300
  75 |     272.98 |      7019 |      0.6 |        52
  76 |     271.08 |      6779 |      0.6 |        52
  77 |     277.11 |      6873 |      0.6 |        53
  78 |     277.11 |      7084 |      0.6 |        53
  79 |     279.97 |      6865 |      0.6 |        54

  Checkpoint sačuvan: /home/ubuntu/master-rad/results/checkpoints/appo_cartpole_w8

  Generiše GIF-ove → /home/ubuntu/master-rad/results/gifs/cartpole
    Naučen agent (APPO w=8): nagrada=365
  GIF: /home/ubuntu/master-rad/results/gifs/cartpole/appo_w8_trained.gif  (365 frejmova, 243 KB)
  GIF: /home/ubuntu/master-rad/results/gifs/cartpole/appo_w8_evolution.gif  (1889 frejmova, 1351 KB)

Prosečni throughput: 6913 koraka/sec
Metrike: /home/ubuntu/master-rad/results/appo_CartPole-v1_w8.json

>>> Evaluacija (10 epizoda) | appo_w8

============================================================
  Evaluacija agenta (Policy inference, bez Ray workera)
  Checkpoint:  /home/ubuntu/master-rad/results/checkpoints/appo_cartpole_w8
  Env:         CartPole-v1
  Epizode:     10
============================================================

 Epizoda |    Nagrada
----------------------
       1 |     500.00
       2 |     500.00
       3 |     331.00
       4 |     500.00
       5 |     500.00
       6 |     500.00
       7 |     287.00
       8 |     500.00
       9 |     235.00
      10 |     500.00

────────────────────────────────────────
  Prosek:  435.30  ±  101.14  (std)
  Min:     235.00
  Max:     500.00
────────────────────────────────────────

  GIF: /home/ubuntu/master-rad/results/gifs/cartpole/appo_w8_best.gif  (500 frejmova, 146 KB)
  Best epizoda (500) sačuvana: /home/ubuntu/master-rad/results/gifs/cartpole/appo_w8_best.gif
  appo_w8: mean=435.30 ± 101.14

>>> APPO | env_runners=16 | CartPole-v1
Lokalni Ray klaster podignut.

=================================================================
  Ray RLlib APPO  (async PPO)
  Env:              CartPole-v1
  EnvRunners:       16  ← asinhroni procesi
  BatchSize:        4000 koraka/iter
  RolloutFragment:  50 koraka/worker/slanje
  Cilj:             nagrada >= 450
  NormObs:          False
  lr:               0.0005
  num_sgd_iter:     1  ← SGD prolaza/batchu
  clip_param:       0.4  ← PPO clipping
  vtrace:           True  ← RLlib APPO zahteva V-trace
  entropy_coeff:    0.01
  gae_lambda:       0.95
  grad_clip:        40
  min_sample/iter:  4000 koraka
  Ukupno koraka:    ~320k (80 itera)
  GIF-ovi:          /home/ubuntu/master-rad/results/gifs/cartpole
=================================================================

Iter |     Reward |   Steps/s |  Iter(s) |  Total(s)
------------------------------------------------------------

  Snimam random agenta (pre treninga)...
  → nagrada=13
   0 |      21.38 |      7379 |      0.5 |         6
   1 |      23.04 |      8302 |      0.5 |         6
   2 |      23.78 |      8578 |      0.5 |         7
   3 |      26.12 |      8490 |      0.5 |         7
   4 |      31.20 |      8399 |      0.5 |         8
   5 |      31.98 |      8659 |      0.5 |         8
   6 |      34.43 |      8780 |      0.5 |         9
   7 |      38.94 |      8348 |      0.5 |         9
   8 |      39.12 |      8482 |      0.5 |        10
   9 |      47.04 |      8594 |      0.5 |        10
  10 |      51.32 |      8674 |      0.5 |        10
  11 |      56.43 |      8692 |      0.5 |        11
  12 |      65.64 |      8546 |      0.5 |        11
  13 |      71.37 |      8895 |      0.5 |        12
  14 |      76.01 |      8870 |      0.5 |        12
  [UPOZORENJE] MeanStdFilter nije pronađen — obs se šalju nenormalizovane.
  [Evolution] Iter 15 | nagrada≈162
  15 |      73.53 |      8502 |      0.5 |        13
  16 |      80.09 |      8544 |      0.5 |        14
  17 |      86.85 |      8738 |      0.5 |        14
  18 |     103.44 |      8873 |      0.5 |        15
  19 |     111.37 |      8600 |      0.5 |        15
  20 |     123.47 |      8621 |      0.5 |        16
  21 |     127.84 |      8723 |      0.5 |        16
  22 |     141.60 |      8648 |      0.5 |        17
  23 |     149.39 |      8820 |      0.5 |        17
  24 |     155.88 |      6272 |      0.6 |        18
  25 |     162.63 |      8758 |      0.5 |        18
  26 |     162.60 |      8857 |      0.5 |        19
  27 |     172.45 |      8575 |      0.5 |        19
  28 |     179.83 |      8240 |      0.5 |        19
  29 |     171.28 |      8604 |      0.5 |        20
  [Evolution] Iter 30 | nagrada≈173
  30 |     171.61 |      8715 |      0.5 |        21
  31 |     157.21 |      8576 |      0.5 |        21
  32 |     152.20 |      8682 |      0.5 |        22
  33 |     153.64 |      8882 |      0.5 |        22
  34 |     158.76 |      8694 |      0.5 |        23
  35 |     156.39 |      8654 |      0.5 |        23
  36 |     158.80 |      8478 |      0.5 |        24
  37 |     162.25 |      8587 |      0.5 |        24
  38 |     159.99 |      8381 |      0.5 |        25
  39 |     170.68 |      8476 |      0.5 |        25
  40 |     171.46 |      8508 |      0.5 |        26
  41 |     174.80 |      8625 |      0.5 |        26
  42 |     192.99 |      8596 |      0.5 |        27
  43 |     197.81 |      8798 |      0.5 |        27
  44 |     210.36 |      8826 |      0.5 |        27
  [Evolution] Iter 45 | nagrada≈300
  45 |     222.55 |      8790 |      0.5 |        29
  46 |     232.41 |      8633 |      0.5 |        29
  47 |     237.37 |      8412 |      0.5 |        30
  48 |     241.80 |      8742 |      0.5 |        30
  49 |     236.71 |      8900 |      0.5 |        31
  50 |     226.11 |      8678 |      0.5 |        31
  51 |     228.80 |      8742 |      0.5 |        31
  52 |     227.87 |      8679 |      0.5 |        32
  53 |     209.25 |      8310 |      0.5 |        32
  54 |     211.18 |      8619 |      0.5 |        33
  55 |     203.46 |      8760 |      0.5 |        33
  56 |     199.65 |      8667 |      0.5 |        34
  57 |     193.38 |      8532 |      0.5 |        34
  58 |     180.88 |      8569 |      0.5 |        35
  59 |     169.24 |      8586 |      0.5 |        35
  [Evolution] Iter 60 | nagrada≈176
  60 |     153.72 |      8541 |      0.5 |        36
  61 |     153.49 |      8561 |      0.5 |        37
  62 |     151.24 |      8404 |      0.5 |        37
  63 |     157.30 |      8507 |      0.5 |        38
  64 |     163.26 |      8202 |      0.5 |        38
  65 |     160.93 |      8376 |      0.5 |        39
  66 |     167.98 |      8689 |      0.5 |        39
  67 |     167.30 |      8455 |      0.5 |        39
  68 |     164.97 |      8637 |      0.5 |        40
  69 |     162.77 |      8599 |      0.5 |        40
  70 |     147.85 |      8502 |      0.5 |        41
  71 |     151.92 |      8433 |      0.5 |        41
  72 |     148.42 |      8435 |      0.5 |        42
  73 |     155.58 |      8704 |      0.5 |        42
  74 |     157.72 |      8389 |      0.5 |        43
  [Evolution] Iter 75 | nagrada≈248
  75 |     155.43 |      8749 |      0.5 |        44
  76 |     152.90 |      8586 |      0.5 |        44
  77 |     148.31 |      8205 |      0.5 |        45
  78 |     158.38 |      8481 |      0.5 |        45
  79 |     156.71 |      8742 |      0.5 |        46

  Checkpoint sačuvan: /home/ubuntu/master-rad/results/checkpoints/appo_cartpole_w16

  Generiše GIF-ove → /home/ubuntu/master-rad/results/gifs/cartpole
    Naučen agent (APPO w=16): nagrada=500
  GIF: /home/ubuntu/master-rad/results/gifs/cartpole/appo_w16_trained.gif  (500 frejmova, 223 KB)
  GIF: /home/ubuntu/master-rad/results/gifs/cartpole/appo_w16_evolution.gif  (1544 frejmova, 1561 KB)

Prosečni throughput: 8555 koraka/sec
Metrike: /home/ubuntu/master-rad/results/appo_CartPole-v1_w16.json

>>> Evaluacija (10 epizoda) | appo_w16

============================================================
  Evaluacija agenta (Policy inference, bez Ray workera)
  Checkpoint:  /home/ubuntu/master-rad/results/checkpoints/appo_cartpole_w16
  Env:         CartPole-v1
  Epizode:     10
============================================================

 Epizoda |    Nagrada
----------------------
       1 |     500.00
       2 |     500.00
       3 |     500.00
       4 |     500.00
       5 |     500.00
       6 |     500.00
       7 |     500.00
       8 |     500.00
       9 |     500.00
      10 |     500.00

────────────────────────────────────────
  Prosek:  500.00  ±  0.00  (std)
  Min:     500.00
  Max:     500.00
────────────────────────────────────────

  GIF: /home/ubuntu/master-rad/results/gifs/cartpole/appo_w16_best.gif  (500 frejmova, 260 KB)
  Best epizoda (500) sačuvana: /home/ubuntu/master-rad/results/gifs/cartpole/appo_w16_best.gif
  appo_w16: mean=500.00 ± 0.00

>>> DQN | env_runners=1 | CartPole-v1
Lokalni Ray klaster podignut.

=================================================================
  Ray RLlib DQN  (off-policy, diskretne akcije)
  Env:              CartPole-v1
  EnvRunners:       1  ← data kolektori
  TrainFreq:        4 koraka/worker/fragment  (SB3: train_freq)
  StepsPerIter:     ~1000 (RLlib min_sample=1000)
  BatchSize:        32  (SB3: batch_size)
  BufferSize:       50000
  LearningStarts:   1000 koraka
  Epsilon:          1.0 → 0.01 za 50000 koraka
  TargetUpdate:     svaka 500 grad. koraka
  n_step:           3
  Ukupno koraka:    ~100k (100 itera)
  Cilj:             nagrada >= 450
  lr:               0.0005
  gamma:            0.99
  net_arch:         [256, 256]
  double_q:         True
  dueling:          False
  Štampanje:        svaka 1. iteracija
  GIF-ovi:          /home/ubuntu/master-rad/results/gifs/cartpole
=================================================================

  Iter |    Steps |     Reward |   Steps/s |  Total(s)
--------------------------------------------------------------

  Snimam random agenta (pre treninga)...
  → nagrada=11
     1 |     1000 |      22.02 |       699 |         4
     2 |     2000 |      23.46 |       203 |         9
     3 |     3000 |      26.21 |       204 |        14
     4 |     4000 |      31.47 |       204 |        19
     5 |     5000 |      37.78 |       205 |        24
     6 |     6000 |      45.74 |       204 |        29
     7 |     7000 |      54.24 |       205 |        34
     8 |     8000 |      62.71 |       204 |        39
     9 |     9000 |      72.45 |       204 |        44
    10 |    10000 |      80.70 |       204 |        49
    11 |    11000 |      89.83 |       204 |        53
    12 |    12000 |      96.14 |       196 |        59
    13 |    13000 |     107.17 |       204 |        63
    14 |    14000 |     113.66 |       204 |        68
    15 |    15000 |     124.59 |       204 |        73
    16 |    16000 |     133.73 |       204 |        78
    17 |    17000 |     141.28 |       204 |        83
    18 |    18000 |     149.40 |       204 |        88
    19 |    19000 |     157.47 |       204 |        93
    20 |    20000 |     166.80 |       203 |        98
  [UPOZORENJE] MeanStdFilter nije pronađen — obs se šalju nenormalizovane.
  [Evolution] Iter 20 | nagrada≈110
    21 |    21000 |     173.35 |       203 |       103
    22 |    22000 |     181.97 |       203 |       108
    23 |    23000 |     189.99 |       204 |       113
    24 |    24000 |     197.94 |       204 |       118
    25 |    25000 |     202.69 |       204 |       123
    26 |    26000 |     206.16 |       203 |       128
    27 |    27000 |     203.26 |       203 |       132
    28 |    28000 |     207.24 |       204 |       137
    29 |    29000 |     201.94 |       203 |       142
    30 |    30000 |     200.67 |       203 |       147
    31 |    31000 |     195.11 |       203 |       152
    32 |    32000 |     195.62 |       205 |       157
    33 |    33000 |     182.28 |       192 |       162
    34 |    34000 |     172.34 |       203 |       167
    35 |    35000 |     169.23 |       204 |       172
    36 |    36000 |     167.90 |       203 |       177
    37 |    37000 |     166.28 |       204 |       182
    38 |    38000 |     172.09 |       203 |       187
    39 |    39000 |     163.72 |       203 |       192
    40 |    40000 |     162.92 |       202 |       197
  [Evolution] Iter 40 | nagrada≈89
    41 |    41000 |     155.66 |       202 |       202
    42 |    42000 |     154.49 |       203 |       207
    43 |    43000 |     154.37 |       202 |       212
    44 |    44000 |     149.05 |       203 |       217
    45 |    45000 |     146.46 |       203 |       222
    46 |    46000 |     142.66 |       202 |       227
    47 |    47000 |     137.34 |       201 |       232
    48 |    48000 |     142.93 |       201 |       236
    49 |    49000 |     142.97 |       201 |       241
    50 |    50000 |     140.03 |       203 |       246
    51 |    51000 |     132.66 |       202 |       251
    52 |    52000 |     135.63 |       203 |       256
    53 |    53000 |     142.10 |       202 |       261
    54 |    54000 |     139.02 |       202 |       266
    55 |    55000 |     140.15 |       201 |       271
    56 |    56000 |     146.19 |       202 |       276
    57 |    57000 |     137.99 |       202 |       281
    58 |    58000 |     140.89 |       202 |       286
    59 |    59000 |     131.54 |       188 |       291
    60 |    60000 |     133.62 |       202 |       296
  [Evolution] Iter 60 | nagrada≈105
    61 |    61000 |     134.32 |       201 |       302
    62 |    62000 |     122.48 |       201 |       307
    63 |    63000 |     115.35 |       201 |       311
    64 |    64000 |     108.37 |       201 |       316
    65 |    65000 |     109.67 |       201 |       321
    66 |    66000 |     113.38 |       201 |       326
    67 |    67000 |     110.15 |       200 |       331
    68 |    68000 |     115.09 |       202 |       336
    69 |    69000 |     119.77 |       201 |       341
    70 |    70000 |     128.71 |       202 |       346
    71 |    71000 |     133.49 |       202 |       351
    72 |    72000 |     139.58 |       202 |       356
    73 |    73000 |     147.02 |       201 |       361
    74 |    74000 |     157.77 |       202 |       366
    75 |    75000 |     165.28 |       202 |       371
    76 |    76000 |     172.95 |       202 |       376
    77 |    77000 |     179.45 |       202 |       381
    78 |    78000 |     179.57 |       202 |       386
    79 |    79000 |     178.56 |       202 |       391
    80 |    80000 |     186.73 |       202 |       396
  [Evolution] Iter 80 | nagrada≈24
    81 |    81000 |     185.57 |       201 |       401
    82 |    82000 |     193.19 |       202 |       406
    83 |    83000 |     200.81 |       202 |       411
    84 |    84000 |     204.30 |       201 |       416
    85 |    85000 |     209.90 |       202 |       421
    86 |    86000 |     212.24 |       202 |       426
    87 |    87000 |     218.94 |       201 |       431
    88 |    88000 |     224.22 |       202 |       436
    89 |    89000 |     226.09 |       202 |       440
    90 |    90000 |     232.62 |       188 |       446
    91 |    91000 |     223.75 |       201 |       451
    92 |    92000 |     207.27 |       201 |       456
    93 |    93000 |     195.47 |       202 |       461
    94 |    94000 |     192.16 |       201 |       466
    95 |    95000 |     194.94 |       203 |       471
    96 |    96000 |     193.30 |       202 |       476
    97 |    97000 |     197.58 |       197 |       481
    98 |    98000 |     203.82 |       203 |       486
    99 |    99000 |     205.62 |       202 |       491
   100 |   100000 |     202.63 |       203 |       495
  [Evolution] Iter 100 | nagrada≈23

  Checkpoint sačuvan: /home/ubuntu/master-rad/results/checkpoints/dqn_cartpole_w1

  Generiše GIF-ove → /home/ubuntu/master-rad/results/gifs/cartpole
    Naučen agent (DQN w=1): nagrada=117
  GIF: /home/ubuntu/master-rad/results/gifs/cartpole/dqn_w1_trained.gif  (117 frejmova, 120 KB)
  GIF: /home/ubuntu/master-rad/results/gifs/cartpole/dqn_w1_evolution.gif  (549 frejmova, 675 KB)

Ukupno prikupljenih koraka: 100,000
Prosečni throughput: 207 koraka/sec
Metrike: /home/ubuntu/master-rad/results/dqn_CartPole-v1_w1.json

>>> Evaluacija (10 epizoda) | dqn_w1

============================================================
  Evaluacija agenta (Policy inference, bez Ray workera)
  Checkpoint:  /home/ubuntu/master-rad/results/checkpoints/dqn_cartpole_w1
  Env:         CartPole-v1
  Epizode:     10
============================================================

 Epizoda |    Nagrada
----------------------
       1 |     115.00
       2 |     116.00
       3 |     115.00
       4 |      20.00
       5 |     114.00
       6 |      25.00
       7 |     120.00
       8 |     114.00
       9 |     117.00
      10 |     114.00

────────────────────────────────────────
  Prosek:  97.00  ±  37.31  (std)
  Min:     20.00
  Max:     120.00
────────────────────────────────────────

  GIF: /home/ubuntu/master-rad/results/gifs/cartpole/dqn_w1_best.gif  (120 frejmova, 123 KB)
  Best epizoda (120) sačuvana: /home/ubuntu/master-rad/results/gifs/cartpole/dqn_w1_best.gif
  dqn_w1: mean=97.00 ± 37.31

>>> DQN | env_runners=2 | CartPole-v1
Lokalni Ray klaster podignut.

=================================================================
  Ray RLlib DQN  (off-policy, diskretne akcije)
  Env:              CartPole-v1
  EnvRunners:       2  ← data kolektori
  TrainFreq:        4 koraka/worker/fragment  (SB3: train_freq)
  StepsPerIter:     ~1000 (RLlib min_sample=1000)
  BatchSize:        32  (SB3: batch_size)
  BufferSize:       50000
  LearningStarts:   1000 koraka
  Epsilon:          1.0 → 0.01 za 50000 koraka
  TargetUpdate:     svaka 500 grad. koraka
  n_step:           3
  Ukupno koraka:    ~100k (100 itera)
  Cilj:             nagrada >= 450
  lr:               0.0005
  gamma:            0.99
  net_arch:         [256, 256]
  double_q:         True
  dueling:          False
  Štampanje:        svaka 1. iteracija
  GIF-ovi:          /home/ubuntu/master-rad/results/gifs/cartpole
=================================================================

  Iter |    Steps |     Reward |   Steps/s |  Total(s)
--------------------------------------------------------------

  Snimam random agenta (pre treninga)...
  → nagrada=25
     1 |     1000 |      22.61 |      1253 |         4
     2 |     2000 |      22.83 |       363 |         7
     3 |     3000 |      24.59 |       367 |         9
     4 |     4000 |      30.11 |       367 |        12
     5 |     5000 |      36.27 |       366 |        15
     6 |     6000 |      45.24 |       367 |        18
     7 |     7000 |      52.43 |       367 |        20
     8 |     8000 |      60.13 |       369 |        23
     9 |     9000 |      68.39 |       367 |        26
    10 |    10000 |      75.59 |       367 |        28
    11 |    11000 |      85.23 |       368 |        31
    12 |    12000 |      92.92 |       369 |        34
    13 |    13000 |      99.84 |       366 |        37
    14 |    14000 |     105.20 |       369 |        39
    15 |    15000 |     112.27 |       369 |        42
    16 |    16000 |     120.02 |       370 |        45
    17 |    17000 |     126.03 |       368 |        47
    18 |    18000 |     127.27 |       368 |        50
    19 |    19000 |     126.07 |       368 |        53
    20 |    20000 |     128.49 |       290 |        56
  [UPOZORENJE] MeanStdFilter nije pronađen — obs se šalju nenormalizovane.
  [Evolution] Iter 20 | nagrada≈83
    21 |    21000 |     126.11 |       365 |        59
    22 |    22000 |     109.15 |       366 |        62
    23 |    23000 |     111.27 |       365 |        65
    24 |    24000 |     118.15 |       368 |        67
    25 |    25000 |     121.30 |       366 |        70
    26 |    26000 |     125.62 |       365 |        73
    27 |    27000 |     129.35 |       366 |        76
    28 |    28000 |     129.31 |       366 |        78
    29 |    29000 |     128.89 |       366 |        81
    30 |    30000 |     129.13 |       366 |        84
    31 |    31000 |     131.18 |       368 |        87
    32 |    32000 |     140.64 |       367 |        89
    33 |    33000 |     144.71 |       368 |        92
    34 |    34000 |     145.19 |       366 |        95
    35 |    35000 |     144.72 |       366 |        98
    36 |    36000 |     150.02 |       343 |       100
    37 |    37000 |     154.01 |       349 |       103
    38 |    38000 |     158.52 |       367 |       106
    39 |    39000 |     165.17 |       366 |       109
    40 |    40000 |     174.82 |       368 |       111
  [Evolution] Iter 40 | nagrada≈180
    41 |    41000 |     181.29 |       367 |       115
    42 |    42000 |     184.32 |       365 |       117
    43 |    43000 |     186.74 |       366 |       120
    44 |    44000 |     183.27 |       326 |       123
    45 |    45000 |     180.39 |       364 |       126
    46 |    46000 |     183.57 |       366 |       129
    47 |    47000 |     190.74 |       364 |       131
    48 |    48000 |     190.35 |       367 |       134
    49 |    49000 |     191.91 |       366 |       137
    50 |    50000 |     196.93 |       366 |       140
    51 |    51000 |     190.19 |       363 |       142
    52 |    52000 |     187.97 |       364 |       145
    53 |    53000 |     186.76 |       363 |       148
    54 |    54000 |     193.19 |       364 |       151
    55 |    55000 |     198.18 |       364 |       153
    56 |    56000 |     205.91 |       359 |       156
    57 |    57000 |     211.68 |       362 |       159
    58 |    58000 |     217.94 |       361 |       162
    59 |    59000 |     219.52 |       363 |       164
    60 |    60000 |     206.06 |       364 |       167
  [Evolution] Iter 60 | nagrada≈176
    61 |    61000 |     185.64 |       363 |       170
    62 |    62000 |     181.88 |       362 |       173
    63 |    63000 |     172.51 |       361 |       176
    64 |    64000 |     172.37 |       356 |       179
    65 |    65000 |     172.29 |       362 |       182
    66 |    66000 |     179.17 |       362 |       184
    67 |    67000 |     174.01 |       357 |       187
    68 |    68000 |     168.71 |       358 |       190
    69 |    69000 |     169.52 |       359 |       193
    70 |    70000 |     178.05 |       360 |       195
    71 |    71000 |     165.94 |       354 |       198
    72 |    72000 |     135.25 |       355 |       201
    73 |    73000 |     133.76 |       359 |       204
    74 |    74000 |     130.96 |       362 |       207
    75 |    75000 |     136.38 |       322 |       210
    76 |    76000 |     143.35 |       365 |       212
    77 |    77000 |     150.84 |       366 |       215
    78 |    78000 |     154.78 |       365 |       218
    79 |    79000 |     164.38 |       362 |       221
    80 |    80000 |     173.44 |       361 |       223
  [Evolution] Iter 80 | nagrada≈500
    81 |    81000 |     179.41 |       359 |       228
    82 |    82000 |     182.57 |       360 |       230
    83 |    83000 |     177.83 |       360 |       233
    84 |    84000 |     177.26 |       358 |       236
    85 |    85000 |     183.42 |       360 |       239
    86 |    86000 |     192.62 |       360 |       241
    87 |    87000 |     197.38 |       357 |       244
    88 |    88000 |     204.73 |       355 |       247
    89 |    89000 |     214.04 |       352 |       250
    90 |    90000 |     223.40 |       353 |       253
    91 |    91000 |     225.33 |       354 |       256
    92 |    92000 |     231.48 |       354 |       258
    93 |    93000 |     239.31 |       356 |       261
    94 |    94000 |     238.94 |       355 |       264
    95 |    95000 |     244.04 |       361 |       267
    96 |    96000 |     252.31 |       360 |       270
    97 |    97000 |     257.01 |       362 |       272
    98 |    98000 |     265.32 |       362 |       275
    99 |    99000 |     273.37 |       359 |       278
   100 |   100000 |     280.39 |       360 |       281
  [Evolution] Iter 100 | nagrada≈500

  Checkpoint sačuvan: /home/ubuntu/master-rad/results/checkpoints/dqn_cartpole_w2

  Generiše GIF-ove → /home/ubuntu/master-rad/results/gifs/cartpole
    Naučen agent (DQN w=2): nagrada=500
  GIF: /home/ubuntu/master-rad/results/gifs/cartpole/dqn_w2_trained.gif  (500 frejmova, 331 KB)
  GIF: /home/ubuntu/master-rad/results/gifs/cartpole/dqn_w2_evolution.gif  (2036 frejmova, 1754 KB)

Ukupno prikupljenih koraka: 100,000
Prosečni throughput: 370 koraka/sec
Metrike: /home/ubuntu/master-rad/results/dqn_CartPole-v1_w2.json

>>> Evaluacija (10 epizoda) | dqn_w2

============================================================
  Evaluacija agenta (Policy inference, bez Ray workera)
  Checkpoint:  /home/ubuntu/master-rad/results/checkpoints/dqn_cartpole_w2
  Env:         CartPole-v1
  Epizode:     10
============================================================

 Epizoda |    Nagrada
----------------------
       1 |     500.00
       2 |     500.00
       3 |     500.00
       4 |     500.00
       5 |     500.00
       6 |     500.00
       7 |     500.00
       8 |     500.00
       9 |     500.00
      10 |     500.00

────────────────────────────────────────
  Prosek:  500.00  ±  0.00  (std)
  Min:     500.00
  Max:     500.00
────────────────────────────────────────

  GIF: /home/ubuntu/master-rad/results/gifs/cartpole/dqn_w2_best.gif  (500 frejmova, 299 KB)
  Best epizoda (500) sačuvana: /home/ubuntu/master-rad/results/gifs/cartpole/dqn_w2_best.gif
  dqn_w2: mean=500.00 ± 0.00

>>> DQN | env_runners=4 | CartPole-v1
Lokalni Ray klaster podignut.

=================================================================
  Ray RLlib DQN  (off-policy, diskretne akcije)
  Env:              CartPole-v1
  EnvRunners:       4  ← data kolektori
  TrainFreq:        4 koraka/worker/fragment  (SB3: train_freq)
  StepsPerIter:     ~1000 (RLlib min_sample=1000)
  BatchSize:        32  (SB3: batch_size)
  BufferSize:       50000
  LearningStarts:   1000 koraka
  Epsilon:          1.0 → 0.01 za 50000 koraka
  TargetUpdate:     svaka 500 grad. koraka
  n_step:           3
  Ukupno koraka:    ~100k (100 itera)
  Cilj:             nagrada >= 450
  lr:               0.0005
  gamma:            0.99
  net_arch:         [256, 256]
  double_q:         True
  dueling:          False
  Štampanje:        svaka 1. iteracija
  GIF-ovi:          /home/ubuntu/master-rad/results/gifs/cartpole
=================================================================

  Iter |    Steps |     Reward |   Steps/s |  Total(s)
--------------------------------------------------------------

  Snimam random agenta (pre treninga)...
  → nagrada=19
     1 |     1008 |      22.60 |      1959 |         4
     2 |     2016 |      21.08 |       613 |         5
     3 |     3024 |      19.52 |       611 |         7
     4 |     4032 |      22.69 |       443 |         9
     5 |     5040 |      29.63 |       579 |        11
     6 |     6048 |      37.46 |       611 |        13
     7 |     7056 |      46.27 |       616 |        14
     8 |     8064 |      54.95 |       615 |        16
     9 |     9072 |      64.23 |       615 |        18
    10 |    10080 |      70.87 |       608 |        19
    11 |    11088 |      78.97 |       612 |        21
    12 |    12096 |      86.69 |       608 |        23
    13 |    13104 |      95.36 |       609 |        24
    14 |    14112 |     105.58 |       604 |        26
    15 |    15120 |     113.77 |       596 |        28
    16 |    16128 |     129.79 |       595 |        29
    17 |    17136 |     138.61 |       600 |        31
    18 |    18144 |     147.11 |       600 |        33
    19 |    19152 |     150.63 |       615 |        34
    20 |    20160 |     163.23 |       610 |        36
  [UPOZORENJE] MeanStdFilter nije pronađen — obs se šalju nenormalizovane.
  [Evolution] Iter 20 | nagrada≈500
    21 |    21168 |     170.98 |       612 |        39
    22 |    22176 |     176.82 |       599 |        41
    23 |    23184 |     181.04 |       616 |        42
    24 |    24192 |     184.85 |       617 |        44
    25 |    25200 |     182.90 |       530 |        46
    26 |    26208 |     185.29 |       619 |        47
    27 |    27216 |     184.10 |       585 |        49
    28 |    28224 |     175.08 |       587 |        51
    29 |    29232 |     162.40 |       597 |        53
    30 |    30240 |     156.28 |       599 |        54
    31 |    31248 |     147.10 |       611 |        56
    32 |    32256 |     146.43 |       619 |        58
    33 |    33264 |     147.75 |       617 |        59
    34 |    34272 |     149.23 |       619 |        61
    35 |    35280 |     157.53 |       602 |        62
    36 |    36288 |     163.28 |       621 |        64
    37 |    37296 |     163.28 |       618 |        66
    38 |    38304 |     171.79 |       618 |        67
    39 |    39312 |     175.04 |       617 |        69
    40 |    40320 |     181.09 |       618 |        71
  [Evolution] Iter 40 | nagrada≈166
    41 |    41328 |     181.60 |       592 |        73
    42 |    42336 |     183.77 |       622 |        74
    43 |    43344 |     185.51 |       622 |        76
    44 |    44352 |     190.59 |       613 |        78
    45 |    45360 |     192.80 |       622 |        79
    46 |    46368 |     193.93 |       604 |        81
    47 |    47376 |     194.60 |       588 |        83
    48 |    48384 |     199.45 |       593 |        84
    49 |    49392 |     192.07 |       591 |        86
    50 |    50400 |     188.57 |       606 |        88
    51 |    51408 |     190.65 |       608 |        89
    52 |    52416 |     178.93 |       493 |        91
    53 |    53424 |     178.93 |       587 |        93
    54 |    54432 |     183.20 |       587 |        95
    55 |    55440 |     183.20 |       599 |        97
    56 |    56448 |     181.60 |       593 |        98
    57 |    57456 |     166.73 |       583 |       100
    58 |    58464 |     143.33 |       600 |       102
    59 |    59472 |     144.36 |       580 |       103
    60 |    60480 |     149.59 |       558 |       105
  [Evolution] Iter 60 | nagrada≈38
    61 |    61488 |     139.37 |       567 |       107
    62 |    62496 |     138.24 |       607 |       109
    63 |    63504 |     141.20 |       608 |       110
    64 |    64512 |     126.59 |       595 |       112
    65 |    65520 |      94.36 |       602 |       114
    66 |    66528 |      91.63 |       575 |       116
    67 |    67536 |      95.48 |       589 |       117
    68 |    68544 |      77.66 |       607 |       119
    69 |    69552 |      77.22 |       605 |       121
    70 |    70560 |      71.13 |       589 |       122
    71 |    71568 |      74.33 |       601 |       124
    72 |    72576 |      85.78 |       592 |       126
    73 |    73584 |      85.67 |       602 |       127
    74 |    74592 |      92.50 |       610 |       129
    75 |    75600 |     102.34 |       603 |       131
    76 |    76608 |     108.02 |       612 |       132
    77 |    77616 |     111.04 |       592 |       134
    78 |    78624 |     114.02 |       591 |       136
    79 |    79632 |     120.80 |       591 |       137
    80 |    80640 |     126.90 |       590 |       139
  [Evolution] Iter 80 | nagrada≈324
    81 |    81648 |     132.86 |       607 |       142
    82 |    82656 |     132.89 |       600 |       143
    83 |    83664 |     133.52 |       606 |       145
    84 |    84672 |     137.95 |       601 |       147
    85 |    85680 |     136.58 |       589 |       148
    86 |    86688 |     135.36 |       481 |       150
    87 |    87696 |     144.30 |       581 |       152
    88 |    88704 |     150.78 |       603 |       154
    89 |    89712 |     138.59 |       603 |       156
    90 |    90720 |     138.59 |       599 |       157
    91 |    91728 |     147.31 |       608 |       159
    92 |    92736 |     139.49 |       606 |       161
    93 |    93744 |     111.96 |       585 |       162
    94 |    94752 |     111.89 |       608 |       164
    95 |    95760 |     112.74 |       597 |       166
    96 |    96768 |     112.74 |       591 |       167
    97 |    97776 |     118.90 |       601 |       169
    98 |    98784 |     107.99 |       602 |       171
    99 |    99792 |      84.69 |       610 |       172
   100 |   100800 |      83.74 |       609 |       174
  [Evolution] Iter 100 | nagrada≈133

  Checkpoint sačuvan: /home/ubuntu/master-rad/results/checkpoints/dqn_cartpole_w4

  Generiše GIF-ove → /home/ubuntu/master-rad/results/gifs/cartpole
    Naučen agent (DQN w=4): nagrada=147
  GIF: /home/ubuntu/master-rad/results/gifs/cartpole/dqn_w4_trained.gif  (147 frejmova, 142 KB)
  GIF: /home/ubuntu/master-rad/results/gifs/cartpole/dqn_w4_evolution.gif  (1389 frejmova, 1264 KB)

Ukupno prikupljenih koraka: 100,800
Prosečni throughput: 611 koraka/sec
Metrike: /home/ubuntu/master-rad/results/dqn_CartPole-v1_w4.json

>>> Evaluacija (10 epizoda) | dqn_w4

============================================================
  Evaluacija agenta (Policy inference, bez Ray workera)
  Checkpoint:  /home/ubuntu/master-rad/results/checkpoints/dqn_cartpole_w4
  Env:         CartPole-v1
  Epizode:     10
============================================================

 Epizoda |    Nagrada
----------------------
       1 |     139.00
       2 |     143.00
       3 |     143.00
       4 |     144.00
       5 |     139.00
       6 |     144.00
       7 |     142.00
       8 |     143.00
       9 |     138.00
      10 |     150.00

────────────────────────────────────────
  Prosek:  142.50  ±  3.26  (std)
  Min:     138.00
  Max:     150.00
────────────────────────────────────────

  GIF: /home/ubuntu/master-rad/results/gifs/cartpole/dqn_w4_best.gif  (150 frejmova, 144 KB)
  Best epizoda (150) sačuvana: /home/ubuntu/master-rad/results/gifs/cartpole/dqn_w4_best.gif
  dqn_w4: mean=142.50 ± 3.26

>>> DQN | env_runners=8 | CartPole-v1
Lokalni Ray klaster podignut.

=================================================================
  Ray RLlib DQN  (off-policy, diskretne akcije)
  Env:              CartPole-v1
  EnvRunners:       8  ← data kolektori
  TrainFreq:        4 koraka/worker/fragment  (SB3: train_freq)
  StepsPerIter:     ~1000 (RLlib min_sample=1000)
  BatchSize:        32  (SB3: batch_size)
  BufferSize:       50000
  LearningStarts:   1000 koraka
  Epsilon:          1.0 → 0.01 za 50000 koraka
  TargetUpdate:     svaka 500 grad. koraka
  n_step:           3
  Ukupno koraka:    ~100k (100 itera)
  Cilj:             nagrada >= 450
  lr:               0.0005
  gamma:            0.99
  net_arch:         [256, 256]
  double_q:         True
  dueling:          False
  Štampanje:        svaka 1. iteracija
  GIF-ovi:          /home/ubuntu/master-rad/results/gifs/cartpole
=================================================================

  Iter |    Steps |     Reward |   Steps/s |  Total(s)
--------------------------------------------------------------

  Snimam random agenta (pre treninga)...
  → nagrada=31
     1 |     1024 |      20.28 |      2451 |         4
     2 |     2048 |      21.33 |       900 |         5
     3 |     3072 |      19.03 |       911 |         6
     4 |     4096 |      18.09 |       906 |         7
     5 |     5120 |      22.05 |       913 |         9
     6 |     6144 |      26.02 |       916 |        10
     7 |     7168 |      39.48 |       915 |        11
     8 |     8192 |      44.53 |       930 |        12
     9 |     9216 |      57.73 |       927 |        13
    10 |    10240 |      57.73 |       935 |        14
    11 |    11264 |      72.70 |       927 |        15
    12 |    12288 |      74.17 |       916 |        16
    13 |    13312 |      76.55 |       926 |        17
    14 |    14336 |      80.58 |       915 |        19
    15 |    15360 |     103.73 |       935 |        20
    16 |    16384 |     115.73 |       583 |        21
    17 |    17408 |     123.34 |       910 |        23
    18 |    18432 |     131.67 |       913 |        24
    19 |    19456 |     151.11 |       929 |        25
    20 |    20480 |     156.77 |       922 |        26
  [UPOZORENJE] MeanStdFilter nije pronađen — obs se šalju nenormalizovane.
  [Evolution] Iter 20 | nagrada≈151
    21 |    21504 |     161.90 |       916 |        27
    22 |    22528 |     174.76 |       918 |        29
    23 |    23552 |     177.99 |       912 |        30
    24 |    24576 |     188.65 |       908 |        31
    25 |    25600 |     191.95 |       921 |        32
    26 |    26624 |     204.12 |       909 |        33
    27 |    27648 |     219.39 |       915 |        34
    28 |    28672 |     224.51 |       902 |        35
    29 |    29696 |     227.11 |       906 |        36
    30 |    30720 |     228.08 |       901 |        38
    31 |    31744 |     233.61 |       907 |        39
    32 |    32768 |     239.19 |       908 |        40
    33 |    33792 |     245.19 |       922 |        41
    34 |    34816 |     245.19 |       909 |        42
    35 |    35840 |     249.19 |       913 |        43
    36 |    36864 |     257.24 |       924 |        44
    37 |    37888 |     257.24 |       910 |        45
    38 |    38912 |     262.49 |       901 |        47
    39 |    39936 |     253.28 |       909 |        48
    40 |    40960 |     244.75 |       706 |        49
  [Evolution] Iter 40 | nagrada≈500
    41 |    41984 |     242.12 |       921 |        52
    42 |    43008 |     237.35 |       924 |        53
    43 |    44032 |     234.08 |       906 |        54
    44 |    45056 |     234.74 |       906 |        55
    45 |    46080 |     236.01 |       913 |        56
    46 |    47104 |     246.05 |       940 |        57
    47 |    48128 |     251.56 |       927 |        58
    48 |    49152 |     252.18 |       894 |        59
    49 |    50176 |     252.92 |       907 |        61
    50 |    51200 |     251.22 |       895 |        62
    51 |    52224 |     250.13 |       899 |        63
    52 |    53248 |     252.91 |       898 |        64
    53 |    54272 |     252.91 |       905 |        65
    54 |    55296 |     254.17 |       902 |        66
    55 |    56320 |     270.59 |       895 |        67
    56 |    57344 |     276.18 |       896 |        68
    57 |    58368 |     274.16 |       901 |        70
    58 |    59392 |     270.75 |       908 |        71
    59 |    60416 |     263.06 |       916 |        72
    60 |    61440 |     253.63 |       905 |        73
  [Evolution] Iter 60 | nagrada≈500
    61 |    62464 |     253.63 |       917 |        75
    62 |    63488 |     248.49 |       901 |        77
    63 |    64512 |     240.68 |       901 |        78
    64 |    65536 |     242.29 |       899 |        79
    65 |    66560 |     240.20 |       891 |        80
    66 |    67584 |     238.75 |       897 |        81
    67 |    68608 |     227.14 |       896 |        82
    68 |    69632 |     207.32 |       895 |        83
    69 |    70656 |     204.31 |       889 |        85
    70 |    71680 |     176.53 |       894 |        86
    71 |    72704 |     148.25 |       907 |        87
    72 |    73728 |     139.26 |       912 |        88
    73 |    74752 |     136.13 |       918 |        89
    74 |    75776 |     132.65 |       892 |        90
    75 |    76800 |     129.88 |       689 |        92
    76 |    77824 |     129.88 |       901 |        93
    77 |    78848 |     142.82 |       907 |        94
    78 |    79872 |     146.16 |       903 |        95
    79 |    80896 |     156.98 |       886 |        96
    80 |    81920 |     152.20 |       894 |        97
  [Evolution] Iter 80 | nagrada≈500
    81 |    82944 |     152.20 |       892 |       100
    82 |    83968 |     156.14 |       886 |       101
    83 |    84992 |     168.41 |       902 |       102
    84 |    86016 |     178.92 |       913 |       103
    85 |    87040 |     179.31 |       899 |       104
    86 |    88064 |     187.09 |       905 |       106
    87 |    89088 |     179.99 |       902 |       107
    88 |    90112 |     184.96 |       907 |       108
    89 |    91136 |     193.14 |       904 |       109
    90 |    92160 |     193.14 |       899 |       110
    91 |    93184 |     193.50 |       901 |       111
    92 |    94208 |     214.21 |       901 |       112
    93 |    95232 |     219.62 |       909 |       114
    94 |    96256 |     213.90 |       914 |       115
    95 |    97280 |     186.06 |       902 |       116
    96 |    98304 |     169.93 |       901 |       117
    97 |    99328 |     173.98 |       911 |       118
    98 |   100352 |     184.70 |       899 |       119
    99 |   101376 |     184.70 |       884 |       120
   100 |   102400 |     180.82 |       893 |       121
  [Evolution] Iter 100 | nagrada≈500

  Checkpoint sačuvan: /home/ubuntu/master-rad/results/checkpoints/dqn_cartpole_w8

  Generiše GIF-ove → /home/ubuntu/master-rad/results/gifs/cartpole
    Naučen agent (DQN w=8): nagrada=500
  GIF: /home/ubuntu/master-rad/results/gifs/cartpole/dqn_w8_trained.gif  (500 frejmova, 119 KB)
  GIF: /home/ubuntu/master-rad/results/gifs/cartpole/dqn_w8_evolution.gif  (2754 frejmova, 1727 KB)

Ukupno prikupljenih koraka: 102,400
Prosečni throughput: 916 koraka/sec
Metrike: /home/ubuntu/master-rad/results/dqn_CartPole-v1_w8.json

>>> Evaluacija (10 epizoda) | dqn_w8

============================================================
  Evaluacija agenta (Policy inference, bez Ray workera)
  Checkpoint:  /home/ubuntu/master-rad/results/checkpoints/dqn_cartpole_w8
  Env:         CartPole-v1
  Epizode:     10
============================================================

 Epizoda |    Nagrada
----------------------
       1 |     500.00
       2 |     500.00
       3 |     500.00
       4 |     500.00
       5 |     500.00
       6 |     500.00
       7 |     500.00
       8 |     500.00
       9 |     500.00
      10 |     500.00

────────────────────────────────────────
  Prosek:  500.00  ±  0.00  (std)
  Min:     500.00
  Max:     500.00
────────────────────────────────────────

  GIF: /home/ubuntu/master-rad/results/gifs/cartpole/dqn_w8_best.gif  (500 frejmova, 176 KB)
  Best epizoda (500) sačuvana: /home/ubuntu/master-rad/results/gifs/cartpole/dqn_w8_best.gif
  dqn_w8: mean=500.00 ± 0.00

>>> DQN | env_runners=16 | CartPole-v1
Lokalni Ray klaster podignut.

=================================================================
  Ray RLlib DQN  (off-policy, diskretne akcije)
  Env:              CartPole-v1
  EnvRunners:       16  ← data kolektori
  TrainFreq:        4 koraka/worker/fragment  (SB3: train_freq)
  StepsPerIter:     ~1000 (RLlib min_sample=1000)
  BatchSize:        32  (SB3: batch_size)
  BufferSize:       50000
  LearningStarts:   1000 koraka
  Epsilon:          1.0 → 0.01 za 50000 koraka
  TargetUpdate:     svaka 500 grad. koraka
  n_step:           3
  Ukupno koraka:    ~100k (100 itera)
  Cilj:             nagrada >= 450
  lr:               0.0005
  gamma:            0.99
  net_arch:         [256, 256]
  double_q:         True
  dueling:          False
  Štampanje:        svaka 1. iteracija
  GIF-ovi:          /home/ubuntu/master-rad/results/gifs/cartpole
=================================================================

  Iter |    Steps |     Reward |   Steps/s |  Total(s)
--------------------------------------------------------------

  Snimam random agenta (pre treninga)...
  → nagrada=13
     1 |     1024 |      18.64 |      2660 |         6
     2 |     2048 |      19.85 |      1190 |         7
     3 |     3072 |      17.24 |       708 |         8
     4 |     4096 |      15.19 |      1182 |         9
     5 |     5120 |      13.95 |      1186 |        10
     6 |     6144 |      11.85 |      1194 |        11
     7 |     7168 |      14.90 |      1210 |        11
     8 |     8192 |      16.18 |      1212 |        12
     9 |     9216 |      19.94 |      1202 |        13
    10 |    10240 |      23.59 |      1207 |        14
    11 |    11264 |      27.56 |      1175 |        15
    12 |    12288 |      28.95 |      1194 |        16
    13 |    13312 |      36.38 |      1198 |        17
    14 |    14336 |      38.72 |      1205 |        17
    15 |    15360 |      46.04 |      1201 |        18
    16 |    16384 |      64.65 |      1215 |        19
    17 |    17408 |      68.37 |      1218 |        20
    18 |    18432 |      68.37 |      1200 |        21
    19 |    19456 |      76.45 |      1207 |        22
    20 |    20480 |      79.10 |      1199 |        22
  [UPOZORENJE] MeanStdFilter nije pronađen — obs se šalju nenormalizovane.
  [Evolution] Iter 20 | nagrada≈110
    21 |    21504 |      82.88 |      1222 |        24
    22 |    22528 |      80.07 |      1201 |        25
    23 |    23552 |      69.16 |      1208 |        25
    24 |    24576 |      74.55 |       924 |        26
    25 |    25600 |      75.35 |      1214 |        27
    26 |    26624 |      84.79 |      1201 |        28
    27 |    27648 |      85.03 |      1217 |        29
    28 |    28672 |      88.51 |      1213 |        30
    29 |    29696 |      84.38 |      1204 |        31
    30 |    30720 |      84.38 |      1195 |        32
    31 |    31744 |      89.11 |      1206 |        32
    32 |    32768 |      91.68 |      1228 |        33
    33 |    33792 |      99.80 |      1203 |        34
    34 |    34816 |     102.48 |      1223 |        35
    35 |    35840 |     106.00 |      1210 |        36
    36 |    36864 |     104.31 |      1211 |        37
    37 |    37888 |     104.83 |      1205 |        37
    38 |    38912 |     109.07 |      1207 |        38
    39 |    39936 |     110.55 |      1222 |        39
    40 |    40960 |     113.21 |      1216 |        40
  [Evolution] Iter 40 | nagrada≈119
    41 |    41984 |     114.67 |      1220 |        41
    42 |    43008 |     122.06 |      1220 |        42
    43 |    44032 |     124.77 |      1208 |        43
    44 |    45056 |     125.67 |      1206 |        44
    45 |    46080 |     127.26 |      1232 |        45
    46 |    47104 |     126.05 |      1217 |        45
    47 |    48128 |     123.72 |      1208 |        46
    48 |    49152 |     123.64 |      1205 |        47
    49 |    50176 |     128.60 |      1205 |        48
    50 |    51200 |     128.39 |      1212 |        49
    51 |    52224 |     127.41 |       849 |        50
    52 |    53248 |     129.75 |      1181 |        51
    53 |    54272 |     129.43 |      1197 |        52
    54 |    55296 |     131.23 |      1191 |        53
    55 |    56320 |     131.23 |      1202 |        53
    56 |    57344 |     136.01 |      1191 |        54
    57 |    58368 |     140.62 |      1205 |        55
    58 |    59392 |     144.58 |      1198 |        56
    59 |    60416 |     148.27 |      1193 |        57
    60 |    61440 |     151.62 |      1198 |        58
  [Evolution] Iter 60 | nagrada≈260
    61 |    62464 |     165.06 |      1197 |        59
    62 |    63488 |     165.06 |      1196 |        60
    63 |    64512 |     164.37 |      1192 |        61
    64 |    65536 |     165.35 |      1200 |        62
    65 |    66560 |     165.93 |      1190 |        63
    66 |    67584 |     165.93 |      1220 |        63
    67 |    68608 |     168.38 |      1207 |        64
    68 |    69632 |     179.03 |      1191 |        65
    69 |    70656 |     182.53 |      1191 |        66
    70 |    71680 |     187.55 |      1206 |        67
    71 |    72704 |     190.88 |      1211 |        68
    72 |    73728 |     192.53 |      1214 |        69
    73 |    74752 |     201.84 |      1188 |        69
    74 |    75776 |     211.19 |      1192 |        70
    75 |    76800 |     205.55 |      1193 |        71
    76 |    77824 |     205.57 |      1200 |        72
    77 |    78848 |     203.23 |      1193 |        73
    78 |    79872 |     203.29 |      1206 |        74
    79 |    80896 |     204.80 |      1220 |        75
    80 |    81920 |     209.86 |      1188 |        75
  [Evolution] Iter 80 | nagrada≈487
    81 |    82944 |     209.58 |      1204 |        78
    82 |    83968 |     211.68 |      1198 |        78
    83 |    84992 |     213.70 |      1185 |        79
    84 |    86016 |     218.07 |       851 |        81
    85 |    87040 |     222.93 |      1192 |        81
    86 |    88064 |     229.29 |      1194 |        82
    87 |    89088 |     233.17 |      1190 |        83
    88 |    90112 |     239.83 |      1191 |        84
    89 |    91136 |     234.64 |      1193 |        85
    90 |    92160 |     231.42 |      1214 |        86
    91 |    93184 |     220.41 |      1196 |        86
    92 |    94208 |     217.44 |      1194 |        87
    93 |    95232 |     215.67 |      1203 |        88
    94 |    96256 |     206.70 |      1195 |        89
    95 |    97280 |     206.70 |      1203 |        90
    96 |    98304 |     206.70 |      1205 |        91
    97 |    99328 |     206.70 |      1191 |        92
    98 |   100352 |     212.05 |      1191 |        92
    99 |   101376 |     220.48 |      1198 |        93
   100 |   102400 |     226.03 |      1196 |        94
  [Evolution] Iter 100 | nagrada≈126

  Checkpoint sačuvan: /home/ubuntu/master-rad/results/checkpoints/dqn_cartpole_w16

  Generiše GIF-ove → /home/ubuntu/master-rad/results/gifs/cartpole
    Naučen agent (DQN w=16): nagrada=142
  GIF: /home/ubuntu/master-rad/results/gifs/cartpole/dqn_w16_trained.gif  (142 frejmova, 139 KB)
  GIF: /home/ubuntu/master-rad/results/gifs/cartpole/dqn_w16_evolution.gif  (1330 frejmova, 1531 KB)

Ukupno prikupljenih koraka: 102,400
Prosečni throughput: 1202 koraka/sec
Metrike: /home/ubuntu/master-rad/results/dqn_CartPole-v1_w16.json

>>> Evaluacija (10 epizoda) | dqn_w16

============================================================
  Evaluacija agenta (Policy inference, bez Ray workera)
  Checkpoint:  /home/ubuntu/master-rad/results/checkpoints/dqn_cartpole_w16
  Env:         CartPole-v1
  Epizode:     10
============================================================

 Epizoda |    Nagrada
----------------------
       1 |     141.00
       2 |     130.00
       3 |     148.00
       4 |     134.00
       5 |     137.00
       6 |     158.00
       7 |     153.00
       8 |     126.00
       9 |     137.00
      10 |     139.00

────────────────────────────────────────
  Prosek:  140.30  ±  9.53  (std)
  Min:     126.00
  Max:     158.00
────────────────────────────────────────

  GIF: /home/ubuntu/master-rad/results/gifs/cartpole/dqn_w16_best.gif  (158 frejmova, 149 KB)
  Best epizoda (158) sačuvana: /home/ubuntu/master-rad/results/gifs/cartpole/dqn_w16_best.gif
  dqn_w16: mean=140.30 ± 9.53

Summary: /home/ubuntu/master-rad/results/summary_cartpole.json

  --- Rezultati: CartPole-v1 ---
  Framework              Workers   Duration   Best Rwd   Steps/s      Eval mean±std
  ----------------------------------------------------------------------------------
  ray_rllib                    0     134.2s      465.3       546   500.00 ± 0.00   
  ray_rllib                    1     129.9s      457.9       539   500.00 ± 0.00   
  ray_rllib                    2     108.5s      456.3       688   500.00 ± 0.00   
  ray_rllib                    4      88.3s      459.5       808   500.00 ± 0.00   
  ray_rllib                    8      86.4s      451.2       878   500.00 ± 0.00   
  ray_rllib                   16      97.5s      467.6       879   500.00 ± 0.00   
  appo                         1     278.6s      269.4      1174   433.00 ± 84.30  
  appo                         1     280.0s      274.6      1172   482.30 ± 35.77  
  appo                         2     145.3s      298.4      2306   420.10 ± 85.41  
  appo                         4      79.1s      289.5      4416   419.10 ± 62.24  
  appo                         8      53.9s      336.0      6913   435.30 ± 101.14 
  appo                        16      45.8s      241.8      8554   500.00 ± 0.00   
  dqn                          1     495.5s      232.6       207    97.00 ± 37.31  
  dqn                          2     282.0s      280.4       370   500.00 ± 0.00   
  dqn                          4     174.4s      199.4       611   142.50 ± 3.26   
  dqn                          8     122.8s      276.2       916   500.00 ± 0.00   
  dqn                         16      94.5s      239.8      1202   140.30 ± 9.53   

  Speedup PPO (baseline = w=0):
    w= 0: speedup=1.00x  efikasnost=N/A  thr_speedup=1.00x
    w= 1: speedup=1.03x  efikasnost=N/A  thr_speedup=0.99x
    w= 2: speedup=1.24x  efikasnost=N/A  thr_speedup=1.26x
    w= 4: speedup=1.52x  efikasnost=N/A  thr_speedup=1.48x
    w= 8: speedup=1.55x  efikasnost=N/A  thr_speedup=1.61x
    w=16: speedup=1.38x  efikasnost=N/A  thr_speedup=1.61x

  Speedup APPO (baseline = w=1):
    w= 1: speedup=1.00x  efikasnost=1.00  thr_speedup=1.00x
    w= 1: speedup=1.00x  efikasnost=1.00  thr_speedup=1.00x
    w= 2: speedup=1.92x  efikasnost=0.96  thr_speedup=1.96x
    w= 4: speedup=3.52x  efikasnost=0.88  thr_speedup=3.76x
    w= 8: speedup=5.17x  efikasnost=0.65  thr_speedup=5.89x
    w=16: speedup=6.08x  efikasnost=0.38  thr_speedup=7.29x

  Speedup DQN (baseline = w=1):
    w= 1: speedup=1.00x  efikasnost=1.00  thr_speedup=1.00x
    w= 2: speedup=1.76x  efikasnost=0.88  thr_speedup=1.79x
    w= 4: speedup=2.84x  efikasnost=0.71  thr_speedup=2.95x
    w= 8: speedup=4.04x  efikasnost=0.50  thr_speedup=4.42x
    w=16: speedup=5.24x  efikasnost=0.33  thr_speedup=5.81x

  [monitor] sažetak:
fajl:        /home/ubuntu/master-rad/results/monitor_cartpole_ppo_appo_dqn_20260821_165413.csv
uzoraka:     1736
trajanje:    3471s
CPU mean:    12.3%
CPU max:     99.9%
RAM mean:    24.1%  (7.55 GB)
RAM max:     46.0%  (14.40 GB)
vCPU:        16
  [monitor] sažetak sačuvan: /home/ubuntu/master-rad/results/monitor_cartpole_ppo_appo_dqn_20260821_165413.summary.txt
