timestamp,elapsed_sec,cpu_pct,load1,load5,nproc,mem_used_gb,mem_total_gb,mem_pct,ray_procs
2026-08-21T16:54:14,0.0,42.3,1.44,0.71,16,2.315,31.338,7.4,21
2026-08-21T16:54:16,2.0,6.5,1.44,0.71,16,2.372,31.338,7.6,21
2026-08-21T16:54:18,4.0,6.5,1.44,0.71,16,2.372,31.338,7.6,21
2026-08-21T16:54:20,6.0,6.6,1.4,0.72,16,2.379,31.338,7.6,21
2026-08-21T16:54:22,8.0,6.5,1.4,0.72,16,2.379,31.338,7.6,21
2026-08-21T16:54:24,10.0,6.6,1.37,0.72,16,2.384,31.338,7.6,21
2026-08-21T16:54:26,12.0,6.5,1.37,0.72,16,2.373,31.338,7.6,21
2026-08-21T16:54:28,14.0,6.6,1.37,0.72,16,2.36,31.338,7.5,21
2026-08-21T16:54:30,16.0,6.6,1.34,0.73,16,2.35,31.338,7.5,21
2026-08-21T16:54:32,18.0,6.5,1.34,0.73,16,2.349,31.338,7.5,21
2026-08-21T16:54:34,20.0,6.6,1.31,0.73,16,2.348,31.338,7.5,21
2026-08-21T16:54:36,22.0,6.6,1.31,0.73,16,2.348,31.338,7.5,21
2026-08-21T16:54:38,24.0,6.5,1.31,0.73,16,2.348,31.338,7.5,21
2026-08-21T16:54:40,26.0,6.5,1.29,0.73,16,2.348,31.338,7.5,21
2026-08-21T16:54:42,28.0,6.6,1.29,0.73,16,2.347,31.338,7.5,21
2026-08-21T16:54:44,30.0,6.6,1.27,0.74,16,2.346,31.338,7.5,21
2026-08-21T16:54:46,32.0,6.6,1.27,0.74,16,2.346,31.338,7.5,21
2026-08-21T16:54:48,34.0,6.6,1.27,0.74,16,2.346,31.338,7.5,21
2026-08-21T16:54:50,36.0,6.6,1.24,0.74,16,2.346,31.338,7.5,21
2026-08-21T16:54:52,38.0,6.6,1.24,0.74,16,2.348,31.338,7.5,21
2026-08-21T16:54:54,40.0,6.5,1.22,0.75,16,2.347,31.338,7.5,21
2026-08-21T16:54:56,42.0,6.5,1.22,0.75,16,2.347,31.338,7.5,21
2026-08-21T16:54:58,44.0,6.5,1.22,0.75,16,2.347,31.338,7.5,21
2026-08-21T16:55:00,46.0,6.5,1.21,0.75,16,2.347,31.338,7.5,21
2026-08-21T16:55:02,48.0,6.6,1.21,0.75,16,2.347,31.338,7.5,21
2026-08-21T16:55:04,50.0,6.5,1.19,0.76,16,2.348,31.338,7.5,21
2026-08-21T16:55:06,52.0,6.6,1.19,0.76,16,2.348,31.338,7.5,21
2026-08-21T16:55:08,54.0,6.6,1.19,0.76,16,2.347,31.338,7.5,21
2026-08-21T16:55:10,56.0,6.6,1.17,0.76,16,2.347,31.338,7.5,21
2026-08-21T16:55:12,58.0,6.6,1.17,0.76,16,2.348,31.338,7.5,21
2026-08-21T16:55:14,60.0,6.6,1.16,0.77,16,2.347,31.338,7.5,21
2026-08-21T16:55:16,62.0,6.5,1.16,0.77,16,2.347,31.338,7.5,21
2026-08-21T16:55:18,64.0,6.6,1.16,0.77,16,2.347,31.338,7.5,21
2026-08-21T16:55:20,66.0,6.5,1.15,0.77,16,2.347,31.338,7.5,21
2026-08-21T16:55:22,68.0,6.6,1.15,0.77,16,2.347,31.338,7.5,21
2026-08-21T16:55:24,70.0,6.6,1.13,0.77,16,2.347,31.338,7.5,21
2026-08-21T16:55:26,72.0,6.5,1.13,0.77,16,2.347,31.338,7.5,21
2026-08-21T16:55:28,74.0,6.5,1.13,0.77,16,2.347,31.338,7.5,21
2026-08-21T16:55:30,76.0,6.5,1.12,0.78,16,2.347,31.338,7.5,21
2026-08-21T16:55:32,78.0,6.5,1.12,0.78,16,2.347,31.338,7.5,21
2026-08-21T16:55:34,80.0,6.6,1.11,0.78,16,2.349,31.338,7.5,21
2026-08-21T16:55:36,82.0,6.6,1.11,0.78,16,2.348,31.338,7.5,21
2026-08-21T16:55:38,84.0,6.5,1.11,0.78,16,2.348,31.338,7.5,21
2026-08-21T16:55:40,86.0,6.6,1.1,0.79,16,2.348,31.338,7.5,21
2026-08-21T16:55:42,88.0,6.6,1.1,0.79,16,2.347,31.338,7.5,21
2026-08-21T16:55:44,90.0,6.5,1.1,0.79,16,2.347,31.338,7.5,21
2026-08-21T16:55:46,92.0,6.6,1.1,0.79,16,2.347,31.338,7.5,21
2026-08-21T16:55:48,94.0,6.6,1.1,0.79,16,2.347,31.338,7.5,21
2026-08-21T16:55:50,96.0,6.6,1.09,0.79,16,2.347,31.338,7.5,21
2026-08-21T16:55:52,98.0,6.6,1.09,0.79,16,2.347,31.338,7.5,21
2026-08-21T16:55:54,100.0,6.6,1.08,0.8,16,2.348,31.338,7.5,21
2026-08-21T16:55:56,102.0,6.5,1.08,0.8,16,2.348,31.338,7.5,21
2026-08-21T16:55:58,104.0,6.5,1.08,0.8,16,2.348,31.338,7.5,21
2026-08-21T16:56:00,106.0,6.6,1.07,0.8,16,2.348,31.338,7.5,21
2026-08-21T16:56:02,108.0,6.6,1.07,0.8,16,2.348,31.338,7.5,21
2026-08-21T16:56:04,110.0,6.5,1.07,0.8,16,2.348,31.338,7.5,21
2026-08-21T16:56:06,112.0,6.5,1.07,0.8,16,2.556,31.338,8.2,21
2026-08-21T16:56:08,114.0,6.6,1.07,0.8,16,2.556,31.338,8.2,21
2026-08-21T16:56:10,116.0,6.5,1.06,0.81,16,2.556,31.338,8.2,21
2026-08-21T16:56:12,118.0,6.6,1.06,0.81,16,2.556,31.338,8.2,21
2026-08-21T16:56:14,120.0,6.6,1.06,0.81,16,2.556,31.338,8.2,21
2026-08-21T16:56:16,122.0,6.5,1.06,0.81,16,2.556,31.338,8.2,21
2026-08-21T16:56:18,124.0,6.5,1.06,0.81,16,2.556,31.338,8.2,21
2026-08-21T16:56:20,126.0,6.5,1.05,0.81,16,2.556,31.338,8.2,21
2026-08-21T16:56:22,128.0,6.6,1.05,0.81,16,2.556,31.338,8.2,21
2026-08-21T16:56:24,130.0,6.6,1.05,0.82,16,2.556,31.338,8.2,21
2026-08-21T16:56:26,132.0,6.6,1.05,0.82,16,2.556,31.338,8.2,21
2026-08-21T16:56:28,134.0,6.5,1.05,0.82,16,2.604,31.338,8.3,21
2026-08-21T16:56:30,136.0,6.5,1.04,0.82,16,3.559,31.338,11.4,21
2026-08-21T16:56:32,138.0,6.6,1.04,0.82,16,3.51,31.338,11.2,21
2026-08-21T16:56:34,140.0,6.7,1.12,0.84,16,3.494,31.338,11.2,21
2026-08-21T16:56:36,142.0,6.6,1.12,0.84,16,3.446,31.338,11.0,21
2026-08-21T16:56:38,144.0,6.5,1.12,0.84,16,3.653,31.338,11.7,21
2026-08-21T16:56:40,146.0,6.6,1.11,0.84,16,4.586,31.338,14.6,21
2026-08-21T16:56:42,148.0,6.6,1.11,0.84,16,4.568,31.338,14.6,21
2026-08-21T16:56:44,150.0,6.6,1.1,0.85,16,4.576,31.338,14.6,21
2026-08-21T16:56:46,152.0,6.5,1.1,0.85,16,4.599,31.338,14.7,21
2026-08-21T16:56:48,154.0,6.2,1.1,0.85,16,4.521,31.338,14.4,21
2026-08-21T16:56:50,156.0,6.6,1.09,0.85,16,4.452,31.338,14.2,21
2026-08-21T16:56:52,158.0,6.7,1.09,0.85,16,4.435,31.338,14.2,21
2026-08-21T16:56:54,160.0,6.6,1.08,0.85,16,4.381,31.338,14.0,21
2026-08-21T16:56:56,162.0,6.6,1.08,0.85,16,4.381,31.338,14.0,21
2026-08-21T16:56:58,164.0,6.6,1.08,0.85,16,4.381,31.338,14.0,21
2026-08-21T16:57:00,166.0,6.6,1.08,0.86,16,4.381,31.338,14.0,21
2026-08-21T16:57:02,168.0,6.5,1.08,0.86,16,4.338,31.338,13.8,21
2026-08-21T16:57:04,170.0,6.5,1.07,0.86,16,4.338,31.338,13.8,21
2026-08-21T16:57:06,172.0,6.5,1.07,0.86,16,4.338,31.338,13.8,21
2026-08-21T16:57:08,174.0,6.6,1.07,0.86,16,4.676,31.338,14.9,21
2026-08-21T16:57:10,176.0,6.6,1.07,0.86,16,4.759,31.338,15.2,21
2026-08-21T16:57:12,178.0,6.6,1.07,0.86,16,4.762,31.338,15.2,21
2026-08-21T16:57:14,180.0,6.6,1.06,0.86,16,4.766,31.338,15.2,21
2026-08-21T16:57:16,182.0,6.6,1.06,0.86,16,4.766,31.338,15.2,21
2026-08-21T16:57:18,184.0,6.7,1.06,0.86,16,4.767,31.338,15.2,21
2026-08-21T16:57:20,186.0,6.6,1.06,0.87,16,4.77,31.338,15.2,21
2026-08-21T16:57:22,188.0,6.5,1.06,0.87,16,4.77,31.338,15.2,21
2026-08-21T16:57:24,190.0,6.6,1.05,0.87,16,4.77,31.338,15.2,21
2026-08-21T16:57:26,192.0,6.5,1.05,0.87,16,4.769,31.338,15.2,21
2026-08-21T16:57:28,194.0,6.6,1.05,0.87,16,4.766,31.338,15.2,21
2026-08-21T16:57:30,196.0,6.5,1.05,0.87,16,4.765,31.338,15.2,21
2026-08-21T16:57:32,198.0,6.6,1.05,0.87,16,4.762,31.338,15.2,21
2026-08-21T16:57:34,200.0,6.6,1.04,0.87,16,4.759,31.338,15.2,21
2026-08-21T16:57:36,202.0,6.6,1.04,0.87,16,4.754,31.338,15.2,21
2026-08-21T16:57:38,204.0,6.7,1.04,0.87,16,4.754,31.338,15.2,21
2026-08-21T16:57:40,206.0,6.6,1.04,0.88,16,4.753,31.338,15.2,21
2026-08-21T16:57:42,208.0,6.5,1.04,0.88,16,4.753,31.338,15.2,21
2026-08-21T16:57:44,210.0,6.6,1.04,0.88,16,4.753,31.338,15.2,21
2026-08-21T16:57:46,212.0,6.5,1.04,0.88,16,4.753,31.338,15.2,21
2026-08-21T16:57:48,214.0,6.6,1.04,0.88,16,4.753,31.338,15.2,21
2026-08-21T16:57:50,216.0,6.6,1.03,0.88,16,4.755,31.338,15.2,21
2026-08-21T16:57:52,218.0,6.7,1.03,0.88,16,4.755,31.338,15.2,21
2026-08-21T16:57:54,220.0,6.7,1.03,0.88,16,4.755,31.338,15.2,21
2026-08-21T16:57:56,222.0,6.5,1.03,0.88,16,4.755,31.338,15.2,21
2026-08-21T16:57:58,224.0,6.6,1.03,0.88,16,4.755,31.338,15.2,21
2026-08-21T16:58:00,226.0,6.6,1.03,0.88,16,4.754,31.338,15.2,21
2026-08-21T16:58:02,228.1,6.6,1.03,0.88,16,4.754,31.338,15.2,21
2026-08-21T16:58:04,230.1,6.6,1.02,0.89,16,4.754,31.338,15.2,21
2026-08-21T16:58:06,232.1,6.6,1.02,0.89,16,4.754,31.338,15.2,21
2026-08-21T16:58:08,234.1,6.7,1.02,0.89,16,4.754,31.338,15.2,21
2026-08-21T16:58:10,236.1,6.5,1.02,0.89,16,4.754,31.338,15.2,21
2026-08-21T16:58:12,238.1,6.6,1.02,0.89,16,4.751,31.338,15.2,21
2026-08-21T16:58:14,240.1,6.6,1.02,0.89,16,4.752,31.338,15.2,21
2026-08-21T16:58:16,242.1,6.5,1.02,0.89,16,4.752,31.338,15.2,21
2026-08-21T16:58:18,244.1,6.6,1.02,0.89,16,4.752,31.338,15.2,21
2026-08-21T16:58:20,246.1,6.6,1.02,0.89,16,4.751,31.338,15.2,21
2026-08-21T16:58:22,248.1,6.6,1.02,0.89,16,4.752,31.338,15.2,21
2026-08-21T16:58:24,250.1,6.6,1.02,0.89,16,4.752,31.338,15.2,21
2026-08-21T16:58:26,252.1,6.6,1.02,0.89,16,4.752,31.338,15.2,21
2026-08-21T16:58:28,254.1,6.7,1.02,0.89,16,4.752,31.338,15.2,21
2026-08-21T16:58:30,256.1,6.5,1.02,0.9,16,4.752,31.338,15.2,21
2026-08-21T16:58:32,258.1,6.7,1.02,0.9,16,4.753,31.338,15.2,21
2026-08-21T16:58:34,260.1,6.6,1.01,0.9,16,4.753,31.338,15.2,21
2026-08-21T16:58:36,262.1,6.6,1.01,0.9,16,4.753,31.338,15.2,21
2026-08-21T16:58:38,264.1,6.6,1.01,0.9,16,4.753,31.338,15.2,21
2026-08-21T16:58:40,266.1,6.5,1.01,0.9,16,4.753,31.338,15.2,21
2026-08-21T16:58:42,268.1,6.7,1.01,0.9,16,4.754,31.338,15.2,21
2026-08-21T16:58:44,270.1,6.5,1.01,0.9,16,4.752,31.338,15.2,21
2026-08-21T16:58:46,272.1,6.6,1.01,0.9,16,4.753,31.338,15.2,21
2026-08-21T16:58:48,274.1,6.6,1.01,0.9,16,4.753,31.338,15.2,21
2026-08-21T16:58:50,276.1,6.5,1.01,0.9,16,4.753,31.338,15.2,21
2026-08-21T16:58:52,278.1,6.7,1.01,0.9,16,4.755,31.338,15.2,21
2026-08-21T16:58:54,280.1,6.6,1.01,0.91,16,4.755,31.338,15.2,21
2026-08-21T16:58:56,282.1,6.6,1.01,0.91,16,4.755,31.338,15.2,21
2026-08-21T16:58:58,284.1,6.6,1.01,0.91,16,4.755,31.338,15.2,21
2026-08-21T16:59:00,286.1,6.6,1.01,0.91,16,4.755,31.338,15.2,21
2026-08-21T16:59:02,288.1,6.7,1.01,0.91,16,4.754,31.338,15.2,21
2026-08-21T16:59:04,290.1,6.6,1.01,0.91,16,4.754,31.338,15.2,21
2026-08-21T16:59:06,292.1,6.6,1.01,0.91,16,4.754,31.338,15.2,21
2026-08-21T16:59:08,294.1,6.6,1.01,0.91,16,4.754,31.338,15.2,21
2026-08-21T16:59:10,296.1,6.5,1.01,0.91,16,4.754,31.338,15.2,21
2026-08-21T16:59:12,298.1,6.7,1.01,0.91,16,4.756,31.338,15.2,21
2026-08-21T16:59:14,300.1,6.6,1.01,0.91,16,4.756,31.338,15.2,21
2026-08-21T16:59:16,302.1,6.5,1.01,0.91,16,4.756,31.338,15.2,21
2026-08-21T16:59:18,304.1,6.7,1.01,0.91,16,4.756,31.338,15.2,21
2026-08-21T16:59:20,306.1,6.6,1.0,0.92,16,4.756,31.338,15.2,21
2026-08-21T16:59:22,308.1,6.6,1.0,0.92,16,4.756,31.338,15.2,21
2026-08-21T16:59:24,310.1,6.7,1.0,0.92,16,4.756,31.338,15.2,21
2026-08-21T16:59:26,312.1,6.5,1.0,0.92,16,4.901,31.338,15.6,21
2026-08-21T16:59:28,314.1,6.7,1.0,0.92,16,5.225,31.338,16.7,21
2026-08-21T16:59:30,316.1,6.7,1.0,0.92,16,5.225,31.338,16.7,21
2026-08-21T16:59:32,318.1,6.6,1.0,0.92,16,5.225,31.338,16.7,21
2026-08-21T16:59:34,320.1,6.7,1.0,0.92,16,5.226,31.338,16.7,21
2026-08-21T16:59:36,322.1,4.2,1.0,0.92,16,4.386,31.338,14.0,20
2026-08-21T16:59:38,324.1,6.6,1.0,0.92,16,4.371,31.338,13.9,20
2026-08-21T16:59:40,326.1,6.6,1.0,0.92,16,4.359,31.338,13.9,20
2026-08-21T16:59:42,328.1,6.6,1.0,0.92,16,4.35,31.338,13.9,20
2026-08-21T16:59:44,330.1,6.5,1.0,0.92,16,4.345,31.338,13.9,20
2026-08-21T16:59:46,332.1,6.6,1.0,0.92,16,4.34,31.338,13.8,20
2026-08-21T16:59:48,334.1,6.6,1.0,0.92,16,4.336,31.338,13.8,20
2026-08-21T16:59:50,336.1,6.5,1.0,0.92,16,4.333,31.338,13.8,20
2026-08-21T16:59:52,338.1,6.7,1.0,0.92,16,4.33,31.338,13.8,20
2026-08-21T16:59:54,340.1,6.6,1.0,0.93,16,4.329,31.338,13.8,20
2026-08-21T16:59:56,342.1,10.7,1.0,0.93,16,4.881,31.338,15.6,20
2026-08-21T16:59:58,344.1,13.7,1.0,0.93,16,5.164,31.338,16.5,20
2026-08-21T17:00:00,346.1,12.6,1.08,0.94,16,5.164,31.338,16.5,20
2026-08-21T17:00:02,348.1,6.6,1.08,0.94,16,5.164,31.338,16.5,20
2026-08-21T17:00:04,350.1,7.4,1.07,0.94,16,5.18,31.338,16.5,20
2026-08-21T17:00:06,352.1,11.8,1.07,0.94,16,5.18,31.338,16.5,20
2026-08-21T17:00:08,354.1,6.6,1.07,0.94,16,5.18,31.338,16.5,20
2026-08-21T17:00:10,356.1,8.1,1.07,0.95,16,5.18,31.338,16.5,20
2026-08-21T17:00:12,358.1,11.0,1.07,0.95,16,5.18,31.338,16.5,20
2026-08-21T17:00:14,360.1,6.7,1.06,0.95,16,5.177,31.338,16.5,20
2026-08-21T17:00:16,362.1,8.6,1.06,0.95,16,5.169,31.338,16.5,20
2026-08-21T17:00:18,364.1,9.9,1.06,0.95,16,5.161,31.338,16.5,20
2026-08-21T17:00:20,366.1,6.5,1.06,0.95,16,5.152,31.338,16.4,20
2026-08-21T17:00:22,368.1,9.1,1.06,0.95,16,5.147,31.338,16.4,20
2026-08-21T17:00:24,370.1,9.7,1.05,0.95,16,5.146,31.338,16.4,20
2026-08-21T17:00:26,372.1,6.6,1.05,0.95,16,5.146,31.338,16.4,20
2026-08-21T17:00:28,374.1,9.8,1.05,0.95,16,5.146,31.338,16.4,20
2026-08-21T17:00:30,376.1,8.9,1.13,0.97,16,5.146,31.338,16.4,20
2026-08-21T17:00:32,378.1,6.5,1.13,0.97,16,5.146,31.338,16.4,20
2026-08-21T17:00:34,380.1,10.6,1.2,0.98,16,5.147,31.338,16.4,20
2026-08-21T17:00:36,382.1,8.3,1.2,0.98,16,5.147,31.338,16.4,20
2026-08-21T17:00:38,384.1,6.6,1.2,0.98,16,5.147,31.338,16.4,20
2026-08-21T17:00:40,386.1,11.7,1.18,0.98,16,5.147,31.338,16.4,20
2026-08-21T17:00:42,388.1,7.5,1.18,0.98,16,5.147,31.338,16.4,20
2026-08-21T17:00:44,390.1,6.6,1.17,0.98,16,5.146,31.338,16.4,20
2026-08-21T17:00:46,392.1,11.7,1.17,0.98,16,5.146,31.338,16.4,20
2026-08-21T17:00:48,394.1,6.7,1.17,0.98,16,5.146,31.338,16.4,20
2026-08-21T17:00:50,396.1,6.6,1.15,0.98,16,5.146,31.338,16.4,20
2026-08-21T17:00:52,398.1,12.1,1.15,0.98,16,5.146,31.338,16.4,20
2026-08-21T17:00:54,400.1,6.6,1.14,0.99,16,5.147,31.338,16.4,20
2026-08-21T17:00:56,402.1,6.9,1.14,0.99,16,5.147,31.338,16.4,20
2026-08-21T17:00:58,404.1,11.5,1.14,0.99,16,5.147,31.338,16.4,20
2026-08-21T17:01:00,406.1,6.6,1.13,0.99,16,5.147,31.338,16.4,20
2026-08-21T17:01:02,408.1,7.7,1.13,0.99,16,5.147,31.338,16.4,20
2026-08-21T17:01:04,410.1,10.7,1.2,1.0,16,5.147,31.338,16.4,20
2026-08-21T17:01:06,412.1,6.5,1.2,1.0,16,5.147,31.338,16.4,20
2026-08-21T17:01:08,414.1,8.0,1.2,1.0,16,5.147,31.338,16.4,20
2026-08-21T17:01:10,416.1,10.9,1.26,1.02,16,5.147,31.338,16.4,20
2026-08-21T17:01:12,418.1,6.6,1.26,1.02,16,5.147,31.338,16.4,20
2026-08-21T17:01:14,420.1,8.5,1.24,1.02,16,5.147,31.338,16.4,20
2026-08-21T17:01:16,422.1,10.2,1.24,1.02,16,5.145,31.338,16.4,20
2026-08-21T17:01:18,424.1,6.6,1.24,1.02,16,5.145,31.338,16.4,20
2026-08-21T17:01:20,426.1,9.4,1.22,1.02,16,5.145,31.338,16.4,20
2026-08-21T17:01:22,428.1,9.4,1.22,1.02,16,5.146,31.338,16.4,20
2026-08-21T17:01:24,430.1,6.6,1.2,1.02,16,5.146,31.338,16.4,20
2026-08-21T17:01:26,432.1,7.3,1.2,1.02,16,5.147,31.338,16.4,20
2026-08-21T17:01:28,434.1,11.4,1.2,1.02,16,5.146,31.338,16.4,20
2026-08-21T17:01:30,436.1,6.5,1.19,1.02,16,5.146,31.338,16.4,20
2026-08-21T17:01:32,438.1,8.2,1.19,1.02,16,5.147,31.338,16.4,20
2026-08-21T17:01:34,440.1,10.7,1.17,1.02,16,5.147,31.338,16.4,20
2026-08-21T17:01:36,442.1,6.6,1.17,1.02,16,5.146,31.338,16.4,20
2026-08-21T17:01:38,444.1,8.9,1.17,1.02,16,5.146,31.338,16.4,20
2026-08-21T17:01:40,446.1,10.1,1.24,1.03,16,5.146,31.338,16.4,20
2026-08-21T17:01:42,448.1,6.6,1.24,1.03,16,5.146,31.338,16.4,20
2026-08-21T17:01:44,450.1,6.7,1.22,1.03,16,5.145,31.338,16.4,20
2026-08-21T17:01:46,452.1,6.7,1.22,1.03,16,5.144,31.338,16.4,20
2026-08-21T17:01:48,454.1,6.6,1.22,1.03,16,5.144,31.338,16.4,20
2026-08-21T17:01:50,456.1,6.7,1.2,1.03,16,5.144,31.338,16.4,20
2026-08-21T17:01:52,458.1,6.7,1.2,1.03,16,5.144,31.338,16.4,20
2026-08-21T17:01:54,460.1,6.6,1.19,1.03,16,5.636,31.338,18.0,20
2026-08-21T17:01:56,462.1,6.5,1.19,1.03,16,5.652,31.338,18.0,20
2026-08-21T17:01:58,464.1,6.6,1.19,1.03,16,5.652,31.338,18.0,20
2026-08-21T17:02:00,466.1,6.6,1.17,1.03,16,5.652,31.338,18.0,20
2026-08-21T17:02:02,468.1,6.3,1.17,1.03,16,4.594,31.338,14.7,20
2026-08-21T17:02:04,470.1,6.1,1.16,1.03,16,4.266,31.338,13.6,18
2026-08-21T17:02:06,472.1,6.5,1.16,1.03,16,4.262,31.338,13.6,18
2026-08-21T17:02:08,474.1,6.6,1.16,1.03,16,4.254,31.338,13.6,18
2026-08-21T17:02:10,476.1,6.5,1.14,1.03,16,4.25,31.338,13.6,18
2026-08-21T17:02:12,478.1,6.5,1.14,1.03,16,4.247,31.338,13.6,18
2026-08-21T17:02:14,480.1,6.6,1.13,1.03,16,4.245,31.338,13.5,18
2026-08-21T17:02:16,482.1,6.5,1.13,1.03,16,4.242,31.338,13.5,18
2026-08-21T17:02:18,484.1,6.5,1.13,1.03,16,4.242,31.338,13.5,18
2026-08-21T17:02:20,486.1,6.5,1.12,1.03,16,4.242,31.338,13.5,18
2026-08-21T17:02:22,488.1,9.2,1.12,1.03,16,4.866,31.338,15.5,18
2026-08-21T17:02:24,490.1,25.5,1.35,1.08,16,5.715,31.338,18.2,18
2026-08-21T17:02:26,492.1,22.3,1.35,1.08,16,5.924,31.338,18.9,18
2026-08-21T17:02:28,494.1,6.6,1.35,1.08,16,5.94,31.338,19.0,18
2026-08-21T17:02:30,496.1,7.5,1.32,1.08,16,5.94,31.338,19.0,18
2026-08-21T17:02:32,498.1,13.6,1.32,1.08,16,5.94,31.338,19.0,18
2026-08-21T17:02:34,500.1,6.5,1.3,1.07,16,5.936,31.338,18.9,18
2026-08-21T17:02:36,502.1,14.6,1.3,1.07,16,5.922,31.338,18.9,18
2026-08-21T17:02:38,504.1,6.6,1.3,1.07,16,5.917,31.338,18.9,18
2026-08-21T17:02:40,506.1,9.3,1.27,1.07,16,5.912,31.338,18.9,18
2026-08-21T17:02:42,508.1,11.6,1.27,1.07,16,5.907,31.338,18.8,18
2026-08-21T17:02:44,510.1,6.6,1.25,1.07,16,5.899,31.338,18.8,18
2026-08-21T17:02:46,512.1,14.4,1.25,1.07,16,5.893,31.338,18.8,18
2026-08-21T17:02:48,514.1,6.5,1.25,1.07,16,5.883,31.338,18.8,18
2026-08-21T17:02:50,516.1,11.2,1.23,1.07,16,5.878,31.338,18.8,18
2026-08-21T17:02:52,518.1,10.0,1.23,1.07,16,5.877,31.338,18.8,18
2026-08-21T17:02:54,520.1,6.5,1.21,1.07,16,5.877,31.338,18.8,18
2026-08-21T17:02:56,522.1,14.6,1.21,1.07,16,5.877,31.338,18.8,18
2026-08-21T17:02:58,524.1,6.6,1.21,1.07,16,5.877,31.338,18.8,18
2026-08-21T17:03:00,526.1,11.1,1.2,1.07,16,5.877,31.338,18.8,18
2026-08-21T17:03:02,528.1,10.0,1.2,1.07,16,5.877,31.338,18.8,18
2026-08-21T17:03:04,530.1,6.5,1.18,1.07,16,5.877,31.338,18.8,18
2026-08-21T17:03:06,532.1,14.8,1.18,1.07,16,5.878,31.338,18.8,18
2026-08-21T17:03:08,534.1,6.6,1.18,1.07,16,5.877,31.338,18.8,18
2026-08-21T17:03:10,536.1,12.6,1.16,1.06,16,5.877,31.338,18.8,18
2026-08-21T17:03:12,538.1,8.9,1.16,1.06,16,5.877,31.338,18.8,18
2026-08-21T17:03:14,540.1,6.7,1.15,1.06,16,5.877,31.338,18.8,18
2026-08-21T17:03:16,542.1,14.8,1.15,1.06,16,5.877,31.338,18.8,18
2026-08-21T17:03:18,544.1,6.6,1.15,1.06,16,5.879,31.338,18.8,18
2026-08-21T17:03:20,546.1,13.0,1.14,1.06,16,5.879,31.338,18.8,18
2026-08-21T17:03:22,548.1,8.4,1.14,1.06,16,5.879,31.338,18.8,18
2026-08-21T17:03:24,550.1,6.6,1.13,1.06,16,5.879,31.338,18.8,18
2026-08-21T17:03:26,552.1,14.7,1.13,1.06,16,5.879,31.338,18.8,18
2026-08-21T17:03:28,554.1,6.6,1.13,1.06,16,5.879,31.338,18.8,18
2026-08-21T17:03:30,556.1,12.6,1.12,1.06,16,5.879,31.338,18.8,18
2026-08-21T17:03:32,558.1,8.7,1.12,1.06,16,5.879,31.338,18.8,18
2026-08-21T17:03:34,560.1,6.5,1.11,1.06,16,5.879,31.338,18.8,18
2026-08-21T17:03:36,562.1,14.6,1.11,1.06,16,5.879,31.338,18.8,18
2026-08-21T17:03:38,564.1,6.6,1.11,1.06,16,5.876,31.338,18.8,18
2026-08-21T17:03:40,566.1,6.7,1.1,1.06,16,5.876,31.338,18.8,18
2026-08-21T17:03:42,568.1,14.6,1.1,1.06,16,5.877,31.338,18.8,18
2026-08-21T17:03:44,570.1,6.5,1.09,1.06,16,5.877,31.338,18.8,18
2026-08-21T17:03:46,572.1,14.6,1.09,1.06,16,5.877,31.338,18.8,18
2026-08-21T17:03:48,574.1,6.5,1.09,1.06,16,5.877,31.338,18.8,18
2026-08-21T17:03:50,576.1,6.6,1.08,1.05,16,5.877,31.338,18.8,18
2026-08-21T17:03:52,578.1,6.5,1.08,1.05,16,5.877,31.338,18.8,18
2026-08-21T17:03:54,580.1,6.6,1.08,1.05,16,5.877,31.338,18.8,18
2026-08-21T17:03:56,582.1,6.5,1.08,1.05,16,5.877,31.338,18.8,18
2026-08-21T17:03:58,584.1,6.6,1.08,1.05,16,5.877,31.338,18.8,18
2026-08-21T17:04:00,586.1,6.6,1.07,1.05,16,6.17,31.338,19.7,18
2026-08-21T17:04:02,588.1,6.5,1.07,1.05,16,6.423,31.338,20.5,18
2026-08-21T17:04:04,590.1,6.6,1.06,1.05,16,6.423,31.338,20.5,18
2026-08-21T17:04:06,592.1,6.6,1.06,1.05,16,6.423,31.338,20.5,18
2026-08-21T17:04:08,594.1,6.6,1.06,1.05,16,6.423,31.338,20.5,18
2026-08-21T17:04:10,596.1,6.6,1.06,1.05,16,4.065,31.338,13.0,14
2026-08-21T17:04:12,598.1,6.5,1.06,1.05,16,4.065,31.338,13.0,14
2026-08-21T17:04:14,600.1,6.5,1.05,1.05,16,4.066,31.338,13.0,14
2026-08-21T17:04:16,602.1,6.5,1.05,1.05,16,4.066,31.338,13.0,14
2026-08-21T17:04:18,604.1,6.5,1.05,1.05,16,4.066,31.338,13.0,14
2026-08-21T17:04:20,606.1,6.5,1.05,1.05,16,4.07,31.338,13.0,14
2026-08-21T17:04:22,608.1,6.5,1.05,1.05,16,4.07,31.338,13.0,14
2026-08-21T17:04:24,610.1,6.5,1.05,1.05,16,4.07,31.338,13.0,14
2026-08-21T17:04:26,612.1,6.5,1.05,1.05,16,4.07,31.338,13.0,14
2026-08-21T17:04:28,614.1,6.5,1.05,1.05,16,4.07,31.338,13.0,14
2026-08-21T17:04:30,616.1,32.5,1.04,1.05,16,6.228,31.338,19.9,14
2026-08-21T17:04:32,618.1,50.5,1.04,1.05,16,7.348,31.338,23.4,14
2026-08-21T17:04:34,620.1,18.0,1.04,1.05,16,7.402,31.338,23.6,14
2026-08-21T17:04:36,622.1,6.5,1.04,1.05,16,7.402,31.338,23.6,14
2026-08-21T17:04:38,624.1,16.3,1.04,1.05,16,7.402,31.338,23.6,14
2026-08-21T17:04:40,626.1,6.5,1.03,1.04,16,7.418,31.338,23.7,14
2026-08-21T17:04:42,628.1,16.0,1.03,1.04,16,7.416,31.338,23.7,14
2026-08-21T17:04:44,630.1,6.5,1.11,1.06,16,7.416,31.338,23.7,14
2026-08-21T17:04:46,632.1,7.6,1.11,1.06,16,7.413,31.338,23.7,14
2026-08-21T17:04:48,634.1,14.9,1.11,1.06,16,7.408,31.338,23.6,14
2026-08-21T17:04:50,636.1,6.5,1.1,1.06,16,7.404,31.338,23.6,14
2026-08-21T17:04:52,638.1,16.0,1.1,1.06,16,7.4,31.338,23.6,14
2026-08-21T17:04:54,640.1,6.5,1.09,1.06,16,7.385,31.338,23.6,14
2026-08-21T17:04:56,642.1,16.2,1.09,1.06,16,7.366,31.338,23.5,14
2026-08-21T17:04:58,644.1,6.5,1.09,1.06,16,7.352,31.338,23.5,14
2026-08-21T17:05:00,646.1,16.1,1.09,1.06,16,7.346,31.338,23.4,14
2026-08-21T17:05:02,648.1,6.5,1.09,1.06,16,7.346,31.338,23.4,14
2026-08-21T17:05:04,650.1,6.5,1.08,1.06,16,7.346,31.338,23.4,14
2026-08-21T17:05:06,652.1,16.0,1.08,1.06,16,7.347,31.338,23.4,14
2026-08-21T17:05:08,654.1,6.5,1.08,1.06,16,7.347,31.338,23.4,14
2026-08-21T17:05:10,656.1,16.0,1.07,1.05,16,7.348,31.338,23.4,14
2026-08-21T17:05:12,658.1,6.5,1.07,1.05,16,7.348,31.338,23.4,14
2026-08-21T17:05:14,660.1,16.0,1.07,1.05,16,7.348,31.338,23.4,14
2026-08-21T17:05:16,662.1,6.5,1.07,1.05,16,7.348,31.338,23.4,14
2026-08-21T17:05:18,664.1,9.7,1.07,1.05,16,7.348,31.338,23.4,14
2026-08-21T17:05:20,666.1,12.6,1.62,1.17,16,7.349,31.338,23.4,14
2026-08-21T17:05:22,668.1,6.5,1.62,1.17,16,7.348,31.338,23.4,14
2026-08-21T17:05:24,670.1,15.9,1.57,1.17,16,7.348,31.338,23.4,14
2026-08-21T17:05:26,672.1,6.5,1.57,1.17,16,7.348,31.338,23.4,14
2026-08-21T17:05:28,674.1,16.0,1.57,1.17,16,7.348,31.338,23.4,14
2026-08-21T17:05:30,676.1,6.5,1.53,1.16,16,7.348,31.338,23.4,14
2026-08-21T17:05:32,678.1,16.0,1.53,1.16,16,7.347,31.338,23.4,14
2026-08-21T17:05:34,680.1,6.5,1.48,1.16,16,7.347,31.338,23.4,14
2026-08-21T17:05:36,682.1,6.8,1.48,1.16,16,7.347,31.338,23.4,14
2026-08-21T17:05:38,684.2,15.7,1.48,1.16,16,7.347,31.338,23.4,14
2026-08-21T17:05:40,686.2,6.5,1.44,1.16,16,7.347,31.338,23.4,14
2026-08-21T17:05:42,688.2,16.1,1.44,1.16,16,7.35,31.338,23.5,14
2026-08-21T17:05:44,690.2,6.5,1.41,1.15,16,7.35,31.338,23.5,14
2026-08-21T17:05:46,692.2,6.6,1.41,1.15,16,7.35,31.338,23.5,14
2026-08-21T17:05:48,694.2,15.9,1.41,1.15,16,7.35,31.338,23.5,14
2026-08-21T17:05:50,696.2,6.5,1.38,1.15,16,7.35,31.338,23.5,14
2026-08-21T17:05:52,698.2,15.9,1.38,1.15,16,7.353,31.338,23.5,14
2026-08-21T17:05:54,700.2,6.5,1.35,1.15,16,7.353,31.338,23.5,14
2026-08-21T17:05:56,702.2,6.5,1.35,1.15,16,7.353,31.338,23.5,14
2026-08-21T17:05:58,704.2,6.5,1.35,1.15,16,7.353,31.338,23.5,14
2026-08-21T17:06:00,706.2,6.5,1.32,1.15,16,7.353,31.338,23.5,14
2026-08-21T17:06:02,708.2,6.5,1.32,1.15,16,7.353,31.338,23.5,14
2026-08-21T17:06:04,710.2,6.6,1.29,1.14,16,7.353,31.338,23.5,14
2026-08-21T17:06:06,712.2,6.5,1.29,1.14,16,7.814,31.338,24.9,14
2026-08-21T17:06:08,714.2,6.6,1.29,1.14,16,7.814,31.338,24.9,14
2026-08-21T17:06:10,716.2,6.5,1.27,1.14,16,7.814,31.338,24.9,14
2026-08-21T17:06:12,718.2,6.5,1.27,1.14,16,7.815,31.338,24.9,14
2026-08-21T17:06:14,720.2,4.9,1.25,1.14,16,7.419,31.338,23.7,14
2026-08-21T17:06:16,722.2,7.8,1.25,1.14,16,3.747,31.338,12.0,6
2026-08-21T17:06:18,724.2,6.4,1.25,1.14,16,3.747,31.338,12.0,6
2026-08-21T17:06:20,726.2,6.4,1.23,1.14,16,3.747,31.338,12.0,6
2026-08-21T17:06:22,728.2,6.4,1.23,1.14,16,3.751,31.338,12.0,6
2026-08-21T17:06:24,730.2,6.4,1.21,1.13,16,3.751,31.338,12.0,6
2026-08-21T17:06:26,732.2,6.4,1.21,1.13,16,3.751,31.338,12.0,6
2026-08-21T17:06:28,734.2,6.4,1.21,1.13,16,3.752,31.338,12.0,6
2026-08-21T17:06:30,736.2,6.4,1.19,1.13,16,3.752,31.338,12.0,6
2026-08-21T17:06:32,738.2,6.4,1.19,1.13,16,3.752,31.338,12.0,6
2026-08-21T17:06:34,740.2,7.4,1.18,1.13,16,3.882,31.338,12.4,6
2026-08-21T17:06:36,742.2,90.2,1.18,1.13,16,8.472,31.338,27.0,21
2026-08-21T17:06:38,744.2,99.9,1.18,1.13,16,10.158,31.338,32.4,21
2026-08-21T17:06:40,746.2,69.0,2.36,1.38,16,10.918,31.338,34.8,21
2026-08-21T17:06:42,748.2,6.7,2.36,1.38,16,10.918,31.338,34.8,21
2026-08-21T17:06:44,750.2,8.9,2.25,1.37,16,10.934,31.338,34.9,21
2026-08-21T17:06:46,752.2,22.6,2.25,1.37,16,10.934,31.338,34.9,21
2026-08-21T17:06:48,754.2,6.6,2.25,1.37,16,10.934,31.338,34.9,21
2026-08-21T17:06:50,756.2,24.7,2.15,1.36,16,10.935,31.338,34.9,21
2026-08-21T17:06:52,758.2,6.7,2.15,1.36,16,10.935,31.338,34.9,21
2026-08-21T17:06:54,760.2,24.4,3.34,1.62,16,10.948,31.338,34.9,21
2026-08-21T17:06:56,762.2,6.6,3.34,1.62,16,10.936,31.338,34.9,21
2026-08-21T17:06:58,764.2,24.2,3.34,1.62,16,10.927,31.338,34.9,21
2026-08-21T17:07:00,766.2,6.8,3.15,1.61,16,10.921,31.338,34.8,21
2026-08-21T17:07:02,768.2,6.6,3.15,1.61,16,10.904,31.338,34.8,21
2026-08-21T17:07:04,770.2,23.6,2.98,1.6,16,10.894,31.338,34.8,21
2026-08-21T17:07:06,772.2,6.7,2.98,1.6,16,10.876,31.338,34.7,21
2026-08-21T17:07:08,774.2,24.0,2.98,1.6,16,10.875,31.338,34.7,21
2026-08-21T17:07:10,776.2,6.6,2.82,1.59,16,10.87,31.338,34.7,21
2026-08-21T17:07:12,778.2,23.9,2.82,1.59,16,10.867,31.338,34.7,21
2026-08-21T17:07:14,780.2,6.8,2.68,1.58,16,10.866,31.338,34.7,21
2026-08-21T17:07:16,782.2,19.9,2.68,1.58,16,10.866,31.338,34.7,21
2026-08-21T17:07:18,784.2,10.9,2.68,1.58,16,10.867,31.338,34.7,21
2026-08-21T17:07:20,786.2,6.6,2.54,1.57,16,10.867,31.338,34.7,21
2026-08-21T17:07:22,788.2,23.9,2.54,1.57,16,10.872,31.338,34.7,21
2026-08-21T17:07:24,790.2,6.7,2.42,1.56,16,10.87,31.338,34.7,21
2026-08-21T17:07:26,792.2,24.2,2.42,1.56,16,10.868,31.338,34.7,21
2026-08-21T17:07:28,794.2,6.6,2.42,1.56,16,10.868,31.338,34.7,21
2026-08-21T17:07:30,796.2,24.0,2.3,1.55,16,10.868,31.338,34.7,21
2026-08-21T17:07:32,798.2,6.7,2.3,1.55,16,10.868,31.338,34.7,21
2026-08-21T17:07:34,800.2,7.6,2.2,1.54,16,10.868,31.338,34.7,21
2026-08-21T17:07:36,802.2,22.8,2.2,1.54,16,10.869,31.338,34.7,21
2026-08-21T17:07:38,804.2,6.7,2.2,1.54,16,10.864,31.338,34.7,21
2026-08-21T17:07:40,806.2,23.9,2.1,1.53,16,10.864,31.338,34.7,21
2026-08-21T17:07:42,808.2,6.7,2.1,1.53,16,10.865,31.338,34.7,21
2026-08-21T17:07:44,810.2,24.5,3.46,1.82,16,10.864,31.338,34.7,21
2026-08-21T17:07:46,812.2,6.6,3.46,1.82,16,10.864,31.338,34.7,21
2026-08-21T17:07:48,814.2,7.2,3.46,1.82,16,10.865,31.338,34.7,21
2026-08-21T17:07:50,816.2,24.2,3.26,1.81,16,10.866,31.338,34.7,21
2026-08-21T17:07:52,818.2,6.6,3.26,1.81,16,10.866,31.338,34.7,21
2026-08-21T17:07:54,820.2,24.3,4.28,2.05,16,10.867,31.338,34.7,21
2026-08-21T17:07:56,822.2,6.6,4.28,2.05,16,10.867,31.338,34.7,21
2026-08-21T17:07:58,824.2,24.3,4.28,2.05,16,10.867,31.338,34.7,21
2026-08-21T17:08:00,826.2,6.7,4.02,2.03,16,10.868,31.338,34.7,21
2026-08-21T17:08:02,828.2,6.6,4.02,2.03,16,10.868,31.338,34.7,21
2026-08-21T17:08:04,830.2,23.9,3.78,2.01,16,10.868,31.338,34.7,21
2026-08-21T17:08:06,832.2,6.7,3.78,2.01,16,10.868,31.338,34.7,21
2026-08-21T17:08:08,834.2,24.0,3.78,2.01,16,10.868,31.338,34.7,21
2026-08-21T17:08:10,836.2,6.6,3.55,1.99,16,10.868,31.338,34.7,21
2026-08-21T17:08:12,838.2,6.9,3.55,1.99,16,10.867,31.338,34.7,21
2026-08-21T17:08:14,840.2,6.6,3.35,1.98,16,10.867,31.338,34.7,21
2026-08-21T17:08:16,842.2,6.8,3.35,1.98,16,10.867,31.338,34.7,21
2026-08-21T17:08:18,844.2,6.8,3.35,1.98,16,10.867,31.338,34.7,21
2026-08-21T17:08:20,846.2,6.9,3.16,1.96,16,10.867,31.338,34.7,21
2026-08-21T17:08:22,848.2,6.6,3.16,1.96,16,11.367,31.338,36.3,21
2026-08-21T17:08:24,850.2,6.8,2.99,1.94,16,11.367,31.338,36.3,21
2026-08-21T17:08:26,852.2,6.7,2.99,1.94,16,11.368,31.338,36.3,21
2026-08-21T17:08:28,854.2,6.7,2.99,1.94,16,11.368,31.338,36.3,21
2026-08-21T17:08:30,856.2,6.8,2.83,1.93,16,11.144,31.338,35.6,21
2026-08-21T17:08:32,858.2,11.9,2.83,1.93,16,3.713,31.338,11.8,5
2026-08-21T17:08:34,860.2,6.4,2.68,1.91,16,3.713,31.338,11.8,5
2026-08-21T17:08:36,862.2,6.4,2.68,1.91,16,3.719,31.338,11.9,5
2026-08-21T17:08:38,864.2,6.4,2.68,1.91,16,3.719,31.338,11.9,5
2026-08-21T17:08:40,866.2,6.4,2.55,1.9,16,3.719,31.338,11.9,5
2026-08-21T17:08:42,868.2,6.3,2.55,1.9,16,3.719,31.338,11.9,5
2026-08-21T17:08:44,870.2,6.4,2.42,1.88,16,3.719,31.338,11.9,5
2026-08-21T17:08:46,872.2,6.4,2.42,1.88,16,3.718,31.338,11.9,5
2026-08-21T17:08:48,874.2,6.4,2.42,1.88,16,3.718,31.338,11.9,5
2026-08-21T17:08:50,876.2,6.6,2.31,1.87,16,3.781,31.338,12.1,6
2026-08-21T17:08:52,878.2,6.4,2.31,1.87,16,4.127,31.338,13.2,6
2026-08-21T17:08:54,880.2,9.1,2.28,1.87,16,4.166,31.338,13.3,6
2026-08-21T17:08:56,882.2,10.4,2.28,1.87,16,4.169,31.338,13.3,6
2026-08-21T17:08:58,884.2,11.0,2.28,1.87,16,4.239,31.338,13.5,6
2026-08-21T17:09:00,886.2,11.0,2.18,1.85,16,4.262,31.338,13.6,6
2026-08-21T17:09:02,888.2,10.6,2.18,1.85,16,4.259,31.338,13.6,6
2026-08-21T17:09:04,890.2,10.5,2.09,1.84,16,4.267,31.338,13.6,6
2026-08-21T17:09:06,892.2,10.6,2.09,1.84,16,4.27,31.338,13.6,6
2026-08-21T17:09:08,894.2,11.0,2.09,1.84,16,4.267,31.338,13.6,6
2026-08-21T17:09:10,896.2,10.9,2.08,1.84,16,4.264,31.338,13.6,6
2026-08-21T17:09:12,898.2,10.8,2.08,1.84,16,4.263,31.338,13.6,6
2026-08-21T17:09:14,900.2,10.8,2.07,1.85,16,4.264,31.338,13.6,6
2026-08-21T17:09:16,902.2,10.6,2.07,1.85,16,4.26,31.338,13.6,6
2026-08-21T17:09:18,904.2,10.7,2.07,1.85,16,4.257,31.338,13.6,6
2026-08-21T17:09:20,906.2,10.3,1.99,1.83,16,4.257,31.338,13.6,6
2026-08-21T17:09:22,908.2,10.8,1.99,1.83,16,4.257,31.338,13.6,6
2026-08-21T17:09:24,910.2,11.1,2.07,1.85,16,4.257,31.338,13.6,6
2026-08-21T17:09:26,912.2,11.0,2.07,1.85,16,4.258,31.338,13.6,6
2026-08-21T17:09:28,914.2,11.2,2.07,1.85,16,4.267,31.338,13.6,6
2026-08-21T17:09:30,916.2,10.4,1.98,1.84,16,4.267,31.338,13.6,6
2026-08-21T17:09:32,918.2,11.1,1.98,1.84,16,4.267,31.338,13.6,6
2026-08-21T17:09:34,920.2,10.9,1.98,1.84,16,4.267,31.338,13.6,6
2026-08-21T17:09:36,922.2,11.1,1.98,1.84,16,4.267,31.338,13.6,6
2026-08-21T17:09:38,924.2,11.1,1.98,1.84,16,4.263,31.338,13.6,6
2026-08-21T17:09:40,926.2,10.9,1.98,1.84,16,4.262,31.338,13.6,6
2026-08-21T17:09:43,928.2,10.7,1.98,1.84,16,4.262,31.338,13.6,6
2026-08-21T17:09:45,930.2,10.6,1.91,1.83,16,4.262,31.338,13.6,6
2026-08-21T17:09:47,932.2,10.0,1.91,1.83,16,4.263,31.338,13.6,6
2026-08-21T17:09:49,934.2,10.6,1.91,1.83,16,4.267,31.338,13.6,6
2026-08-21T17:09:51,936.2,10.6,1.91,1.83,16,4.267,31.338,13.6,6
2026-08-21T17:09:53,938.2,10.6,1.91,1.83,16,4.267,31.338,13.6,6
2026-08-21T17:09:55,940.2,10.7,1.84,1.82,16,4.267,31.338,13.6,6
2026-08-21T17:09:57,942.2,11.0,1.84,1.82,16,4.267,31.338,13.6,6
2026-08-21T17:09:59,944.2,10.9,1.84,1.82,16,4.268,31.338,13.6,6
2026-08-21T17:10:01,946.2,11.2,1.77,1.8,16,4.268,31.338,13.6,6
2026-08-21T17:10:03,948.2,11.1,1.77,1.8,16,4.268,31.338,13.6,6
2026-08-21T17:10:05,950.2,11.2,1.79,1.81,16,4.268,31.338,13.6,6
2026-08-21T17:10:07,952.2,11.0,1.79,1.81,16,4.268,31.338,13.6,6
2026-08-21T17:10:09,954.2,11.2,1.79,1.81,16,4.268,31.338,13.6,6
2026-08-21T17:10:11,956.2,11.2,1.81,1.81,16,4.269,31.338,13.6,6
2026-08-21T17:10:13,958.2,11.3,1.81,1.81,16,4.269,31.338,13.6,6
2026-08-21T17:10:15,960.2,11.3,1.82,1.81,16,4.27,31.338,13.6,6
2026-08-21T17:10:17,962.2,11.2,1.82,1.81,16,4.27,31.338,13.6,6
2026-08-21T17:10:19,964.2,10.8,1.82,1.81,16,4.27,31.338,13.6,6
2026-08-21T17:10:21,966.2,11.0,1.76,1.8,16,4.27,31.338,13.6,6
2026-08-21T17:10:23,968.2,10.9,1.76,1.8,16,4.27,31.338,13.6,6
2026-08-21T17:10:25,970.2,11.2,1.78,1.8,16,4.27,31.338,13.6,6
2026-08-21T17:10:27,972.2,11.1,1.78,1.8,16,4.271,31.338,13.6,6
2026-08-21T17:10:29,974.2,10.6,1.78,1.8,16,4.272,31.338,13.6,6
2026-08-21T17:10:31,976.2,10.8,1.71,1.79,16,4.272,31.338,13.6,6
2026-08-21T17:10:33,978.2,10.5,1.71,1.79,16,4.272,31.338,13.6,6
2026-08-21T17:10:35,980.2,10.9,1.74,1.79,16,4.273,31.338,13.6,6
2026-08-21T17:10:37,982.2,10.1,1.74,1.79,16,4.273,31.338,13.6,6
2026-08-21T17:10:39,984.2,9.3,1.74,1.79,16,4.273,31.338,13.6,6
2026-08-21T17:10:41,986.2,10.8,1.68,1.78,16,4.273,31.338,13.6,6
2026-08-21T17:10:43,988.2,10.8,1.68,1.78,16,4.274,31.338,13.6,6
2026-08-21T17:10:45,990.2,11.0,1.7,1.78,16,4.274,31.338,13.6,6
2026-08-21T17:10:47,992.2,10.7,1.7,1.78,16,4.275,31.338,13.6,6
2026-08-21T17:10:49,994.2,11.0,1.7,1.78,16,4.275,31.338,13.6,6
2026-08-21T17:10:51,996.2,10.7,1.73,1.79,16,4.276,31.338,13.6,6
2026-08-21T17:10:53,998.2,10.9,1.73,1.79,16,4.276,31.338,13.6,6
2026-08-21T17:10:55,1000.2,10.8,1.75,1.79,16,4.276,31.338,13.6,6
2026-08-21T17:10:57,1002.2,10.7,1.75,1.79,16,4.276,31.338,13.6,6
2026-08-21T17:10:59,1004.2,10.8,1.75,1.79,16,4.276,31.338,13.6,6
2026-08-21T17:11:01,1006.2,10.7,1.69,1.78,16,4.276,31.338,13.6,6
2026-08-21T17:11:03,1008.2,10.7,1.69,1.78,16,4.276,31.338,13.6,6
2026-08-21T17:11:05,1010.2,11.1,1.63,1.77,16,4.284,31.338,13.7,6
2026-08-21T17:11:07,1012.2,10.7,1.63,1.77,16,4.284,31.338,13.7,6
2026-08-21T17:11:09,1014.2,10.8,1.63,1.77,16,4.284,31.338,13.7,6
2026-08-21T17:11:11,1016.2,10.9,1.66,1.77,16,4.285,31.338,13.7,6
2026-08-21T17:11:13,1018.2,10.8,1.66,1.77,16,4.286,31.338,13.7,6
2026-08-21T17:11:15,1020.2,10.6,1.61,1.76,16,4.286,31.338,13.7,6
2026-08-21T17:11:17,1022.2,10.9,1.61,1.76,16,4.286,31.338,13.7,6
2026-08-21T17:11:19,1024.2,10.9,1.61,1.76,16,4.286,31.338,13.7,6
2026-08-21T17:11:21,1026.2,10.6,1.64,1.76,16,4.286,31.338,13.7,6
2026-08-21T17:11:23,1028.2,10.9,1.64,1.76,16,4.286,31.338,13.7,6
2026-08-21T17:11:25,1030.2,10.8,1.59,1.75,16,4.286,31.338,13.7,6
2026-08-21T17:11:27,1032.2,10.9,1.59,1.75,16,4.286,31.338,13.7,6
2026-08-21T17:11:29,1034.2,9.8,1.59,1.75,16,4.287,31.338,13.7,6
2026-08-21T17:11:31,1036.2,10.3,1.62,1.75,16,4.287,31.338,13.7,6
2026-08-21T17:11:33,1038.2,11.0,1.62,1.75,16,4.287,31.338,13.7,6
2026-08-21T17:11:35,1040.2,10.6,1.65,1.76,16,4.295,31.338,13.7,6
2026-08-21T17:11:37,1042.2,10.9,1.65,1.76,16,4.295,31.338,13.7,6
2026-08-21T17:11:39,1044.2,10.6,1.65,1.76,16,4.295,31.338,13.7,6
2026-08-21T17:11:41,1046.2,11.0,1.68,1.76,16,4.294,31.338,13.7,6
2026-08-21T17:11:43,1048.2,11.0,1.68,1.76,16,4.294,31.338,13.7,6
2026-08-21T17:11:45,1050.2,10.9,1.71,1.77,16,4.294,31.338,13.7,6
2026-08-21T17:11:47,1052.2,10.8,1.71,1.77,16,4.294,31.338,13.7,6
2026-08-21T17:11:49,1054.2,10.5,1.71,1.77,16,4.294,31.338,13.7,6
2026-08-21T17:11:51,1056.2,11.0,1.65,1.75,16,4.294,31.338,13.7,6
2026-08-21T17:11:53,1058.2,11.2,1.65,1.75,16,4.294,31.338,13.7,6
2026-08-21T17:11:55,1060.2,11.4,1.68,1.76,16,4.294,31.338,13.7,6
2026-08-21T17:11:57,1062.2,10.9,1.68,1.76,16,4.295,31.338,13.7,6
2026-08-21T17:11:59,1064.2,10.9,1.68,1.76,16,4.294,31.338,13.7,6
2026-08-21T17:12:01,1066.2,11.1,1.62,1.74,16,4.295,31.338,13.7,6
2026-08-21T17:12:03,1068.2,11.4,1.62,1.74,16,4.295,31.338,13.7,6
2026-08-21T17:12:05,1070.2,11.7,1.65,1.75,16,4.295,31.338,13.7,6
2026-08-21T17:12:07,1072.2,11.5,1.65,1.75,16,4.295,31.338,13.7,6
2026-08-21T17:12:09,1074.2,11.4,1.65,1.75,16,4.295,31.338,13.7,6
2026-08-21T17:12:11,1076.2,11.6,1.68,1.75,16,4.296,31.338,13.7,6
2026-08-21T17:12:13,1078.2,11.3,1.68,1.75,16,4.296,31.338,13.7,6
2026-08-21T17:12:15,1080.2,11.6,1.87,1.79,16,4.297,31.338,13.7,6
2026-08-21T17:12:17,1082.2,11.1,1.87,1.79,16,4.297,31.338,13.7,6
2026-08-21T17:12:19,1084.2,10.6,1.87,1.79,16,4.297,31.338,13.7,6
2026-08-21T17:12:21,1086.2,9.6,1.8,1.78,16,4.297,31.338,13.7,6
2026-08-21T17:12:23,1088.2,10.9,1.8,1.78,16,4.298,31.338,13.7,6
2026-08-21T17:12:25,1090.2,11.7,1.81,1.78,16,4.298,31.338,13.7,6
2026-08-21T17:12:27,1092.2,11.4,1.81,1.78,16,4.298,31.338,13.7,6
2026-08-21T17:12:29,1094.2,11.6,1.81,1.78,16,4.298,31.338,13.7,6
2026-08-21T17:12:31,1096.2,11.7,1.91,1.8,16,4.298,31.338,13.7,6
2026-08-21T17:12:33,1098.2,11.4,1.91,1.8,16,4.298,31.338,13.7,6
2026-08-21T17:12:35,1100.2,11.5,1.84,1.79,16,4.299,31.338,13.7,6
2026-08-21T17:12:37,1102.2,11.5,1.84,1.79,16,4.299,31.338,13.7,6
2026-08-21T17:12:39,1104.2,11.4,1.84,1.79,16,4.3,31.338,13.7,6
2026-08-21T17:12:41,1106.2,11.7,1.85,1.79,16,4.3,31.338,13.7,6
2026-08-21T17:12:43,1108.2,11.6,1.85,1.79,16,4.3,31.338,13.7,6
2026-08-21T17:12:45,1110.2,11.4,1.94,1.81,16,4.3,31.338,13.7,6
2026-08-21T17:12:47,1112.2,11.2,1.94,1.81,16,4.3,31.338,13.7,6
2026-08-21T17:12:49,1114.2,10.8,1.94,1.81,16,4.301,31.338,13.7,6
2026-08-21T17:12:51,1116.2,11.6,1.95,1.82,16,4.301,31.338,13.7,6
2026-08-21T17:12:53,1118.2,11.5,1.95,1.82,16,4.301,31.338,13.7,6
2026-08-21T17:12:55,1120.2,11.6,1.95,1.82,16,4.302,31.338,13.7,6
2026-08-21T17:12:57,1122.2,11.4,1.95,1.82,16,4.302,31.338,13.7,6
2026-08-21T17:12:59,1124.2,11.4,1.95,1.82,16,4.302,31.338,13.7,6
2026-08-21T17:13:01,1126.3,11.3,1.96,1.82,16,4.302,31.338,13.7,6
2026-08-21T17:13:03,1128.3,11.4,1.96,1.82,16,4.302,31.338,13.7,6
2026-08-21T17:13:05,1130.3,11.4,1.96,1.83,16,4.302,31.338,13.7,6
2026-08-21T17:13:07,1132.3,11.4,1.96,1.83,16,4.303,31.338,13.7,6
2026-08-21T17:13:09,1134.3,11.5,1.96,1.83,16,4.303,31.338,13.7,6
2026-08-21T17:13:11,1136.3,11.3,1.88,1.81,16,4.304,31.338,13.7,6
2026-08-21T17:13:13,1138.3,9.4,1.88,1.81,16,4.304,31.338,13.7,6
2026-08-21T17:13:15,1140.3,11.2,1.89,1.82,16,4.304,31.338,13.7,6
2026-08-21T17:13:17,1142.3,11.6,1.89,1.82,16,4.304,31.338,13.7,6
2026-08-21T17:13:19,1144.3,11.5,1.89,1.82,16,4.313,31.338,13.8,6
2026-08-21T17:13:21,1146.3,11.1,1.9,1.82,16,4.313,31.338,13.8,6
2026-08-21T17:13:23,1148.3,11.5,1.9,1.82,16,4.313,31.338,13.8,6
2026-08-21T17:13:25,1150.3,11.4,1.91,1.82,16,4.313,31.338,13.8,6
2026-08-21T17:13:27,1152.3,11.6,1.91,1.82,16,4.313,31.338,13.8,6
2026-08-21T17:13:29,1154.3,11.0,1.91,1.82,16,4.313,31.338,13.8,6
2026-08-21T17:13:31,1156.3,6.8,1.84,1.81,16,4.312,31.338,13.8,6
2026-08-21T17:13:33,1158.3,6.4,1.84,1.81,16,4.312,31.338,13.8,6
2026-08-21T17:13:35,1160.3,6.5,1.77,1.8,16,4.312,31.338,13.8,6
2026-08-21T17:13:37,1162.3,6.4,1.77,1.8,16,4.312,31.338,13.8,6
2026-08-21T17:13:39,1164.3,6.5,1.77,1.8,16,4.312,31.338,13.8,6
2026-08-21T17:13:41,1166.3,6.4,1.71,1.78,16,6.723,31.338,21.5,6
2026-08-21T17:13:43,1168.3,6.4,1.71,1.78,16,6.108,31.338,19.5,6
2026-08-21T17:13:45,1170.3,6.5,1.65,1.77,16,6.124,31.338,19.5,6
2026-08-21T17:13:47,1172.3,6.4,1.65,1.77,16,6.139,31.338,19.6,6
2026-08-21T17:13:49,1174.3,6.4,1.65,1.77,16,6.161,31.338,19.7,6
2026-08-21T17:13:51,1176.3,6.4,1.6,1.76,16,6.13,31.338,19.6,6
2026-08-21T17:13:53,1178.3,6.4,1.6,1.76,16,6.16,31.338,19.7,6
2026-08-21T17:13:55,1180.3,6.5,1.55,1.74,16,6.168,31.338,19.7,6
2026-08-21T17:13:57,1182.3,6.4,1.55,1.74,16,6.183,31.338,19.7,6
2026-08-21T17:13:59,1184.3,6.4,1.55,1.74,16,6.152,31.338,19.6,6
2026-08-21T17:14:01,1186.3,6.5,1.5,1.73,16,6.182,31.338,19.7,6
2026-08-21T17:14:03,1188.3,3.9,1.5,1.73,16,5.791,31.338,18.5,5
2026-08-21T17:14:05,1190.3,6.4,1.46,1.72,16,5.76,31.338,18.4,5
2026-08-21T17:14:07,1192.3,6.4,1.46,1.72,16,5.732,31.338,18.3,5
2026-08-21T17:14:09,1194.3,6.4,1.46,1.72,16,5.721,31.338,18.3,5
2026-08-21T17:14:11,1196.3,6.4,1.43,1.71,16,5.688,31.338,18.1,5
2026-08-21T17:14:13,1198.3,6.4,1.43,1.71,16,5.688,31.338,18.1,5
2026-08-21T17:14:15,1200.3,6.4,1.39,1.69,16,5.688,31.338,18.1,5
2026-08-21T17:14:17,1202.3,6.4,1.39,1.69,16,5.688,31.338,18.1,5
2026-08-21T17:14:19,1204.3,6.4,1.39,1.69,16,5.688,31.338,18.1,5
2026-08-21T17:14:21,1206.3,6.4,1.36,1.68,16,5.688,31.338,18.1,5
2026-08-21T17:14:23,1208.3,6.5,1.36,1.68,16,6.017,31.338,19.2,6
2026-08-21T17:14:25,1210.3,7.5,1.33,1.67,16,6.133,31.338,19.6,6
2026-08-21T17:14:27,1212.3,11.0,1.33,1.67,16,6.133,31.338,19.6,6
2026-08-21T17:14:29,1214.3,11.1,1.33,1.67,16,6.187,31.338,19.7,6
2026-08-21T17:14:31,1216.3,11.0,1.3,1.66,16,6.188,31.338,19.7,6
2026-08-21T17:14:33,1218.3,11.4,1.3,1.66,16,6.21,31.338,19.8,6
2026-08-21T17:14:35,1220.3,11.4,1.36,1.67,16,6.208,31.338,19.8,6
2026-08-21T17:14:37,1222.3,11.5,1.36,1.67,16,6.207,31.338,19.8,6
2026-08-21T17:14:39,1224.3,11.4,1.36,1.67,16,6.208,31.338,19.8,6
2026-08-21T17:14:41,1226.3,11.5,1.41,1.67,16,6.208,31.338,19.8,6
2026-08-21T17:14:43,1228.3,11.4,1.41,1.67,16,6.213,31.338,19.8,6
2026-08-21T17:14:45,1230.3,11.4,1.38,1.66,16,6.209,31.338,19.8,6
2026-08-21T17:14:47,1232.3,11.5,1.38,1.66,16,6.22,31.338,19.8,6
2026-08-21T17:14:49,1234.3,11.4,1.38,1.66,16,6.216,31.338,19.8,6
2026-08-21T17:14:51,1236.3,11.3,1.35,1.65,16,6.213,31.338,19.8,6
2026-08-21T17:14:53,1238.3,11.0,1.35,1.65,16,6.213,31.338,19.8,6
2026-08-21T17:14:55,1240.3,11.2,1.4,1.65,16,6.213,31.338,19.8,6
2026-08-21T17:14:57,1242.3,11.4,1.4,1.65,16,6.213,31.338,19.8,6
2026-08-21T17:14:59,1244.3,11.4,1.4,1.65,16,6.213,31.338,19.8,6
2026-08-21T17:15:01,1246.3,11.5,1.53,1.68,16,6.214,31.338,19.8,6
2026-08-21T17:15:03,1248.3,11.1,1.53,1.68,16,6.214,31.338,19.8,6
2026-08-21T17:15:05,1250.3,11.4,1.57,1.68,16,6.214,31.338,19.8,6
2026-08-21T17:15:07,1252.3,11.5,1.57,1.68,16,6.214,31.338,19.8,6
2026-08-21T17:15:09,1254.3,11.2,1.57,1.68,16,6.214,31.338,19.8,6
2026-08-21T17:15:11,1256.3,11.0,1.6,1.69,16,6.214,31.338,19.8,6
2026-08-21T17:15:13,1258.3,11.3,1.6,1.69,16,6.215,31.338,19.8,6
2026-08-21T17:15:15,1260.3,11.5,1.63,1.69,16,6.215,31.338,19.8,6
2026-08-21T17:15:17,1262.3,10.0,1.63,1.69,16,6.216,31.338,19.8,6
2026-08-21T17:15:19,1264.3,10.5,1.63,1.69,16,6.216,31.338,19.8,6
2026-08-21T17:15:21,1266.3,10.8,1.66,1.7,16,6.215,31.338,19.8,6
2026-08-21T17:15:23,1268.3,11.2,1.66,1.7,16,6.215,31.338,19.8,6
2026-08-21T17:15:25,1270.3,11.2,1.69,1.7,16,6.216,31.338,19.8,6
2026-08-21T17:15:27,1272.3,10.9,1.69,1.7,16,6.216,31.338,19.8,6
2026-08-21T17:15:29,1274.3,11.4,1.69,1.7,16,6.216,31.338,19.8,6
2026-08-21T17:15:31,1276.3,11.4,1.64,1.69,16,6.216,31.338,19.8,6
2026-08-21T17:15:33,1278.3,11.4,1.64,1.69,16,6.216,31.338,19.8,6
2026-08-21T17:15:35,1280.3,11.4,1.66,1.7,16,6.224,31.338,19.9,6
2026-08-21T17:15:37,1282.3,11.1,1.66,1.7,16,6.224,31.338,19.9,6
2026-08-21T17:15:39,1284.3,11.2,1.66,1.7,16,6.224,31.338,19.9,6
2026-08-21T17:15:41,1286.3,10.8,1.69,1.7,16,6.224,31.338,19.9,6
2026-08-21T17:15:43,1288.3,11.4,1.69,1.7,16,6.225,31.338,19.9,6
2026-08-21T17:15:45,1290.3,11.5,1.64,1.69,16,6.225,31.338,19.9,6
2026-08-21T17:15:47,1292.3,11.4,1.64,1.69,16,6.225,31.338,19.9,6
2026-08-21T17:15:49,1294.3,11.5,1.64,1.69,16,6.225,31.338,19.9,6
2026-08-21T17:15:51,1296.3,11.3,1.67,1.7,16,6.225,31.338,19.9,6
2026-08-21T17:15:53,1298.3,11.5,1.67,1.7,16,6.226,31.338,19.9,6
2026-08-21T17:15:55,1300.3,11.5,1.61,1.68,16,6.226,31.338,19.9,6
2026-08-21T17:15:57,1302.3,11.4,1.61,1.68,16,6.226,31.338,19.9,6
2026-08-21T17:15:59,1304.3,11.4,1.61,1.68,16,6.226,31.338,19.9,6
2026-08-21T17:16:01,1306.3,11.6,1.64,1.69,16,6.226,31.338,19.9,6
2026-08-21T17:16:03,1308.3,11.6,1.64,1.69,16,6.226,31.338,19.9,6
2026-08-21T17:16:05,1310.3,11.5,1.67,1.7,16,6.198,31.338,19.8,6
2026-08-21T17:16:07,1312.3,11.5,1.67,1.7,16,6.198,31.338,19.8,6
2026-08-21T17:16:09,1314.3,9.2,1.67,1.7,16,6.213,31.338,19.8,6
2026-08-21T17:16:11,1316.3,11.0,1.7,1.7,16,6.213,31.338,19.8,6
2026-08-21T17:16:13,1318.3,11.3,1.7,1.7,16,6.221,31.338,19.9,6
2026-08-21T17:16:15,1320.3,11.1,1.72,1.71,16,6.221,31.338,19.9,6
2026-08-21T17:16:17,1322.3,11.3,1.72,1.71,16,6.221,31.338,19.9,6
2026-08-21T17:16:19,1324.3,11.0,1.72,1.71,16,6.222,31.338,19.9,6
2026-08-21T17:16:21,1326.3,11.3,1.66,1.69,16,6.222,31.338,19.9,6
2026-08-21T17:16:23,1328.3,11.4,1.66,1.69,16,6.222,31.338,19.9,6
2026-08-21T17:16:25,1330.3,10.8,1.69,1.7,16,6.223,31.338,19.9,6
2026-08-21T17:16:27,1332.3,11.0,1.69,1.7,16,6.192,31.338,19.8,6
2026-08-21T17:16:29,1334.3,11.2,1.69,1.7,16,6.192,31.338,19.8,6
2026-08-21T17:16:31,1336.3,11.2,1.8,1.72,16,6.207,31.338,19.8,6
2026-08-21T17:16:33,1338.3,11.1,1.8,1.72,16,6.223,31.338,19.9,6
2026-08-21T17:16:35,1340.3,11.1,1.73,1.71,16,6.223,31.338,19.9,6
2026-08-21T17:16:37,1342.3,11.1,1.73,1.71,16,6.223,31.338,19.9,6
2026-08-21T17:16:39,1344.3,11.0,1.73,1.71,16,6.222,31.338,19.9,6
2026-08-21T17:16:41,1346.3,11.4,1.75,1.71,16,6.222,31.338,19.9,6
2026-08-21T17:16:43,1348.3,11.1,1.75,1.71,16,6.222,31.338,19.9,6
2026-08-21T17:16:45,1350.3,10.9,1.69,1.7,16,6.223,31.338,19.9,6
2026-08-21T17:16:47,1352.3,10.6,1.69,1.7,16,6.223,31.338,19.9,6
2026-08-21T17:16:49,1354.3,10.7,1.69,1.7,16,6.223,31.338,19.9,6
2026-08-21T17:16:51,1356.3,11.1,1.64,1.69,16,6.224,31.338,19.9,6
2026-08-21T17:16:53,1358.3,10.6,1.64,1.69,16,6.224,31.338,19.9,6
2026-08-21T17:16:55,1360.3,10.7,1.75,1.71,16,6.224,31.338,19.9,6
2026-08-21T17:16:57,1362.3,10.8,1.75,1.71,16,6.224,31.338,19.9,6
2026-08-21T17:16:59,1364.3,11.0,1.75,1.71,16,6.224,31.338,19.9,6
2026-08-21T17:17:01,1366.3,9.2,1.77,1.72,16,6.225,31.338,19.9,6
2026-08-21T17:17:03,1368.3,11.1,1.77,1.72,16,6.225,31.338,19.9,6
2026-08-21T17:17:05,1370.3,11.4,1.95,1.75,16,6.226,31.338,19.9,6
2026-08-21T17:17:07,1372.3,11.5,1.95,1.75,16,6.234,31.338,19.9,6
2026-08-21T17:17:09,1374.3,11.1,1.95,1.75,16,6.241,31.338,19.9,6
2026-08-21T17:17:11,1376.3,10.9,1.95,1.76,16,6.241,31.338,19.9,6
2026-08-21T17:17:13,1378.3,11.1,1.95,1.76,16,6.24,31.338,19.9,6
2026-08-21T17:17:15,1380.3,11.3,2.04,1.78,16,6.241,31.338,19.9,6
2026-08-21T17:17:17,1382.3,11.3,2.04,1.78,16,6.241,31.338,19.9,6
2026-08-21T17:17:19,1384.3,11.5,2.04,1.78,16,6.241,31.338,19.9,6
2026-08-21T17:17:21,1386.3,11.6,1.95,1.77,16,6.242,31.338,19.9,6
2026-08-21T17:17:23,1388.3,11.6,1.95,1.77,16,6.24,31.338,19.9,6
2026-08-21T17:17:25,1390.3,11.6,1.96,1.77,16,6.24,31.338,19.9,6
2026-08-21T17:17:27,1392.3,11.6,1.96,1.77,16,6.24,31.338,19.9,6
2026-08-21T17:17:29,1394.3,11.5,1.96,1.77,16,6.241,31.338,19.9,6
2026-08-21T17:17:31,1396.3,11.4,1.96,1.77,16,6.241,31.338,19.9,6
2026-08-21T17:17:33,1398.3,11.3,1.96,1.77,16,6.241,31.338,19.9,6
2026-08-21T17:17:35,1400.3,11.7,1.96,1.78,16,6.241,31.338,19.9,6
2026-08-21T17:17:37,1402.3,11.4,1.96,1.78,16,6.241,31.338,19.9,6
2026-08-21T17:17:39,1404.3,11.1,1.96,1.78,16,6.242,31.338,19.9,6
2026-08-21T17:17:41,1406.3,11.4,1.97,1.78,16,6.242,31.338,19.9,6
2026-08-21T17:17:43,1408.3,11.5,1.97,1.78,16,6.242,31.338,19.9,6
2026-08-21T17:17:45,1410.3,11.3,1.97,1.79,16,6.243,31.338,19.9,6
2026-08-21T17:17:47,1412.3,11.6,1.97,1.79,16,6.215,31.338,19.8,6
2026-08-21T17:17:49,1414.3,11.5,1.97,1.79,16,6.215,31.338,19.8,6
2026-08-21T17:17:51,1416.3,11.4,1.97,1.79,16,6.215,31.338,19.8,6
2026-08-21T17:17:53,1418.3,9.5,1.97,1.79,16,6.223,31.338,19.9,6
2026-08-21T17:17:55,1420.3,11.4,1.89,1.78,16,6.223,31.338,19.9,6
2026-08-21T17:17:57,1422.3,11.6,1.89,1.78,16,6.23,31.338,19.9,6
2026-08-21T17:17:59,1424.3,11.3,1.89,1.78,16,6.23,31.338,19.9,6
2026-08-21T17:18:01,1426.3,11.3,1.82,1.76,16,6.23,31.338,19.9,6
2026-08-21T17:18:03,1428.3,11.5,1.82,1.76,16,6.231,31.338,19.9,6
2026-08-21T17:18:05,1430.3,11.4,1.84,1.77,16,6.231,31.338,19.9,6
2026-08-21T17:18:07,1432.3,11.3,1.84,1.77,16,6.231,31.338,19.9,6
2026-08-21T17:18:09,1434.3,11.3,1.84,1.77,16,6.231,31.338,19.9,6
2026-08-21T17:18:11,1436.3,11.7,1.85,1.77,16,6.231,31.338,19.9,6
2026-08-21T17:18:13,1438.3,11.6,1.85,1.77,16,6.232,31.338,19.9,6
2026-08-21T17:18:15,1440.3,11.1,1.78,1.76,16,6.232,31.338,19.9,6
2026-08-21T17:18:17,1442.3,11.4,1.78,1.76,16,6.234,31.338,19.9,6
2026-08-21T17:18:19,1444.3,11.4,1.78,1.76,16,6.234,31.338,19.9,6
2026-08-21T17:18:21,1446.3,11.8,1.8,1.76,16,6.237,31.338,19.9,6
2026-08-21T17:18:23,1448.3,11.5,1.8,1.76,16,6.238,31.338,19.9,6
2026-08-21T17:18:25,1450.3,11.7,1.82,1.77,16,6.238,31.338,19.9,6
2026-08-21T17:18:27,1452.3,11.7,1.82,1.77,16,6.238,31.338,19.9,6
2026-08-21T17:18:29,1454.3,11.7,1.82,1.77,16,6.238,31.338,19.9,6
2026-08-21T17:18:31,1456.3,11.6,1.83,1.77,16,6.242,31.338,19.9,6
2026-08-21T17:18:33,1458.3,11.4,1.83,1.77,16,6.242,31.338,19.9,6
2026-08-21T17:18:35,1460.3,11.6,1.76,1.76,16,6.251,31.338,19.9,6
2026-08-21T17:18:37,1462.3,11.4,1.76,1.76,16,6.256,31.338,20.0,6
2026-08-21T17:18:39,1464.3,11.4,1.76,1.76,16,6.255,31.338,20.0,6
2026-08-21T17:18:41,1466.3,11.7,1.7,1.75,16,6.222,31.338,19.9,6
2026-08-21T17:18:43,1468.3,11.6,1.7,1.75,16,6.222,31.338,19.9,6
2026-08-21T17:18:45,1470.3,9.5,1.65,1.73,16,6.229,31.338,19.9,6
2026-08-21T17:18:47,1472.3,11.5,1.65,1.73,16,6.229,31.338,19.9,6
2026-08-21T17:18:49,1474.3,11.5,1.65,1.73,16,6.237,31.338,19.9,6
2026-08-21T17:18:51,1476.3,11.5,1.67,1.74,16,6.237,31.338,19.9,6
2026-08-21T17:18:53,1478.3,11.7,1.67,1.74,16,6.238,31.338,19.9,6
2026-08-21T17:18:55,1480.3,11.7,1.62,1.73,16,6.238,31.338,19.9,6
2026-08-21T17:18:57,1482.3,11.5,1.62,1.73,16,6.246,31.338,19.9,6
2026-08-21T17:18:59,1484.3,11.5,1.62,1.73,16,6.247,31.338,19.9,6
2026-08-21T17:19:01,1486.3,11.3,1.73,1.75,16,6.247,31.338,19.9,6
2026-08-21T17:19:03,1488.3,7.6,1.73,1.75,16,6.254,31.338,20.0,6
2026-08-21T17:19:05,1490.3,6.4,1.67,1.73,16,6.254,31.338,20.0,6
2026-08-21T17:19:07,1492.3,6.4,1.67,1.73,16,6.254,31.338,20.0,6
2026-08-21T17:19:09,1494.3,6.4,1.67,1.73,16,6.254,31.338,20.0,6
2026-08-21T17:19:11,1496.3,6.4,1.62,1.72,16,6.254,31.338,20.0,6
2026-08-21T17:19:13,1498.3,6.4,1.62,1.72,16,6.254,31.338,20.0,6
2026-08-21T17:19:15,1500.3,6.4,1.57,1.71,16,7.078,31.338,22.6,6
2026-08-21T17:19:17,1502.3,6.4,1.57,1.71,16,7.056,31.338,22.5,6
2026-08-21T17:19:19,1504.3,6.4,1.57,1.71,16,7.086,31.338,22.6,6
2026-08-21T17:19:21,1506.3,6.5,1.52,1.7,16,7.097,31.338,22.6,6
2026-08-21T17:19:23,1508.3,6.4,1.52,1.7,16,7.066,31.338,22.5,6
2026-08-21T17:19:25,1510.3,6.5,1.48,1.69,16,7.097,31.338,22.6,6
2026-08-21T17:19:27,1512.3,6.5,1.48,1.69,16,7.104,31.338,22.7,6
2026-08-21T17:19:29,1514.3,6.4,1.48,1.69,16,7.127,31.338,22.7,6
2026-08-21T17:19:31,1516.3,6.5,1.44,1.67,16,7.08,31.338,22.6,6
2026-08-21T17:19:33,1518.3,6.4,1.44,1.67,16,7.096,31.338,22.6,6
2026-08-21T17:19:35,1520.3,6.4,1.41,1.66,16,7.11,31.338,22.7,6
2026-08-21T17:19:37,1522.3,6.4,1.41,1.66,16,7.125,31.338,22.7,6
2026-08-21T17:19:39,1524.3,5.9,1.41,1.66,16,7.147,31.338,22.8,6
2026-08-21T17:19:41,1526.3,5.0,1.29,1.64,16,6.717,31.338,21.4,5
2026-08-21T17:19:43,1528.3,6.4,1.29,1.64,16,6.711,31.338,21.4,5
2026-08-21T17:19:45,1530.3,6.4,1.27,1.62,16,6.701,31.338,21.4,5
2026-08-21T17:19:47,1532.3,6.4,1.27,1.62,16,6.685,31.338,21.3,5
2026-08-21T17:19:49,1534.3,6.4,1.27,1.62,16,6.677,31.338,21.3,5
2026-08-21T17:19:51,1536.3,6.4,1.25,1.61,16,6.673,31.338,21.3,5
2026-08-21T17:19:53,1538.3,6.4,1.25,1.61,16,6.66,31.338,21.3,5
2026-08-21T17:19:55,1540.3,6.4,1.23,1.6,16,6.659,31.338,21.2,5
2026-08-21T17:19:57,1542.3,6.4,1.23,1.6,16,6.653,31.338,21.2,5
2026-08-21T17:19:59,1544.3,6.4,1.23,1.6,16,6.653,31.338,21.2,5
2026-08-21T17:20:01,1546.3,12.1,1.21,1.59,16,7.366,31.338,23.5,7
2026-08-21T17:20:03,1548.3,13.6,1.21,1.59,16,7.536,31.338,24.0,7
2026-08-21T17:20:05,1550.3,16.5,1.35,1.62,16,7.567,31.338,24.1,7
2026-08-21T17:20:07,1552.3,17.4,1.35,1.62,16,7.589,31.338,24.2,7
2026-08-21T17:20:09,1554.3,17.3,1.35,1.62,16,7.603,31.338,24.3,7
2026-08-21T17:20:11,1556.3,17.5,1.4,1.62,16,7.606,31.338,24.3,7
2026-08-21T17:20:13,1558.3,17.6,1.4,1.62,16,7.617,31.338,24.3,7
2026-08-21T17:20:15,1560.3,17.7,1.53,1.65,16,7.615,31.338,24.3,7
2026-08-21T17:20:17,1562.3,17.8,1.53,1.65,16,7.615,31.338,24.3,7
2026-08-21T17:20:19,1564.3,17.5,1.53,1.65,16,7.617,31.338,24.3,7
2026-08-21T17:20:21,1566.3,17.6,1.65,1.67,16,7.615,31.338,24.3,7
2026-08-21T17:20:23,1568.3,17.5,1.65,1.67,16,7.613,31.338,24.3,7
2026-08-21T17:20:25,1570.3,17.6,1.68,1.68,16,7.612,31.338,24.3,7
2026-08-21T17:20:27,1572.3,17.6,1.68,1.68,16,7.612,31.338,24.3,7
2026-08-21T17:20:29,1574.4,16.6,1.68,1.68,16,7.611,31.338,24.3,7
2026-08-21T17:20:31,1576.4,15.4,1.62,1.66,16,7.609,31.338,24.3,7
2026-08-21T17:20:33,1578.4,17.7,1.62,1.66,16,7.608,31.338,24.3,7
2026-08-21T17:20:35,1580.4,17.6,1.65,1.67,16,7.608,31.338,24.3,7
2026-08-21T17:20:37,1582.4,17.5,1.65,1.67,16,7.608,31.338,24.3,7
2026-08-21T17:20:39,1584.4,17.6,1.65,1.67,16,7.608,31.338,24.3,7
2026-08-21T17:20:41,1586.4,17.6,1.84,1.71,16,7.609,31.338,24.3,7
2026-08-21T17:20:43,1588.4,17.5,1.84,1.71,16,7.617,31.338,24.3,7
2026-08-21T17:20:45,1590.4,17.6,1.94,1.73,16,7.617,31.338,24.3,7
2026-08-21T17:20:47,1592.4,17.6,1.94,1.73,16,7.617,31.338,24.3,7
2026-08-21T17:20:49,1594.4,17.3,1.94,1.73,16,7.622,31.338,24.3,7
2026-08-21T17:20:51,1596.4,17.3,2.26,1.8,16,7.622,31.338,24.3,7
2026-08-21T17:20:53,1598.4,17.3,2.26,1.8,16,7.622,31.338,24.3,7
2026-08-21T17:20:55,1600.4,17.4,2.32,1.82,16,7.623,31.338,24.3,7
2026-08-21T17:20:57,1602.4,12.9,2.32,1.82,16,7.623,31.338,24.3,7
2026-08-21T17:20:59,1604.4,17.6,2.32,1.82,16,7.623,31.338,24.3,7
2026-08-21T17:21:01,1606.4,17.6,2.38,1.84,16,7.624,31.338,24.3,7
2026-08-21T17:21:03,1608.4,17.7,2.38,1.84,16,7.625,31.338,24.3,7
2026-08-21T17:21:05,1610.4,17.2,2.34,1.84,16,7.627,31.338,24.3,7
2026-08-21T17:21:07,1612.4,16.9,2.34,1.84,16,7.626,31.338,24.3,7
2026-08-21T17:21:09,1614.4,16.1,2.34,1.84,16,7.626,31.338,24.3,7
2026-08-21T17:21:11,1616.4,17.5,2.4,1.86,16,7.627,31.338,24.3,7
2026-08-21T17:21:13,1618.4,17.3,2.4,1.86,16,7.628,31.338,24.3,7
2026-08-21T17:21:15,1620.4,17.4,2.45,1.88,16,7.628,31.338,24.3,7
2026-08-21T17:21:17,1622.4,17.8,2.45,1.88,16,7.628,31.338,24.3,7
2026-08-21T17:21:19,1624.4,17.9,2.45,1.88,16,7.592,31.338,24.2,7
2026-08-21T17:21:21,1626.4,17.8,2.49,1.9,16,7.608,31.338,24.3,7
2026-08-21T17:21:23,1628.4,14.9,2.49,1.9,16,7.609,31.338,24.3,7
2026-08-21T17:21:25,1630.4,18.0,2.45,1.9,16,7.617,31.338,24.3,7
2026-08-21T17:21:27,1632.4,17.8,2.45,1.9,16,7.617,31.338,24.3,7
2026-08-21T17:21:29,1634.4,17.8,2.45,1.9,16,7.62,31.338,24.3,7
2026-08-21T17:21:31,1636.4,17.7,2.5,1.92,16,7.625,31.338,24.3,7
2026-08-21T17:21:33,1638.4,17.5,2.5,1.92,16,7.626,31.338,24.3,7
2026-08-21T17:21:35,1640.4,17.4,2.46,1.92,16,7.625,31.338,24.3,7
2026-08-21T17:21:37,1642.4,17.8,2.46,1.92,16,7.625,31.338,24.3,7
2026-08-21T17:21:39,1644.4,17.5,2.46,1.92,16,7.625,31.338,24.3,7
2026-08-21T17:21:41,1646.4,17.5,2.42,1.93,16,7.626,31.338,24.3,7
2026-08-21T17:21:43,1648.4,17.7,2.42,1.93,16,7.627,31.338,24.3,7
2026-08-21T17:21:45,1650.4,17.5,2.47,1.94,16,7.627,31.338,24.3,7
2026-08-21T17:21:47,1652.4,17.6,2.47,1.94,16,7.627,31.338,24.3,7
2026-08-21T17:21:49,1654.4,12.8,2.47,1.94,16,7.628,31.338,24.3,7
2026-08-21T17:21:51,1656.4,17.6,2.51,1.96,16,7.628,31.338,24.3,7
2026-08-21T17:21:53,1658.4,17.6,2.51,1.96,16,7.629,31.338,24.3,7
2026-08-21T17:21:55,1660.4,18.1,2.55,1.98,16,7.637,31.338,24.4,7
2026-08-21T17:21:57,1662.4,17.8,2.55,1.98,16,7.637,31.338,24.4,7
2026-08-21T17:21:59,1664.4,17.5,2.55,1.98,16,7.637,31.338,24.4,7
2026-08-21T17:22:01,1666.4,17.8,2.58,2.0,16,7.638,31.338,24.4,7
2026-08-21T17:22:03,1668.4,17.6,2.58,2.0,16,7.638,31.338,24.4,7
2026-08-21T17:22:05,1670.4,17.3,2.62,2.01,16,7.638,31.338,24.4,7
2026-08-21T17:22:07,1672.4,17.7,2.62,2.01,16,7.639,31.338,24.4,7
2026-08-21T17:22:09,1674.4,17.8,2.62,2.01,16,7.639,31.338,24.4,7
2026-08-21T17:22:11,1676.4,18.0,2.57,2.01,16,7.639,31.338,24.4,7
2026-08-21T17:22:13,1678.4,17.8,2.57,2.01,16,7.639,31.338,24.4,7
2026-08-21T17:22:15,1680.4,17.3,2.6,2.03,16,7.642,31.338,24.4,7
2026-08-21T17:22:17,1682.4,13.2,2.6,2.03,16,7.642,31.338,24.4,7
2026-08-21T17:22:19,1684.4,17.8,2.6,2.03,16,7.642,31.338,24.4,7
2026-08-21T17:22:21,1686.4,17.9,2.64,2.05,16,7.642,31.338,24.4,7
2026-08-21T17:22:23,1688.4,17.7,2.64,2.05,16,7.642,31.338,24.4,7
2026-08-21T17:22:25,1690.4,14.6,2.66,2.06,16,7.639,31.338,24.4,7
2026-08-21T17:22:27,1692.4,6.4,2.66,2.06,16,7.639,31.338,24.4,7
2026-08-21T17:22:29,1694.4,6.5,2.66,2.06,16,7.639,31.338,24.4,7
2026-08-21T17:22:31,1696.4,6.5,2.53,2.04,16,7.639,31.338,24.4,7
2026-08-21T17:22:33,1698.4,6.5,2.53,2.04,16,7.639,31.338,24.4,7
2026-08-21T17:22:35,1700.4,6.4,2.41,2.03,16,7.639,31.338,24.4,7
2026-08-21T17:22:37,1702.4,6.4,2.41,2.03,16,8.21,31.338,26.2,7
2026-08-21T17:22:39,1704.4,6.4,2.41,2.03,16,8.21,31.338,26.2,7
2026-08-21T17:22:41,1706.4,6.5,2.3,2.01,16,8.21,31.338,26.2,7
2026-08-21T17:22:43,1708.4,6.4,2.3,2.01,16,8.21,31.338,26.2,7
2026-08-21T17:22:45,1710.4,6.4,2.19,1.99,16,8.21,31.338,26.2,7
2026-08-21T17:22:47,1712.4,6.5,2.19,1.99,16,8.215,31.338,26.2,7
2026-08-21T17:22:49,1714.4,6.4,2.19,1.99,16,8.215,31.338,26.2,7
2026-08-21T17:22:51,1716.4,6.4,2.1,1.98,16,8.215,31.338,26.2,7
2026-08-21T17:22:53,1718.4,6.5,2.1,1.98,16,8.215,31.338,26.2,7
2026-08-21T17:22:55,1720.4,6.4,2.01,1.96,16,8.215,31.338,26.2,7
2026-08-21T17:22:57,1722.4,6.5,2.01,1.96,16,8.213,31.338,26.2,7
2026-08-21T17:22:59,1724.4,6.4,2.01,1.96,16,7.664,31.338,24.5,7
2026-08-21T17:23:01,1726.4,4.2,1.85,1.93,16,6.811,31.338,21.7,5
2026-08-21T17:23:03,1728.4,6.4,1.85,1.93,16,6.811,31.338,21.7,5
2026-08-21T17:23:05,1730.4,6.4,1.78,1.91,16,6.811,31.338,21.7,5
2026-08-21T17:23:07,1732.4,6.4,1.78,1.91,16,6.811,31.338,21.7,5
2026-08-21T17:23:09,1734.4,6.4,1.78,1.91,16,6.809,31.338,21.7,5
2026-08-21T17:23:11,1736.4,6.4,1.72,1.9,16,6.807,31.338,21.7,5
2026-08-21T17:23:13,1738.4,6.4,1.72,1.9,16,6.806,31.338,21.7,5
2026-08-21T17:23:15,1740.4,6.4,1.66,1.88,16,6.806,31.338,21.7,5
2026-08-21T17:23:17,1742.4,6.4,1.66,1.88,16,6.808,31.338,21.7,5
2026-08-21T17:23:19,1744.4,8.7,1.66,1.88,16,6.951,31.338,22.2,6
2026-08-21T17:23:21,1746.4,25.4,1.85,1.92,16,8.363,31.338,26.7,9
2026-08-21T17:23:23,1748.4,25.4,1.85,1.92,16,8.564,31.338,27.3,9
2026-08-21T17:23:25,1750.4,29.5,2.1,1.97,16,8.606,31.338,27.5,9
2026-08-21T17:23:27,1752.4,29.6,2.1,1.97,16,8.611,31.338,27.5,9
2026-08-21T17:23:29,1754.4,30.0,2.1,1.97,16,8.619,31.338,27.5,9
2026-08-21T17:23:31,1756.4,29.9,2.33,2.02,16,8.627,31.338,27.5,9
2026-08-21T17:23:33,1758.4,29.4,2.33,2.02,16,8.638,31.338,27.6,9
2026-08-21T17:23:35,1760.4,29.7,2.47,2.05,16,8.639,31.338,27.6,9
2026-08-21T17:23:37,1762.4,26.0,2.47,2.05,16,8.638,31.338,27.6,9
2026-08-21T17:23:39,1764.4,30.7,2.47,2.05,16,8.639,31.338,27.6,9
2026-08-21T17:23:41,1766.4,30.6,2.67,2.1,16,8.638,31.338,27.6,9
2026-08-21T17:23:43,1768.4,30.2,2.67,2.1,16,8.636,31.338,27.6,9
2026-08-21T17:23:45,1770.4,30.0,3.02,2.18,16,8.629,31.338,27.5,9
2026-08-21T17:23:47,1772.4,28.4,3.02,2.18,16,8.63,31.338,27.5,9
2026-08-21T17:23:49,1774.4,30.4,3.02,2.18,16,8.628,31.338,27.5,9
2026-08-21T17:23:51,1776.4,20.3,3.17,2.23,16,8.626,31.338,27.5,9
2026-08-21T17:23:53,1778.4,30.7,3.17,2.23,16,8.626,31.338,27.5,9
2026-08-21T17:23:55,1780.4,30.7,3.32,2.27,16,8.627,31.338,27.5,9
2026-08-21T17:23:57,1782.4,30.5,3.32,2.27,16,8.627,31.338,27.5,9
2026-08-21T17:23:59,1784.4,30.3,3.32,2.27,16,8.626,31.338,27.5,9
2026-08-21T17:24:01,1786.4,30.3,3.62,2.35,16,8.627,31.338,27.5,9
2026-08-21T17:24:03,1788.4,30.3,3.62,2.35,16,8.628,31.338,27.5,9
2026-08-21T17:24:05,1790.4,23.4,3.49,2.35,16,8.629,31.338,27.5,9
2026-08-21T17:24:07,1792.4,30.7,3.49,2.35,16,8.63,31.338,27.5,9
2026-08-21T17:24:09,1794.4,30.5,3.49,2.35,16,8.633,31.338,27.5,9
2026-08-21T17:24:11,1796.4,30.0,3.61,2.39,16,8.633,31.338,27.5,9
2026-08-21T17:24:13,1798.4,30.4,3.61,2.39,16,8.634,31.338,27.6,9
2026-08-21T17:24:15,1800.4,30.1,3.8,2.45,16,8.634,31.338,27.6,9
2026-08-21T17:24:17,1802.4,30.3,3.8,2.45,16,8.635,31.338,27.6,9
2026-08-21T17:24:19,1804.4,21.9,3.8,2.45,16,8.634,31.338,27.6,9
2026-08-21T17:24:21,1806.4,29.2,3.9,2.49,16,8.635,31.338,27.6,9
2026-08-21T17:24:23,1808.4,30.6,3.9,2.49,16,8.636,31.338,27.6,9
2026-08-21T17:24:25,1810.4,30.5,3.9,2.52,16,8.619,31.338,27.5,9
2026-08-21T17:24:27,1812.4,30.4,3.9,2.52,16,8.635,31.338,27.6,9
2026-08-21T17:24:29,1814.4,30.3,3.9,2.52,16,8.636,31.338,27.6,9
2026-08-21T17:24:31,1816.4,30.3,3.91,2.54,16,8.637,31.338,27.6,9
2026-08-21T17:24:33,1818.4,25.0,3.91,2.54,16,8.638,31.338,27.6,9
2026-08-21T17:24:35,1820.4,26.2,4.0,2.59,16,8.638,31.338,27.6,9
2026-08-21T17:24:37,1822.4,30.1,4.0,2.59,16,8.639,31.338,27.6,9
2026-08-21T17:24:39,1824.4,15.9,4.0,2.59,16,8.641,31.338,27.6,9
2026-08-21T17:24:41,1826.4,6.4,3.76,2.56,16,8.641,31.338,27.6,9
2026-08-21T17:24:43,1828.4,6.5,3.76,2.56,16,8.641,31.338,27.6,9
2026-08-21T17:24:45,1830.4,6.4,3.54,2.53,16,8.641,31.338,27.6,9
2026-08-21T17:24:47,1832.4,6.5,3.54,2.53,16,9.048,31.338,28.9,9
2026-08-21T17:24:49,1834.4,6.5,3.54,2.53,16,9.049,31.338,28.9,9
2026-08-21T17:24:51,1836.4,6.5,3.33,2.51,16,9.049,31.338,28.9,9
2026-08-21T17:24:53,1838.4,6.5,3.33,2.51,16,9.049,31.338,28.9,9
2026-08-21T17:24:55,1840.4,6.4,3.15,2.48,16,9.049,31.338,28.9,9
2026-08-21T17:24:57,1842.4,6.5,3.15,2.48,16,9.049,31.338,28.9,9
2026-08-21T17:24:59,1844.4,6.4,3.15,2.48,16,9.049,31.338,28.9,9
2026-08-21T17:25:01,1846.4,6.5,2.98,2.46,16,9.049,31.338,28.9,9
2026-08-21T17:25:03,1848.4,6.5,2.98,2.46,16,9.049,31.338,28.9,9
2026-08-21T17:25:05,1850.4,6.5,2.82,2.43,16,9.049,31.338,28.9,9
2026-08-21T17:25:07,1852.4,6.5,2.82,2.43,16,9.049,31.338,28.9,9
2026-08-21T17:25:09,1854.4,6.5,2.82,2.43,16,9.049,31.338,28.9,9
2026-08-21T17:25:11,1856.4,5.6,2.67,2.41,16,8.648,31.338,27.6,9
2026-08-21T17:25:13,1858.4,5.5,2.67,2.41,16,6.927,31.338,22.1,5
2026-08-21T17:25:15,1860.4,6.4,2.54,2.38,16,6.927,31.338,22.1,5
2026-08-21T17:25:17,1862.4,6.4,2.54,2.38,16,6.927,31.338,22.1,5
2026-08-21T17:25:19,1864.4,6.4,2.54,2.38,16,6.934,31.338,22.1,5
2026-08-21T17:25:21,1866.4,6.4,2.41,2.36,16,6.933,31.338,22.1,5
2026-08-21T17:25:23,1868.4,6.4,2.41,2.36,16,6.933,31.338,22.1,5
2026-08-21T17:25:25,1870.4,6.4,2.3,2.34,16,6.933,31.338,22.1,5
2026-08-21T17:25:27,1872.4,6.5,2.3,2.34,16,6.931,31.338,22.1,5
2026-08-21T17:25:29,1874.4,6.4,2.3,2.34,16,6.931,31.338,22.1,5
2026-08-21T17:25:31,1876.4,26.1,2.2,2.32,16,9.068,31.338,28.9,13
2026-08-21T17:25:33,1878.4,51.1,2.2,2.32,16,10.287,31.338,32.8,13
2026-08-21T17:25:35,1880.4,45.3,2.66,2.41,16,10.483,31.338,33.5,13
2026-08-21T17:25:37,1882.4,52.5,2.66,2.41,16,10.501,31.338,33.5,13
2026-08-21T17:25:39,1884.4,51.6,2.66,2.41,16,10.511,31.338,33.5,13
2026-08-21T17:25:41,1886.4,51.6,3.09,2.5,16,10.526,31.338,33.6,13
2026-08-21T17:25:43,1888.4,39.0,3.09,2.5,16,10.526,31.338,33.6,13
2026-08-21T17:25:45,1890.4,49.8,3.64,2.63,16,10.526,31.338,33.6,13
2026-08-21T17:25:47,1892.4,52.4,3.64,2.63,16,10.541,31.338,33.6,13
2026-08-21T17:25:49,1894.4,51.1,3.64,2.63,16,10.542,31.338,33.6,13
2026-08-21T17:25:51,1896.4,52.2,3.99,2.72,16,10.539,31.338,33.6,13
2026-08-21T17:25:53,1898.4,33.8,3.99,2.72,16,10.537,31.338,33.6,13
2026-08-21T17:25:55,1900.4,51.9,4.39,2.82,16,10.53,31.338,33.6,13
2026-08-21T17:25:57,1902.4,52.7,4.39,2.82,16,10.52,31.338,33.6,13
2026-08-21T17:25:59,1904.4,51.8,4.39,2.82,16,10.509,31.338,33.5,13
2026-08-21T17:26:01,1906.4,51.7,4.76,2.93,16,10.504,31.338,33.5,13
2026-08-21T17:26:03,1908.4,34.5,4.76,2.93,16,10.503,31.338,33.5,13
2026-08-21T17:26:05,1910.4,51.2,4.54,2.91,16,10.488,31.338,33.5,13
2026-08-21T17:26:07,1912.4,51.9,4.54,2.91,16,10.487,31.338,33.5,13
2026-08-21T17:26:09,1914.4,50.3,4.54,2.91,16,10.488,31.338,33.5,13
2026-08-21T17:26:11,1916.4,43.5,4.9,3.01,16,10.496,31.338,33.5,13
2026-08-21T17:26:13,1918.4,43.1,4.9,3.01,16,10.497,31.338,33.5,13
2026-08-21T17:26:15,1920.4,50.8,5.07,3.08,16,10.496,31.338,33.5,13
2026-08-21T17:26:17,1922.4,51.8,5.07,3.08,16,10.497,31.338,33.5,13
2026-08-21T17:26:19,1924.4,51.8,5.07,3.08,16,10.498,31.338,33.5,13
2026-08-21T17:26:21,1926.4,33.4,5.3,3.16,16,10.499,31.338,33.5,13
2026-08-21T17:26:23,1928.4,51.4,5.3,3.16,16,10.499,31.338,33.5,13
2026-08-21T17:26:25,1930.4,26.5,4.96,3.12,16,10.502,31.338,33.5,13
2026-08-21T17:26:27,1932.4,6.5,4.96,3.12,16,10.502,31.338,33.5,13
2026-08-21T17:26:29,1934.4,6.6,4.96,3.12,16,10.495,31.338,33.5,13
2026-08-21T17:26:31,1936.4,6.6,4.64,3.09,16,10.495,31.338,33.5,13
2026-08-21T17:26:33,1938.4,6.6,4.64,3.09,16,10.495,31.338,33.5,13
2026-08-21T17:26:35,1940.4,6.6,4.35,3.05,16,10.56,31.338,33.7,13
2026-08-21T17:26:37,1942.4,6.5,4.35,3.05,16,10.503,31.338,33.5,13
2026-08-21T17:26:39,1944.4,6.6,4.35,3.05,16,10.503,31.338,33.5,13
2026-08-21T17:26:41,1946.4,6.5,4.08,3.02,16,10.503,31.338,33.5,13
2026-08-21T17:26:43,1948.4,6.6,4.08,3.02,16,10.503,31.338,33.5,13
2026-08-21T17:26:45,1950.4,6.6,3.83,2.99,16,10.503,31.338,33.5,13
2026-08-21T17:26:47,1952.4,6.6,3.83,2.99,16,10.503,31.338,33.5,13
2026-08-21T17:26:49,1954.4,6.5,3.83,2.99,16,10.502,31.338,33.5,13
2026-08-21T17:26:51,1956.4,6.6,3.61,2.95,16,10.499,31.338,33.5,13
2026-08-21T17:26:53,1958.4,6.6,3.61,2.95,16,10.499,31.338,33.5,13
2026-08-21T17:26:55,1960.4,6.6,3.4,2.92,16,10.499,31.338,33.5,13
2026-08-21T17:26:57,1962.4,6.6,3.4,2.92,16,10.498,31.338,33.5,13
2026-08-21T17:26:59,1964.4,6.5,3.4,2.92,16,10.498,31.338,33.5,13
2026-08-21T17:27:01,1966.4,6.4,3.2,2.89,16,7.08,31.338,22.6,5
2026-08-21T17:27:03,1968.4,6.5,3.2,2.89,16,7.079,31.338,22.6,5
2026-08-21T17:27:05,1970.4,6.4,3.03,2.86,16,7.08,31.338,22.6,5
2026-08-21T17:27:07,1972.4,6.4,3.03,2.86,16,7.08,31.338,22.6,5
2026-08-21T17:27:09,1974.4,6.4,3.03,2.86,16,7.08,31.338,22.6,5
2026-08-21T17:27:11,1976.4,6.4,2.87,2.82,16,7.08,31.338,22.6,5
2026-08-21T17:27:13,1978.4,6.4,2.87,2.82,16,7.08,31.338,22.6,5
2026-08-21T17:27:15,1980.4,6.5,2.72,2.79,16,7.08,31.338,22.6,5
2026-08-21T17:27:17,1982.4,6.5,2.72,2.79,16,7.08,31.338,22.6,5
2026-08-21T17:27:19,1984.4,6.4,2.72,2.79,16,7.08,31.338,22.6,5
2026-08-21T17:27:21,1986.4,57.9,2.58,2.76,16,11.066,31.338,35.3,21
2026-08-21T17:27:23,1988.4,99.8,2.58,2.76,16,12.985,31.338,41.4,21
2026-08-21T17:27:25,1990.4,76.9,3.33,2.92,16,13.925,31.338,44.4,21
2026-08-21T17:27:27,1992.4,83.9,3.33,2.92,16,14.001,31.338,44.7,21
2026-08-21T17:27:29,1994.4,83.1,3.33,2.92,16,14.011,31.338,44.7,21
2026-08-21T17:27:31,1996.4,80.4,4.03,3.07,16,14.027,31.338,44.8,21
2026-08-21T17:27:33,1998.4,66.8,4.03,3.07,16,14.054,31.338,44.8,21
2026-08-21T17:27:35,2000.5,82.0,3.94,3.07,16,14.074,31.338,44.9,21
2026-08-21T17:27:37,2002.5,75.9,3.94,3.07,16,14.075,31.338,44.9,21
2026-08-21T17:27:39,2004.5,80.6,3.94,3.07,16,14.031,31.338,44.8,21
2026-08-21T17:27:41,2006.5,63.1,4.83,3.27,16,14.052,31.338,44.8,21
2026-08-21T17:27:43,2008.5,83.4,4.83,3.27,16,14.053,31.338,44.8,21
2026-08-21T17:27:45,2010.5,80.1,5.81,3.49,16,14.047,31.338,44.8,21
2026-08-21T17:27:47,2012.5,78.6,5.81,3.49,16,14.044,31.338,44.8,21
2026-08-21T17:27:49,2014.5,54.3,5.81,3.49,16,14.036,31.338,44.8,21
2026-08-21T17:27:51,2016.5,80.9,6.62,3.7,16,14.025,31.338,44.8,21
2026-08-21T17:27:53,2018.5,81.0,6.62,3.7,16,14.016,31.338,44.7,21
2026-08-21T17:27:55,2020.5,70.9,7.69,3.97,16,14.014,31.338,44.7,21
2026-08-21T17:27:57,2022.5,74.3,7.69,3.97,16,14.018,31.338,44.7,21
2026-08-21T17:27:59,2024.5,79.0,7.69,3.97,16,14.018,31.338,44.7,21
2026-08-21T17:28:01,2026.5,79.6,8.36,4.17,16,14.019,31.338,44.7,21
2026-08-21T17:28:03,2028.5,56.3,8.36,4.17,16,14.02,31.338,44.7,21
2026-08-21T17:28:05,2030.5,80.3,9.45,4.47,16,13.985,31.338,44.6,21
2026-08-21T17:28:07,2032.5,20.2,9.45,4.47,16,14.001,31.338,44.7,21
2026-08-21T17:28:09,2034.5,6.8,9.45,4.47,16,14.001,31.338,44.7,21
2026-08-21T17:28:11,2036.5,6.8,8.77,4.41,16,14.001,31.338,44.7,21
2026-08-21T17:28:13,2038.5,6.8,8.77,4.41,16,14.001,31.338,44.7,21
2026-08-21T17:28:15,2040.5,6.7,8.15,4.35,16,14.001,31.338,44.7,21
2026-08-21T17:28:17,2042.5,6.9,8.15,4.35,16,14.001,31.338,44.7,21
2026-08-21T17:28:19,2044.5,6.8,8.15,4.35,16,14.057,31.338,44.9,21
2026-08-21T17:28:21,2046.5,6.7,7.58,4.3,16,14.006,31.338,44.7,21
2026-08-21T17:28:23,2048.5,6.8,7.58,4.3,16,14.006,31.338,44.7,21
2026-08-21T17:28:25,2050.5,6.8,7.05,4.24,16,14.006,31.338,44.7,21
2026-08-21T17:28:27,2052.5,6.7,7.05,4.24,16,14.006,31.338,44.7,21
2026-08-21T17:28:29,2054.5,6.7,7.05,4.24,16,14.006,31.338,44.7,21
2026-08-21T17:28:31,2056.5,6.9,6.57,4.19,16,14.006,31.338,44.7,21
2026-08-21T17:28:33,2058.5,6.8,6.57,4.19,16,14.006,31.338,44.7,21
2026-08-21T17:28:35,2060.5,6.7,6.12,4.14,16,14.0,31.338,44.7,21
2026-08-21T17:28:37,2062.5,6.9,6.12,4.14,16,14.0,31.338,44.7,21
2026-08-21T17:28:39,2064.5,6.8,6.12,4.14,16,14.001,31.338,44.7,21
2026-08-21T17:28:41,2066.5,12.6,5.71,4.08,16,7.204,31.338,23.0,5
2026-08-21T17:28:43,2068.5,6.6,5.71,4.08,16,7.203,31.338,23.0,5
2026-08-21T17:28:45,2070.5,6.4,5.33,4.03,16,7.203,31.338,23.0,5
2026-08-21T17:28:47,2072.5,6.5,5.33,4.03,16,7.204,31.338,23.0,5
2026-08-21T17:28:49,2074.5,6.5,5.33,4.03,16,7.204,31.338,23.0,5
2026-08-21T17:28:51,2076.5,6.5,4.99,3.98,16,7.204,31.338,23.0,5
2026-08-21T17:28:53,2078.5,6.5,4.99,3.98,16,7.204,31.338,23.0,5
2026-08-21T17:28:55,2080.5,6.4,4.67,3.93,16,7.205,31.338,23.0,5
2026-08-21T17:28:57,2082.5,6.5,4.67,3.93,16,7.205,31.338,23.0,5
2026-08-21T17:28:59,2084.5,6.4,4.67,3.93,16,7.205,31.338,23.0,5
2026-08-21T17:29:01,2086.5,6.5,4.37,3.88,16,7.205,31.338,23.0,5
2026-08-21T17:29:03,2088.5,6.5,4.37,3.88,16,7.488,31.338,23.9,6
2026-08-21T17:29:05,2090.5,6.5,4.1,3.83,16,7.656,31.338,24.4,6
2026-08-21T17:29:07,2092.5,7.0,4.1,3.83,16,7.658,31.338,24.4,6
2026-08-21T17:29:09,2094.5,7.3,4.1,3.83,16,7.673,31.338,24.5,6
2026-08-21T17:29:11,2096.5,7.3,3.85,3.79,16,7.674,31.338,24.5,6
2026-08-21T17:29:13,2098.5,7.3,3.85,3.79,16,7.682,31.338,24.5,6
2026-08-21T17:29:15,2100.5,7.2,3.62,3.74,16,7.682,31.338,24.5,6
2026-08-21T17:29:17,2102.5,7.3,3.62,3.74,16,7.683,31.338,24.5,6
2026-08-21T17:29:19,2104.5,7.5,3.62,3.74,16,7.683,31.338,24.5,6
2026-08-21T17:29:21,2106.5,7.3,3.41,3.69,16,7.683,31.338,24.5,6
2026-08-21T17:29:23,2108.5,7.3,3.41,3.69,16,7.686,31.338,24.5,6
2026-08-21T17:29:25,2110.5,7.3,3.22,3.65,16,7.685,31.338,24.5,6
2026-08-21T17:29:27,2112.5,7.3,3.22,3.65,16,7.681,31.338,24.5,6
2026-08-21T17:29:29,2114.5,7.2,3.22,3.65,16,7.678,31.338,24.5,6
2026-08-21T17:29:31,2116.5,7.2,3.2,3.64,16,7.678,31.338,24.5,6
2026-08-21T17:29:33,2118.5,7.3,3.2,3.64,16,7.681,31.338,24.5,6
2026-08-21T17:29:35,2120.5,7.2,3.03,3.59,16,7.681,31.338,24.5,6
2026-08-21T17:29:37,2122.5,7.3,3.03,3.59,16,7.68,31.338,24.5,6
2026-08-21T17:29:39,2124.5,7.2,3.03,3.59,16,7.682,31.338,24.5,6
2026-08-21T17:29:41,2126.5,7.3,2.86,3.55,16,7.685,31.338,24.5,6
2026-08-21T17:29:43,2128.5,7.4,2.86,3.55,16,7.685,31.338,24.5,6
2026-08-21T17:29:45,2130.5,7.2,2.79,3.53,16,7.688,31.338,24.5,6
2026-08-21T17:29:47,2132.5,7.3,2.79,3.53,16,7.688,31.338,24.5,6
2026-08-21T17:29:49,2134.5,7.5,2.79,3.53,16,7.69,31.338,24.5,6
2026-08-21T17:29:51,2136.5,7.5,2.65,3.48,16,7.693,31.338,24.5,6
2026-08-21T17:29:53,2138.5,7.3,2.65,3.48,16,7.693,31.338,24.5,6
2026-08-21T17:29:55,2140.5,7.2,2.52,3.44,16,7.71,31.338,24.6,6
2026-08-21T17:29:57,2142.5,7.2,2.52,3.44,16,7.702,31.338,24.6,6
2026-08-21T17:29:59,2144.5,7.1,2.52,3.44,16,7.705,31.338,24.6,6
2026-08-21T17:30:01,2146.5,7.3,2.4,3.4,16,7.706,31.338,24.6,6
2026-08-21T17:30:03,2148.5,7.5,2.4,3.4,16,7.708,31.338,24.6,6
2026-08-21T17:30:05,2150.5,7.4,2.28,3.36,16,7.71,31.338,24.6,6
2026-08-21T17:30:07,2152.5,7.4,2.28,3.36,16,7.711,31.338,24.6,6
2026-08-21T17:30:09,2154.5,7.5,2.28,3.36,16,7.714,31.338,24.6,6
2026-08-21T17:30:11,2156.5,7.2,2.18,3.32,16,7.714,31.338,24.6,6
2026-08-21T17:30:13,2158.5,7.2,2.18,3.32,16,7.717,31.338,24.6,6
2026-08-21T17:30:15,2160.5,7.2,2.09,3.28,16,7.72,31.338,24.6,6
2026-08-21T17:30:17,2162.5,7.2,2.09,3.28,16,7.721,31.338,24.6,6
2026-08-21T17:30:19,2164.5,7.3,2.09,3.28,16,7.725,31.338,24.7,6
2026-08-21T17:30:21,2166.5,7.2,1.92,3.23,16,7.725,31.338,24.7,6
2026-08-21T17:30:23,2168.5,7.3,1.92,3.23,16,7.727,31.338,24.7,6
2026-08-21T17:30:25,2170.5,7.2,1.85,3.19,16,7.73,31.338,24.7,6
2026-08-21T17:30:27,2172.5,7.3,1.85,3.19,16,7.731,31.338,24.7,6
2026-08-21T17:30:29,2174.5,7.3,1.85,3.19,16,7.732,31.338,24.7,6
2026-08-21T17:30:31,2176.5,7.3,1.78,3.15,16,7.736,31.338,24.7,6
2026-08-21T17:30:33,2178.5,7.6,1.78,3.15,16,7.739,31.338,24.7,6
2026-08-21T17:30:35,2180.5,7.3,1.71,3.12,16,7.74,31.338,24.7,6
2026-08-21T17:30:37,2182.5,7.5,1.71,3.12,16,7.741,31.338,24.7,6
2026-08-21T17:30:39,2184.5,7.2,1.71,3.12,16,7.741,31.338,24.7,6
2026-08-21T17:30:41,2186.5,7.0,1.66,3.08,16,7.743,31.338,24.7,6
2026-08-21T17:30:43,2188.5,7.1,1.66,3.08,16,7.745,31.338,24.7,6
2026-08-21T17:30:45,2190.5,7.1,1.6,3.05,16,7.747,31.338,24.7,6
2026-08-21T17:30:47,2192.5,7.2,1.6,3.05,16,7.748,31.338,24.7,6
2026-08-21T17:30:49,2194.5,7.2,1.6,3.05,16,7.752,31.338,24.7,6
2026-08-21T17:30:51,2196.5,7.1,1.56,3.01,16,7.754,31.338,24.7,6
2026-08-21T17:30:53,2198.5,7.2,1.56,3.01,16,7.754,31.338,24.7,6
2026-08-21T17:30:55,2200.5,7.2,1.51,2.98,16,7.757,31.338,24.8,6
2026-08-21T17:30:57,2202.5,7.2,1.51,2.98,16,7.758,31.338,24.8,6
2026-08-21T17:30:59,2204.5,7.2,1.51,2.98,16,7.76,31.338,24.8,6
2026-08-21T17:31:01,2206.5,7.2,1.47,2.95,16,7.765,31.338,24.8,6
2026-08-21T17:31:03,2208.5,7.3,1.47,2.95,16,7.769,31.338,24.8,6
2026-08-21T17:31:05,2210.5,7.1,1.43,2.91,16,7.77,31.338,24.8,6
2026-08-21T17:31:07,2212.5,7.1,1.43,2.91,16,7.773,31.338,24.8,6
2026-08-21T17:31:09,2214.5,7.2,1.43,2.91,16,7.777,31.338,24.8,6
2026-08-21T17:31:11,2216.5,7.2,1.4,2.88,16,7.777,31.338,24.8,6
2026-08-21T17:31:13,2218.5,7.2,1.4,2.88,16,7.777,31.338,24.8,6
2026-08-21T17:31:15,2220.5,7.2,1.36,2.85,16,7.779,31.338,24.8,6
2026-08-21T17:31:17,2222.5,7.4,1.36,2.85,16,7.781,31.338,24.8,6
2026-08-21T17:31:19,2224.5,7.3,1.36,2.85,16,7.782,31.338,24.8,6
2026-08-21T17:31:21,2226.5,7.2,1.34,2.82,16,7.784,31.338,24.8,6
2026-08-21T17:31:23,2228.5,7.2,1.34,2.82,16,7.785,31.338,24.8,6
2026-08-21T17:31:25,2230.5,7.2,1.31,2.79,16,7.787,31.338,24.8,6
2026-08-21T17:31:27,2232.5,7.5,1.31,2.79,16,7.792,31.338,24.9,6
2026-08-21T17:31:29,2234.5,7.5,1.31,2.79,16,7.792,31.338,24.9,6
2026-08-21T17:31:31,2236.5,7.2,1.28,2.76,16,7.793,31.338,24.9,6
2026-08-21T17:31:33,2238.5,7.3,1.28,2.76,16,7.794,31.338,24.9,6
2026-08-21T17:31:35,2240.5,7.3,1.26,2.73,16,7.796,31.338,24.9,6
2026-08-21T17:31:37,2242.5,7.4,1.26,2.73,16,7.8,31.338,24.9,6
2026-08-21T17:31:39,2244.5,7.3,1.26,2.73,16,7.802,31.338,24.9,6
2026-08-21T17:31:41,2246.5,7.1,1.32,2.72,16,7.803,31.338,24.9,6
2026-08-21T17:31:43,2248.5,7.1,1.32,2.72,16,7.804,31.338,24.9,6
2026-08-21T17:31:45,2250.5,7.2,1.29,2.69,16,7.806,31.338,24.9,6
2026-08-21T17:31:47,2252.5,7.2,1.29,2.69,16,7.808,31.338,24.9,6
2026-08-21T17:31:49,2254.5,7.3,1.29,2.69,16,7.814,31.338,24.9,6
2026-08-21T17:31:51,2256.5,7.1,1.27,2.66,16,7.816,31.338,24.9,6
2026-08-21T17:31:53,2258.5,7.2,1.27,2.66,16,7.819,31.338,24.9,6
2026-08-21T17:31:55,2260.5,7.2,1.25,2.63,16,7.819,31.338,25.0,6
2026-08-21T17:31:57,2262.5,7.2,1.25,2.63,16,7.817,31.338,24.9,6
2026-08-21T17:31:59,2264.5,7.2,1.25,2.63,16,7.822,31.338,25.0,6
2026-08-21T17:32:01,2266.5,7.1,1.23,2.61,16,7.825,31.338,25.0,6
2026-08-21T17:32:03,2268.5,7.2,1.23,2.61,16,7.83,31.338,25.0,6
2026-08-21T17:32:05,2270.5,7.2,1.29,2.6,16,7.831,31.338,25.0,6
2026-08-21T17:32:07,2272.5,7.3,1.29,2.6,16,7.831,31.338,25.0,6
2026-08-21T17:32:09,2274.5,7.3,1.29,2.6,16,7.834,31.338,25.0,6
2026-08-21T17:32:11,2276.5,7.2,1.27,2.57,16,7.835,31.338,25.0,6
2026-08-21T17:32:13,2278.5,7.3,1.27,2.57,16,7.837,31.338,25.0,6
2026-08-21T17:32:15,2280.5,7.1,1.25,2.54,16,7.838,31.338,25.0,6
2026-08-21T17:32:17,2282.5,7.2,1.25,2.54,16,7.839,31.338,25.0,6
2026-08-21T17:32:19,2284.5,7.3,1.25,2.54,16,7.84,31.338,25.0,6
2026-08-21T17:32:21,2286.5,7.3,1.23,2.52,16,7.84,31.338,25.0,6
2026-08-21T17:32:23,2288.5,7.5,1.23,2.52,16,7.842,31.338,25.0,6
2026-08-21T17:32:25,2290.5,7.3,1.21,2.49,16,7.843,31.338,25.0,6
2026-08-21T17:32:27,2292.5,7.2,1.21,2.49,16,7.845,31.338,25.0,6
2026-08-21T17:32:29,2294.5,7.3,1.21,2.49,16,7.847,31.338,25.0,6
2026-08-21T17:32:31,2296.5,7.3,1.27,2.48,16,7.847,31.338,25.0,6
2026-08-21T17:32:33,2298.5,7.3,1.27,2.48,16,7.844,31.338,25.0,6
2026-08-21T17:32:35,2300.5,7.3,1.41,2.49,16,7.846,31.338,25.0,6
2026-08-21T17:32:37,2302.5,7.2,1.41,2.49,16,7.847,31.338,25.0,6
2026-08-21T17:32:39,2304.5,7.3,1.41,2.49,16,7.849,31.338,25.0,6
2026-08-21T17:32:41,2306.5,7.3,1.38,2.47,16,7.854,31.338,25.1,6
2026-08-21T17:32:43,2308.5,7.4,1.38,2.47,16,7.856,31.338,25.1,6
2026-08-21T17:32:45,2310.5,7.2,1.35,2.44,16,7.856,31.338,25.1,6
2026-08-21T17:32:47,2312.5,7.3,1.35,2.44,16,7.857,31.338,25.1,6
2026-08-21T17:32:49,2314.5,7.3,1.35,2.44,16,7.86,31.338,25.1,6
2026-08-21T17:32:51,2316.5,7.2,1.32,2.42,16,7.863,31.338,25.1,6
2026-08-21T17:32:53,2318.5,7.2,1.32,2.42,16,7.867,31.338,25.1,6
2026-08-21T17:32:55,2320.5,7.3,1.29,2.39,16,7.867,31.338,25.1,6
2026-08-21T17:32:57,2322.5,7.3,1.29,2.39,16,7.867,31.338,25.1,6
2026-08-21T17:32:59,2324.5,7.4,1.29,2.39,16,7.868,31.338,25.1,6
2026-08-21T17:33:01,2326.5,7.2,1.27,2.37,16,7.87,31.338,25.1,6
2026-08-21T17:33:03,2328.5,7.2,1.27,2.37,16,7.87,31.338,25.1,6
2026-08-21T17:33:05,2330.5,7.3,1.41,2.38,16,7.87,31.338,25.1,6
2026-08-21T17:33:07,2332.5,7.2,1.41,2.38,16,7.87,31.338,25.1,6
2026-08-21T17:33:09,2334.5,7.2,1.41,2.38,16,7.878,31.338,25.1,6
2026-08-21T17:33:11,2336.5,7.1,1.38,2.36,16,7.881,31.338,25.1,6
2026-08-21T17:33:13,2338.5,7.3,1.38,2.36,16,7.88,31.338,25.1,6
2026-08-21T17:33:15,2340.5,7.3,1.34,2.34,16,7.879,31.338,25.1,6
2026-08-21T17:33:17,2342.5,7.2,1.34,2.34,16,7.879,31.338,25.1,6
2026-08-21T17:33:19,2344.5,7.1,1.34,2.34,16,7.879,31.338,25.1,6
2026-08-21T17:33:21,2346.5,7.3,1.32,2.31,16,7.881,31.338,25.1,6
2026-08-21T17:33:23,2348.5,7.4,1.32,2.31,16,7.877,31.338,25.1,6
2026-08-21T17:33:25,2350.5,7.2,1.29,2.29,16,7.877,31.338,25.1,6
2026-08-21T17:33:27,2352.5,7.3,1.29,2.29,16,7.877,31.338,25.1,6
2026-08-21T17:33:29,2354.5,7.5,1.29,2.29,16,7.877,31.338,25.1,6
2026-08-21T17:33:31,2356.5,7.5,1.27,2.27,16,7.881,31.338,25.1,6
2026-08-21T17:33:33,2358.5,7.3,1.27,2.27,16,7.881,31.338,25.1,6
2026-08-21T17:33:35,2360.5,7.5,1.25,2.25,16,7.882,31.338,25.1,6
2026-08-21T17:33:37,2362.5,7.6,1.25,2.25,16,7.881,31.338,25.1,6
2026-08-21T17:33:39,2364.5,7.3,1.25,2.25,16,7.881,31.338,25.1,6
2026-08-21T17:33:41,2366.5,7.1,1.23,2.23,16,7.882,31.338,25.2,6
2026-08-21T17:33:43,2368.5,7.2,1.23,2.23,16,7.882,31.338,25.2,6
2026-08-21T17:33:45,2370.5,7.2,1.21,2.21,16,7.882,31.338,25.2,6
2026-08-21T17:33:47,2372.5,7.2,1.21,2.21,16,7.883,31.338,25.2,6
2026-08-21T17:33:49,2374.5,7.3,1.21,2.21,16,7.884,31.338,25.2,6
2026-08-21T17:33:51,2376.5,7.1,1.19,2.19,16,7.883,31.338,25.2,6
2026-08-21T17:33:53,2378.5,7.1,1.19,2.19,16,7.88,31.338,25.1,6
2026-08-21T17:33:55,2380.5,7.2,1.18,2.17,16,7.88,31.338,25.1,6
2026-08-21T17:33:57,2382.5,7.1,1.18,2.17,16,7.88,31.338,25.1,6
2026-08-21T17:33:59,2384.5,7.1,1.18,2.17,16,7.88,31.338,25.1,6
2026-08-21T17:34:01,2386.5,7.2,1.16,2.15,16,7.88,31.338,25.1,6
2026-08-21T17:34:03,2388.5,7.2,1.16,2.15,16,7.885,31.338,25.2,6
2026-08-21T17:34:05,2390.5,7.2,1.15,2.13,16,7.885,31.338,25.2,6
2026-08-21T17:34:07,2392.5,7.3,1.15,2.13,16,7.885,31.338,25.2,6
2026-08-21T17:34:09,2394.5,7.2,1.15,2.13,16,7.885,31.338,25.2,6
2026-08-21T17:34:11,2396.5,7.1,1.14,2.11,16,7.885,31.338,25.2,6
2026-08-21T17:34:13,2398.5,7.2,1.14,2.11,16,7.885,31.338,25.2,6
2026-08-21T17:34:15,2400.5,7.1,1.12,2.09,16,7.885,31.338,25.2,6
2026-08-21T17:34:17,2402.5,7.2,1.12,2.09,16,7.885,31.338,25.2,6
2026-08-21T17:34:19,2404.5,7.3,1.12,2.09,16,7.885,31.338,25.2,6
2026-08-21T17:34:21,2406.5,7.1,1.11,2.07,16,7.885,31.338,25.2,6
2026-08-21T17:34:23,2408.5,7.2,1.11,2.07,16,7.886,31.338,25.2,6
2026-08-21T17:34:25,2410.5,7.4,1.27,2.09,16,7.886,31.338,25.2,6
2026-08-21T17:34:27,2412.5,7.2,1.27,2.09,16,7.886,31.338,25.2,6
2026-08-21T17:34:29,2414.5,7.3,1.27,2.09,16,7.886,31.338,25.2,6
2026-08-21T17:34:31,2416.5,7.3,1.24,2.07,16,7.886,31.338,25.2,6
2026-08-21T17:34:33,2418.5,7.3,1.24,2.07,16,7.889,31.338,25.2,6
2026-08-21T17:34:35,2420.5,7.2,1.22,2.05,16,7.888,31.338,25.2,6
2026-08-21T17:34:37,2422.5,7.3,1.22,2.05,16,7.889,31.338,25.2,6
2026-08-21T17:34:39,2424.5,7.2,1.22,2.05,16,7.889,31.338,25.2,6
2026-08-21T17:34:41,2426.5,7.2,1.45,2.08,16,7.889,31.338,25.2,6
2026-08-21T17:34:43,2428.6,7.3,1.45,2.08,16,7.887,31.338,25.2,6
2026-08-21T17:34:45,2430.6,7.3,1.41,2.07,16,7.887,31.338,25.2,6
2026-08-21T17:34:47,2432.6,7.3,1.41,2.07,16,7.887,31.338,25.2,6
2026-08-21T17:34:49,2434.6,7.3,1.41,2.07,16,7.887,31.338,25.2,6
2026-08-21T17:34:51,2436.6,7.2,1.38,2.05,16,7.887,31.338,25.2,6
2026-08-21T17:34:53,2438.6,7.2,1.38,2.05,16,7.888,31.338,25.2,6
2026-08-21T17:34:55,2440.6,7.2,1.35,2.03,16,7.888,31.338,25.2,6
2026-08-21T17:34:57,2442.6,7.2,1.35,2.03,16,7.888,31.338,25.2,6
2026-08-21T17:34:59,2444.6,7.2,1.35,2.03,16,7.888,31.338,25.2,6
2026-08-21T17:35:01,2446.6,7.3,1.32,2.01,16,7.888,31.338,25.2,6
2026-08-21T17:35:03,2448.6,7.3,1.32,2.01,16,7.887,31.338,25.2,6
2026-08-21T17:35:05,2450.6,7.2,1.29,2.0,16,7.887,31.338,25.2,6
2026-08-21T17:35:07,2452.6,7.2,1.29,2.0,16,7.887,31.338,25.2,6
2026-08-21T17:35:09,2454.6,7.2,1.29,2.0,16,7.887,31.338,25.2,6
2026-08-21T17:35:11,2456.6,7.2,1.27,1.98,16,7.887,31.338,25.2,6
2026-08-21T17:35:13,2458.6,7.3,1.27,1.98,16,7.888,31.338,25.2,6
2026-08-21T17:35:15,2460.6,7.3,1.25,1.96,16,7.888,31.338,25.2,6
2026-08-21T17:35:17,2462.6,7.2,1.25,1.96,16,7.888,31.338,25.2,6
2026-08-21T17:35:19,2464.6,7.2,1.25,1.96,16,7.888,31.338,25.2,6
2026-08-21T17:35:21,2466.6,7.3,1.31,1.96,16,7.888,31.338,25.2,6
2026-08-21T17:35:23,2468.6,7.5,1.31,1.96,16,7.889,31.338,25.2,6
2026-08-21T17:35:25,2470.6,7.2,1.28,1.95,16,7.889,31.338,25.2,6
2026-08-21T17:35:27,2472.6,7.1,1.28,1.95,16,7.889,31.338,25.2,6
2026-08-21T17:35:29,2474.6,7.1,1.28,1.95,16,7.889,31.338,25.2,6
2026-08-21T17:35:31,2476.6,7.1,1.26,1.93,16,7.889,31.338,25.2,6
2026-08-21T17:35:33,2478.6,7.2,1.26,1.93,16,7.889,31.338,25.2,6
2026-08-21T17:35:35,2480.6,7.2,1.24,1.92,16,7.89,31.338,25.2,6
2026-08-21T17:35:37,2482.6,7.2,1.24,1.92,16,7.89,31.338,25.2,6
2026-08-21T17:35:39,2484.6,7.3,1.24,1.92,16,7.89,31.338,25.2,6
2026-08-21T17:35:41,2486.6,7.2,1.22,1.9,16,7.898,31.338,25.2,6
2026-08-21T17:35:43,2488.6,7.3,1.22,1.9,16,7.896,31.338,25.2,6
2026-08-21T17:35:45,2490.6,7.1,1.2,1.88,16,7.893,31.338,25.2,6
2026-08-21T17:35:47,2492.6,7.2,1.2,1.88,16,7.893,31.338,25.2,6
2026-08-21T17:35:49,2494.6,7.1,1.2,1.88,16,7.893,31.338,25.2,6
2026-08-21T17:35:51,2496.6,7.2,1.19,1.87,16,7.894,31.338,25.2,6
2026-08-21T17:35:53,2498.6,7.3,1.19,1.87,16,7.894,31.338,25.2,6
2026-08-21T17:35:55,2500.6,7.3,1.17,1.85,16,7.892,31.338,25.2,6
2026-08-21T17:35:57,2502.6,7.3,1.17,1.85,16,7.892,31.338,25.2,6
2026-08-21T17:35:59,2504.6,7.2,1.17,1.85,16,7.892,31.338,25.2,6
2026-08-21T17:36:01,2506.6,7.1,1.16,1.84,16,7.892,31.338,25.2,6
2026-08-21T17:36:03,2508.6,7.3,1.16,1.84,16,7.893,31.338,25.2,6
2026-08-21T17:36:05,2510.6,7.1,1.14,1.83,16,7.893,31.338,25.2,6
2026-08-21T17:36:07,2512.6,7.3,1.14,1.83,16,7.893,31.338,25.2,6
2026-08-21T17:36:09,2514.6,7.1,1.14,1.83,16,7.893,31.338,25.2,6
2026-08-21T17:36:11,2516.6,7.2,1.13,1.81,16,7.893,31.338,25.2,6
2026-08-21T17:36:13,2518.6,7.2,1.13,1.81,16,7.894,31.338,25.2,6
2026-08-21T17:36:15,2520.6,7.1,1.12,1.8,16,7.894,31.338,25.2,6
2026-08-21T17:36:17,2522.6,7.1,1.12,1.8,16,7.894,31.338,25.2,6
2026-08-21T17:36:19,2524.6,7.2,1.12,1.8,16,7.894,31.338,25.2,6
2026-08-21T17:36:21,2526.6,7.1,1.11,1.78,16,7.894,31.338,25.2,6
2026-08-21T17:36:23,2528.6,7.2,1.11,1.78,16,7.894,31.338,25.2,6
2026-08-21T17:36:25,2530.6,7.2,1.1,1.77,16,7.894,31.338,25.2,6
2026-08-21T17:36:27,2532.6,7.2,1.1,1.77,16,7.895,31.338,25.2,6
2026-08-21T17:36:29,2534.6,7.2,1.1,1.77,16,7.895,31.338,25.2,6
2026-08-21T17:36:31,2536.6,7.2,1.17,1.77,16,7.895,31.338,25.2,6
2026-08-21T17:36:33,2538.6,7.3,1.17,1.77,16,7.895,31.338,25.2,6
2026-08-21T17:36:35,2540.6,7.2,1.16,1.76,16,7.897,31.338,25.2,6
2026-08-21T17:36:37,2542.6,7.1,1.16,1.76,16,7.898,31.338,25.2,6
2026-08-21T17:36:39,2544.6,7.3,1.16,1.76,16,7.898,31.338,25.2,6
2026-08-21T17:36:41,2546.6,7.2,1.15,1.75,16,7.898,31.338,25.2,6
2026-08-21T17:36:43,2548.6,7.2,1.15,1.75,16,7.894,31.338,25.2,6
2026-08-21T17:36:45,2550.6,7.1,1.13,1.74,16,7.896,31.338,25.2,6
2026-08-21T17:36:47,2552.6,7.2,1.13,1.74,16,7.896,31.338,25.2,6
2026-08-21T17:36:49,2554.6,7.1,1.13,1.74,16,7.896,31.338,25.2,6
2026-08-21T17:36:51,2556.6,7.1,1.12,1.72,16,7.896,31.338,25.2,6
2026-08-21T17:36:53,2558.6,7.2,1.12,1.72,16,7.896,31.338,25.2,6
2026-08-21T17:36:55,2560.6,7.1,1.19,1.73,16,7.897,31.338,25.2,6
2026-08-21T17:36:57,2562.6,7.2,1.19,1.73,16,7.896,31.338,25.2,6
2026-08-21T17:36:59,2564.6,7.3,1.19,1.73,16,7.896,31.338,25.2,6
2026-08-21T17:37:01,2566.6,7.1,1.18,1.72,16,7.896,31.338,25.2,6
2026-08-21T17:37:03,2568.6,7.1,1.18,1.72,16,7.896,31.338,25.2,6
2026-08-21T17:37:05,2570.6,7.1,1.16,1.7,16,7.896,31.338,25.2,6
2026-08-21T17:37:07,2572.6,7.3,1.16,1.7,16,7.897,31.338,25.2,6
2026-08-21T17:37:09,2574.6,7.2,1.16,1.7,16,7.898,31.338,25.2,6
2026-08-21T17:37:11,2576.6,7.1,1.07,1.68,16,7.898,31.338,25.2,6
2026-08-21T17:37:13,2578.6,7.2,1.07,1.68,16,7.898,31.338,25.2,6
2026-08-21T17:37:15,2580.6,7.2,1.06,1.66,16,7.899,31.338,25.2,6
2026-08-21T17:37:17,2582.6,7.2,1.06,1.66,16,7.899,31.338,25.2,6
2026-08-21T17:37:19,2584.6,6.7,1.06,1.66,16,7.901,31.338,25.2,6
2026-08-21T17:37:21,2586.6,6.4,1.06,1.65,16,7.9,31.338,25.2,6
2026-08-21T17:37:23,2588.6,6.5,1.06,1.65,16,7.9,31.338,25.2,6
2026-08-21T17:37:25,2590.6,6.5,1.05,1.64,16,7.9,31.338,25.2,6
2026-08-21T17:37:27,2592.6,6.5,1.05,1.64,16,7.899,31.338,25.2,6
2026-08-21T17:37:29,2594.6,6.0,1.05,1.64,16,7.469,31.338,23.8,5
2026-08-21T17:37:31,2596.6,6.2,1.05,1.63,16,7.467,31.338,23.8,5
2026-08-21T17:37:33,2598.6,6.4,1.05,1.63,16,7.467,31.338,23.8,5
2026-08-21T17:37:35,2600.6,9.9,1.05,1.62,16,8.071,31.338,25.8,7
2026-08-21T17:37:37,2602.6,12.5,1.05,1.62,16,8.353,31.338,26.7,7
2026-08-21T17:37:39,2604.6,10.6,1.05,1.62,16,8.356,31.338,26.7,7
2026-08-21T17:37:41,2606.6,9.7,1.12,1.63,16,8.361,31.338,26.7,7
2026-08-21T17:37:43,2608.6,9.5,1.12,1.63,16,8.365,31.338,26.7,7
2026-08-21T17:37:45,2610.6,9.5,1.11,1.62,16,8.365,31.338,26.7,7
2026-08-21T17:37:47,2612.6,9.6,1.11,1.62,16,8.364,31.338,26.7,7
2026-08-21T17:37:49,2614.6,9.6,1.11,1.62,16,8.362,31.338,26.7,7
2026-08-21T17:37:51,2616.6,9.6,1.1,1.61,16,8.364,31.338,26.7,7
2026-08-21T17:37:53,2618.6,9.7,1.1,1.61,16,8.366,31.338,26.7,7
2026-08-21T17:37:55,2620.6,9.3,1.25,1.63,16,8.37,31.338,26.7,7
2026-08-21T17:37:57,2622.6,9.4,1.25,1.63,16,8.369,31.338,26.7,7
2026-08-21T17:37:59,2624.6,9.5,1.25,1.63,16,8.37,31.338,26.7,7
2026-08-21T17:38:01,2626.6,9.4,1.23,1.62,16,8.366,31.338,26.7,7
2026-08-21T17:38:03,2628.6,9.5,1.23,1.62,16,8.362,31.338,26.7,7
2026-08-21T17:38:05,2630.6,9.5,1.22,1.61,16,8.363,31.338,26.7,7
2026-08-21T17:38:07,2632.6,9.4,1.22,1.61,16,8.364,31.338,26.7,7
2026-08-21T17:38:09,2634.6,9.4,1.22,1.61,16,8.363,31.338,26.7,7
2026-08-21T17:38:11,2636.6,9.5,1.36,1.63,16,8.365,31.338,26.7,7
2026-08-21T17:38:13,2638.6,9.7,1.36,1.63,16,8.367,31.338,26.7,7
2026-08-21T17:38:15,2640.6,9.9,1.41,1.64,16,8.371,31.338,26.7,7
2026-08-21T17:38:17,2642.6,9.7,1.41,1.64,16,8.377,31.338,26.7,7
2026-08-21T17:38:19,2644.6,9.7,1.41,1.64,16,8.379,31.338,26.7,7
2026-08-21T17:38:21,2646.6,9.5,1.38,1.63,16,8.383,31.338,26.8,7
2026-08-21T17:38:23,2648.6,9.5,1.38,1.63,16,8.383,31.338,26.8,7
2026-08-21T17:38:25,2650.6,9.4,1.51,1.65,16,8.386,31.338,26.8,7
2026-08-21T17:38:27,2652.6,9.5,1.51,1.65,16,8.39,31.338,26.8,7
2026-08-21T17:38:29,2654.6,8.5,1.51,1.65,16,8.388,31.338,26.8,7
2026-08-21T17:38:31,2656.6,9.2,1.55,1.66,16,8.388,31.338,26.8,7
2026-08-21T17:38:33,2658.6,9.5,1.55,1.66,16,8.403,31.338,26.8,7
2026-08-21T17:38:35,2660.6,9.4,1.5,1.64,16,8.403,31.338,26.8,7
2026-08-21T17:38:37,2662.6,9.3,1.5,1.64,16,8.403,31.338,26.8,7
2026-08-21T17:38:39,2664.6,9.4,1.5,1.64,16,8.401,31.338,26.8,7
2026-08-21T17:38:41,2666.6,9.5,1.46,1.63,16,8.401,31.338,26.8,7
2026-08-21T17:38:43,2668.6,9.3,1.46,1.63,16,8.401,31.338,26.8,7
2026-08-21T17:38:45,2670.6,9.3,1.67,1.67,16,8.4,31.338,26.8,7
2026-08-21T17:38:47,2672.6,9.6,1.67,1.67,16,8.4,31.338,26.8,7
2026-08-21T17:38:49,2674.6,9.5,1.67,1.67,16,8.399,31.338,26.8,7
2026-08-21T17:38:51,2676.6,9.4,1.61,1.66,16,8.399,31.338,26.8,7
2026-08-21T17:38:53,2678.6,9.3,1.61,1.66,16,8.399,31.338,26.8,7
2026-08-21T17:38:55,2680.6,9.4,1.56,1.65,16,8.399,31.338,26.8,7
2026-08-21T17:38:57,2682.6,9.3,1.56,1.65,16,8.399,31.338,26.8,7
2026-08-21T17:38:59,2684.6,9.6,1.56,1.65,16,8.399,31.338,26.8,7
2026-08-21T17:39:01,2686.6,9.6,1.52,1.64,16,8.399,31.338,26.8,7
2026-08-21T17:39:03,2688.6,9.7,1.52,1.64,16,8.395,31.338,26.8,7
2026-08-21T17:39:05,2690.6,9.3,1.48,1.63,16,8.395,31.338,26.8,7
2026-08-21T17:39:07,2692.6,9.4,1.48,1.63,16,8.395,31.338,26.8,7
2026-08-21T17:39:09,2694.6,9.4,1.48,1.63,16,8.4,31.338,26.8,7
2026-08-21T17:39:11,2696.6,9.4,1.44,1.62,16,8.4,31.338,26.8,7
2026-08-21T17:39:13,2698.6,9.5,1.44,1.62,16,8.4,31.338,26.8,7
2026-08-21T17:39:15,2700.6,9.7,1.4,1.61,16,8.4,31.338,26.8,7
2026-08-21T17:39:17,2702.6,9.4,1.4,1.61,16,8.4,31.338,26.8,7
2026-08-21T17:39:19,2704.6,9.5,1.4,1.61,16,8.399,31.338,26.8,7
2026-08-21T17:39:21,2706.6,9.5,1.37,1.6,16,8.399,31.338,26.8,7
2026-08-21T17:39:23,2708.6,9.4,1.37,1.6,16,8.399,31.338,26.8,7
2026-08-21T17:39:25,2710.6,9.4,1.34,1.59,16,8.399,31.338,26.8,7
2026-08-21T17:39:27,2712.6,8.8,1.34,1.59,16,8.399,31.338,26.8,7
2026-08-21T17:39:29,2714.6,9.7,1.34,1.59,16,8.4,31.338,26.8,7
2026-08-21T17:39:31,2716.6,9.5,1.47,1.61,16,8.4,31.338,26.8,7
2026-08-21T17:39:33,2718.6,9.4,1.47,1.61,16,8.4,31.338,26.8,7
2026-08-21T17:39:35,2720.6,8.9,1.44,1.6,16,8.4,31.338,26.8,7
2026-08-21T17:39:37,2722.6,9.4,1.44,1.6,16,8.4,31.338,26.8,7
2026-08-21T17:39:39,2724.6,9.5,1.44,1.6,16,8.401,31.338,26.8,7
2026-08-21T17:39:41,2726.6,9.6,1.32,1.57,16,8.401,31.338,26.8,7
2026-08-21T17:39:43,2728.6,9.5,1.32,1.57,16,8.401,31.338,26.8,7
2026-08-21T17:39:45,2730.6,9.6,1.29,1.56,16,8.401,31.338,26.8,7
2026-08-21T17:39:47,2732.6,9.5,1.29,1.56,16,8.401,31.338,26.8,7
2026-08-21T17:39:49,2734.6,9.6,1.29,1.56,16,8.401,31.338,26.8,7
2026-08-21T17:39:51,2736.6,9.5,1.27,1.55,16,8.401,31.338,26.8,7
2026-08-21T17:39:53,2738.6,9.5,1.27,1.55,16,8.397,31.338,26.8,7
2026-08-21T17:39:55,2740.6,9.7,1.25,1.54,16,8.398,31.338,26.8,7
2026-08-21T17:39:57,2742.6,9.4,1.25,1.54,16,8.397,31.338,26.8,7
2026-08-21T17:39:59,2744.6,9.3,1.25,1.54,16,8.396,31.338,26.8,7
2026-08-21T17:40:01,2746.6,9.2,1.23,1.54,16,8.398,31.338,26.8,7
2026-08-21T17:40:03,2748.6,9.4,1.23,1.54,16,8.398,31.338,26.8,7
2026-08-21T17:40:05,2750.6,9.3,1.29,1.54,16,8.398,31.338,26.8,7
2026-08-21T17:40:07,2752.6,9.3,1.29,1.54,16,8.398,31.338,26.8,7
2026-08-21T17:40:09,2754.6,9.5,1.29,1.54,16,8.393,31.338,26.8,7
2026-08-21T17:40:11,2756.6,9.3,1.27,1.53,16,8.393,31.338,26.8,7
2026-08-21T17:40:13,2758.6,9.4,1.27,1.53,16,8.393,31.338,26.8,7
2026-08-21T17:40:15,2760.6,9.3,1.33,1.54,16,8.393,31.338,26.8,7
2026-08-21T17:40:17,2762.6,9.3,1.33,1.54,16,8.394,31.338,26.8,7
2026-08-21T17:40:19,2764.6,9.4,1.33,1.54,16,8.394,31.338,26.8,7
2026-08-21T17:40:21,2766.6,9.3,1.46,1.57,16,8.395,31.338,26.8,7
2026-08-21T17:40:23,2768.6,8.6,1.46,1.57,16,8.396,31.338,26.8,7
2026-08-21T17:40:25,2770.6,9.4,1.42,1.56,16,8.396,31.338,26.8,7
2026-08-21T17:40:27,2772.6,9.2,1.42,1.56,16,8.396,31.338,26.8,7
2026-08-21T17:40:29,2774.6,9.4,1.42,1.56,16,8.396,31.338,26.8,7
2026-08-21T17:40:31,2776.6,9.4,1.39,1.55,16,8.394,31.338,26.8,7
2026-08-21T17:40:33,2778.6,9.4,1.39,1.55,16,8.394,31.338,26.8,7
2026-08-21T17:40:35,2780.6,9.4,1.36,1.54,16,8.394,31.338,26.8,7
2026-08-21T17:40:37,2782.6,9.5,1.36,1.54,16,8.394,31.338,26.8,7
2026-08-21T17:40:39,2784.6,9.4,1.36,1.54,16,8.395,31.338,26.8,7
2026-08-21T17:40:41,2786.6,9.4,1.41,1.55,16,8.398,31.338,26.8,7
2026-08-21T17:40:43,2788.6,9.2,1.41,1.55,16,8.398,31.338,26.8,7
2026-08-21T17:40:45,2790.6,9.6,1.46,1.55,16,8.398,31.338,26.8,7
2026-08-21T17:40:47,2792.6,9.4,1.46,1.55,16,8.398,31.338,26.8,7
2026-08-21T17:40:49,2794.6,9.3,1.46,1.55,16,8.398,31.338,26.8,7
2026-08-21T17:40:51,2796.6,9.5,1.5,1.56,16,8.399,31.338,26.8,7
2026-08-21T17:40:53,2798.6,9.7,1.5,1.56,16,8.399,31.338,26.8,7
2026-08-21T17:40:55,2800.6,9.7,1.54,1.57,16,8.4,31.338,26.8,7
2026-08-21T17:40:57,2802.6,9.8,1.54,1.57,16,8.4,31.338,26.8,7
2026-08-21T17:40:59,2804.6,9.3,1.54,1.57,16,8.4,31.338,26.8,7
2026-08-21T17:41:01,2806.6,8.9,1.5,1.56,16,8.401,31.338,26.8,7
2026-08-21T17:41:03,2808.6,9.3,1.5,1.56,16,8.401,31.338,26.8,7
2026-08-21T17:41:05,2810.6,9.4,1.54,1.57,16,8.401,31.338,26.8,7
2026-08-21T17:41:07,2812.6,9.4,1.54,1.57,16,8.401,31.338,26.8,7
2026-08-21T17:41:09,2814.6,9.4,1.54,1.57,16,8.401,31.338,26.8,7
2026-08-21T17:41:11,2816.6,9.3,1.49,1.56,16,8.402,31.338,26.8,7
2026-08-21T17:41:13,2818.6,9.5,1.49,1.56,16,8.402,31.338,26.8,7
2026-08-21T17:41:15,2820.6,9.2,1.54,1.56,16,8.402,31.338,26.8,7
2026-08-21T17:41:17,2822.6,9.3,1.54,1.56,16,8.402,31.338,26.8,7
2026-08-21T17:41:19,2824.6,7.5,1.54,1.56,16,8.402,31.338,26.8,7
2026-08-21T17:41:21,2826.6,9.3,1.49,1.55,16,8.402,31.338,26.8,7
2026-08-21T17:41:23,2828.6,9.4,1.49,1.55,16,8.403,31.338,26.8,7
2026-08-21T17:41:25,2830.6,9.3,1.45,1.55,16,8.403,31.338,26.8,7
2026-08-21T17:41:27,2832.6,9.2,1.45,1.55,16,8.399,31.338,26.8,7
2026-08-21T17:41:29,2834.6,9.4,1.45,1.55,16,8.399,31.338,26.8,7
2026-08-21T17:41:31,2836.6,9.4,1.5,1.55,16,8.399,31.338,26.8,7
2026-08-21T17:41:33,2838.6,9.2,1.5,1.55,16,8.404,31.338,26.8,7
2026-08-21T17:41:35,2840.6,9.3,1.46,1.54,16,8.404,31.338,26.8,7
2026-08-21T17:41:37,2842.6,9.4,1.46,1.54,16,8.404,31.338,26.8,7
2026-08-21T17:41:39,2844.6,9.5,1.46,1.54,16,8.405,31.338,26.8,7
2026-08-21T17:41:41,2846.6,9.6,1.66,1.58,16,8.405,31.338,26.8,7
2026-08-21T17:41:43,2848.6,9.5,1.66,1.58,16,8.406,31.338,26.8,7
2026-08-21T17:41:45,2850.6,9.5,1.69,1.59,16,8.406,31.338,26.8,7
2026-08-21T17:41:47,2852.6,9.5,1.69,1.59,16,8.406,31.338,26.8,7
2026-08-21T17:41:49,2854.6,9.5,1.69,1.59,16,8.406,31.338,26.8,7
2026-08-21T17:41:51,2856.6,9.4,1.71,1.6,16,8.406,31.338,26.8,7
2026-08-21T17:41:53,2858.6,9.4,1.71,1.6,16,8.409,31.338,26.8,7
2026-08-21T17:41:55,2860.6,9.4,1.66,1.59,16,8.409,31.338,26.8,7
2026-08-21T17:41:57,2862.6,9.5,1.66,1.59,16,8.409,31.338,26.8,7
2026-08-21T17:41:59,2864.6,9.3,1.66,1.59,16,8.409,31.338,26.8,7
2026-08-21T17:42:01,2866.6,9.4,1.68,1.6,16,8.409,31.338,26.8,7
2026-08-21T17:42:03,2868.6,9.3,1.68,1.6,16,8.408,31.338,26.8,7
2026-08-21T17:42:05,2870.6,9.3,1.71,1.6,16,8.408,31.338,26.8,7
2026-08-21T17:42:07,2872.6,9.2,1.71,1.6,16,8.408,31.338,26.8,7
2026-08-21T17:42:09,2874.6,9.3,1.71,1.6,16,8.408,31.338,26.8,7
2026-08-21T17:42:11,2876.6,9.4,1.73,1.61,16,8.408,31.338,26.8,7
2026-08-21T17:42:13,2878.7,9.3,1.73,1.61,16,8.41,31.338,26.8,7
2026-08-21T17:42:15,2880.7,8.6,1.67,1.6,16,8.41,31.338,26.8,7
2026-08-21T17:42:17,2882.7,6.5,1.67,1.6,16,8.409,31.338,26.8,7
2026-08-21T17:42:19,2884.7,6.6,1.67,1.6,16,8.409,31.338,26.8,7
2026-08-21T17:42:21,2886.7,6.5,1.7,1.61,16,8.409,31.338,26.8,7
2026-08-21T17:42:23,2888.7,6.5,1.7,1.61,16,8.407,31.338,26.8,7
2026-08-21T17:42:25,2890.7,6.5,1.64,1.6,16,8.406,31.338,26.8,7
2026-08-21T17:42:27,2892.7,6.5,1.64,1.6,16,8.406,31.338,26.8,7
2026-08-21T17:42:29,2894.7,6.5,1.64,1.6,16,8.406,31.338,26.8,7
2026-08-21T17:42:31,2896.7,6.5,1.59,1.59,16,8.893,31.338,28.4,7
2026-08-21T17:42:33,2898.7,6.5,1.59,1.59,16,8.916,31.338,28.5,7
2026-08-21T17:42:35,2900.7,6.5,1.54,1.58,16,8.938,31.338,28.5,7
2026-08-21T17:42:37,2902.7,6.5,1.54,1.58,16,8.962,31.338,28.6,7
2026-08-21T17:42:39,2904.7,6.6,1.54,1.58,16,8.977,31.338,28.6,7
2026-08-21T17:42:41,2906.7,6.5,1.5,1.57,16,8.99,31.338,28.7,7
2026-08-21T17:42:43,2908.7,6.5,1.5,1.57,16,9.005,31.338,28.7,7
2026-08-21T17:42:45,2910.7,6.6,1.46,1.56,16,9.029,31.338,28.8,7
2026-08-21T17:42:47,2912.7,6.6,1.46,1.56,16,9.06,31.338,28.9,7
2026-08-21T17:42:49,2914.7,6.6,1.46,1.56,16,9.083,31.338,29.0,7
2026-08-21T17:42:51,2916.7,6.6,1.42,1.55,16,9.099,31.338,29.0,7
2026-08-21T17:42:53,2918.7,6.5,1.42,1.55,16,9.129,31.338,29.1,7
2026-08-21T17:42:55,2920.7,6.6,1.39,1.54,16,9.152,31.338,29.2,7
2026-08-21T17:42:57,2922.7,6.6,1.39,1.54,16,9.175,31.338,29.3,7
2026-08-21T17:42:59,2924.7,4.7,1.39,1.54,16,7.684,31.338,24.5,5
2026-08-21T17:43:01,2926.7,6.5,1.36,1.53,16,7.623,31.338,24.3,5
2026-08-21T17:43:03,2928.7,6.5,1.36,1.53,16,7.623,31.338,24.3,5
2026-08-21T17:43:05,2930.7,6.5,1.33,1.52,16,7.628,31.338,24.3,5
2026-08-21T17:43:07,2932.7,6.4,1.33,1.52,16,7.565,31.338,24.1,5
2026-08-21T17:43:09,2934.7,6.5,1.33,1.52,16,7.565,31.338,24.1,5
2026-08-21T17:43:11,2936.7,6.5,1.3,1.51,16,7.565,31.338,24.1,5
2026-08-21T17:43:13,2938.7,6.5,1.3,1.51,16,7.565,31.338,24.1,5
2026-08-21T17:43:15,2940.7,6.5,1.28,1.5,16,7.563,31.338,24.1,5
2026-08-21T17:43:17,2942.7,6.5,1.28,1.5,16,7.549,31.338,24.1,5
2026-08-21T17:43:19,2944.7,6.5,1.28,1.5,16,7.549,31.338,24.1,5
2026-08-21T17:43:21,2946.7,19.3,1.26,1.49,16,8.809,31.338,28.1,9
2026-08-21T17:43:23,2948.7,23.7,1.26,1.49,16,9.322,31.338,29.7,9
2026-08-21T17:43:25,2950.7,14.7,1.23,1.48,16,9.347,31.338,29.8,9
2026-08-21T17:43:27,2952.7,13.9,1.23,1.48,16,9.348,31.338,29.8,9
2026-08-21T17:43:29,2954.7,11.5,1.23,1.48,16,9.348,31.338,29.8,9
2026-08-21T17:43:31,2956.7,13.6,1.22,1.48,16,9.347,31.338,29.8,9
2026-08-21T17:43:33,2958.7,13.7,1.22,1.48,16,9.342,31.338,29.8,9
2026-08-21T17:43:35,2960.7,13.3,1.28,1.49,16,9.329,31.338,29.8,9
2026-08-21T17:43:37,2962.7,13.5,1.28,1.49,16,9.31,31.338,29.7,9
2026-08-21T17:43:39,2964.7,13.4,1.28,1.49,16,9.303,31.338,29.7,9
2026-08-21T17:43:41,2966.7,13.3,1.26,1.48,16,9.281,31.338,29.6,9
2026-08-21T17:43:43,2968.7,13.5,1.26,1.48,16,9.271,31.338,29.6,9
2026-08-21T17:43:45,2970.7,13.6,1.24,1.47,16,9.257,31.338,29.5,9
2026-08-21T17:43:47,2972.7,13.6,1.24,1.47,16,9.251,31.338,29.5,9
2026-08-21T17:43:49,2974.7,13.7,1.24,1.47,16,9.242,31.338,29.5,9
2026-08-21T17:43:51,2976.7,13.6,1.22,1.46,16,9.238,31.338,29.5,9
2026-08-21T17:43:53,2978.7,13.7,1.22,1.46,16,9.239,31.338,29.5,9
2026-08-21T17:43:55,2980.7,13.2,1.2,1.45,16,9.24,31.338,29.5,9
2026-08-21T17:43:57,2982.7,8.9,1.2,1.45,16,9.241,31.338,29.5,9
2026-08-21T17:43:59,2984.7,13.3,1.2,1.45,16,9.241,31.338,29.5,9
2026-08-21T17:44:01,2986.7,13.1,1.18,1.45,16,9.241,31.338,29.5,9
2026-08-21T17:44:03,2988.7,13.5,1.18,1.45,16,9.241,31.338,29.5,9
2026-08-21T17:44:05,2990.7,12.6,1.25,1.45,16,9.242,31.338,29.5,9
2026-08-21T17:44:07,2992.7,13.7,1.25,1.45,16,9.239,31.338,29.5,9
2026-08-21T17:44:09,2994.7,13.5,1.25,1.45,16,9.239,31.338,29.5,9
2026-08-21T17:44:11,2996.7,13.4,1.55,1.51,16,9.24,31.338,29.5,9
2026-08-21T17:44:13,2998.7,13.6,1.55,1.51,16,9.242,31.338,29.5,9
2026-08-21T17:44:15,3000.7,13.5,1.5,1.5,16,9.242,31.338,29.5,9
2026-08-21T17:44:17,3002.7,13.5,1.5,1.5,16,9.237,31.338,29.5,9
2026-08-21T17:44:19,3004.7,13.4,1.5,1.5,16,9.236,31.338,29.5,9
2026-08-21T17:44:21,3006.7,13.6,1.71,1.55,16,9.236,31.338,29.5,9
2026-08-21T17:44:23,3008.7,13.7,1.71,1.55,16,9.236,31.338,29.5,9
2026-08-21T17:44:25,3010.7,13.5,1.81,1.57,16,9.237,31.338,29.5,9
2026-08-21T17:44:27,3012.7,13.7,1.81,1.57,16,9.238,31.338,29.5,9
2026-08-21T17:44:29,3014.7,13.4,1.81,1.57,16,9.238,31.338,29.5,9
2026-08-21T17:44:31,3016.7,11.8,1.98,1.61,16,9.276,31.338,29.6,9
2026-08-21T17:44:33,3018.7,13.6,1.98,1.61,16,9.276,31.338,29.6,9
2026-08-21T17:44:35,3020.7,13.3,1.91,1.6,16,9.272,31.338,29.6,9
2026-08-21T17:44:37,3022.7,13.4,1.91,1.6,16,9.268,31.338,29.6,9
2026-08-21T17:44:39,3024.7,13.4,1.91,1.6,16,9.267,31.338,29.6,9
2026-08-21T17:44:41,3026.7,13.5,1.83,1.59,16,9.267,31.338,29.6,9
2026-08-21T17:44:43,3028.7,13.7,1.83,1.59,16,9.263,31.338,29.6,9
2026-08-21T17:44:45,3030.7,14.3,2.01,1.63,16,9.263,31.338,29.6,9
2026-08-21T17:44:47,3032.7,13.7,2.01,1.63,16,9.262,31.338,29.6,9
2026-08-21T17:44:49,3034.7,13.5,2.01,1.63,16,9.262,31.338,29.6,9
2026-08-21T17:44:51,3036.7,12.1,1.85,1.6,16,9.262,31.338,29.6,9
2026-08-21T17:44:53,3038.7,14.0,1.85,1.6,16,9.262,31.338,29.6,9
2026-08-21T17:44:55,3040.7,13.6,1.78,1.59,16,9.262,31.338,29.6,9
2026-08-21T17:44:57,3042.7,13.2,1.78,1.59,16,9.259,31.338,29.5,9
2026-08-21T17:44:59,3044.7,13.3,1.78,1.59,16,9.259,31.338,29.5,9
2026-08-21T17:45:01,3046.7,13.4,1.72,1.58,16,9.267,31.338,29.6,9
2026-08-21T17:45:03,3048.7,13.4,1.72,1.58,16,9.267,31.338,29.6,9
2026-08-21T17:45:05,3050.7,13.2,1.66,1.57,16,9.268,31.338,29.6,9
2026-08-21T17:45:07,3052.7,13.1,1.66,1.57,16,9.271,31.338,29.6,9
2026-08-21T17:45:09,3054.7,13.1,1.66,1.57,16,9.266,31.338,29.6,9
2026-08-21T17:45:11,3056.7,13.1,1.69,1.58,16,9.267,31.338,29.6,9
2026-08-21T17:45:13,3058.7,13.2,1.69,1.58,16,9.267,31.338,29.6,9
2026-08-21T17:45:15,3060.7,13.2,1.63,1.57,16,9.267,31.338,29.6,9
2026-08-21T17:45:17,3062.7,13.2,1.63,1.57,16,9.262,31.338,29.6,9
2026-08-21T17:45:19,3064.7,13.2,1.63,1.57,16,9.257,31.338,29.5,9
2026-08-21T17:45:21,3066.7,13.4,1.58,1.56,16,9.257,31.338,29.5,9
2026-08-21T17:45:23,3068.7,13.4,1.58,1.56,16,9.257,31.338,29.5,9
2026-08-21T17:45:25,3070.7,13.2,1.45,1.53,16,9.257,31.338,29.5,9
2026-08-21T17:45:27,3072.7,13.2,1.45,1.53,16,9.26,31.338,29.5,9
2026-08-21T17:45:29,3074.7,13.5,1.45,1.53,16,9.261,31.338,29.6,9
2026-08-21T17:45:31,3076.7,13.2,1.58,1.56,16,9.26,31.338,29.5,9
2026-08-21T17:45:33,3078.7,13.2,1.58,1.56,16,9.26,31.338,29.5,9
2026-08-21T17:45:35,3080.7,13.1,1.61,1.57,16,9.261,31.338,29.6,9
2026-08-21T17:45:37,3082.7,13.0,1.61,1.57,16,9.261,31.338,29.6,9
2026-08-21T17:45:39,3084.7,12.2,1.61,1.57,16,9.261,31.338,29.6,9
2026-08-21T17:45:41,3086.7,11.5,1.56,1.56,16,9.257,31.338,29.5,9
2026-08-21T17:45:43,3088.7,13.6,1.56,1.56,16,9.257,31.338,29.5,9
2026-08-21T17:45:45,3090.7,13.4,1.52,1.55,16,9.257,31.338,29.5,9
2026-08-21T17:45:47,3092.7,13.3,1.52,1.55,16,9.256,31.338,29.5,9
2026-08-21T17:45:49,3094.7,12.3,1.52,1.55,16,9.257,31.338,29.5,9
2026-08-21T17:45:51,3096.7,13.0,1.47,1.54,16,9.257,31.338,29.5,9
2026-08-21T17:45:53,3098.7,13.1,1.47,1.54,16,9.257,31.338,29.5,9
2026-08-21T17:45:55,3100.7,13.2,1.6,1.56,16,9.258,31.338,29.5,9
2026-08-21T17:45:57,3102.7,13.1,1.6,1.56,16,9.258,31.338,29.5,9
2026-08-21T17:45:59,3104.7,13.3,1.6,1.56,16,9.262,31.338,29.6,9
2026-08-21T17:46:01,3106.7,13.6,1.55,1.55,16,9.262,31.338,29.6,9
2026-08-21T17:46:03,3108.7,13.4,1.55,1.55,16,9.262,31.338,29.6,9
2026-08-21T17:46:05,3110.7,13.4,1.5,1.54,16,9.263,31.338,29.6,9
2026-08-21T17:46:07,3112.7,13.7,1.5,1.54,16,9.263,31.338,29.6,9
2026-08-21T17:46:09,3114.7,13.5,1.5,1.54,16,9.264,31.338,29.6,9
2026-08-21T17:46:11,3116.7,13.2,1.46,1.53,16,9.258,31.338,29.5,9
2026-08-21T17:46:13,3118.7,13.3,1.46,1.53,16,9.258,31.338,29.5,9
2026-08-21T17:46:15,3120.7,8.4,1.43,1.52,16,9.26,31.338,29.5,9
2026-08-21T17:46:17,3122.7,6.5,1.43,1.52,16,9.26,31.338,29.6,9
2026-08-21T17:46:19,3124.7,6.5,1.43,1.52,16,9.265,31.338,29.6,9
2026-08-21T17:46:21,3126.7,6.5,1.39,1.52,16,9.265,31.338,29.6,9
2026-08-21T17:46:23,3128.7,6.6,1.39,1.52,16,9.265,31.338,29.6,9
2026-08-21T17:46:25,3130.7,6.7,1.36,1.51,16,9.265,31.338,29.6,9
2026-08-21T17:46:27,3132.7,6.5,1.36,1.51,16,9.265,31.338,29.6,9
2026-08-21T17:46:29,3134.7,6.6,1.36,1.51,16,9.265,31.338,29.6,9
2026-08-21T17:46:31,3136.7,6.6,1.33,1.5,16,9.265,31.338,29.6,9
2026-08-21T17:46:33,3138.7,6.5,1.33,1.5,16,9.265,31.338,29.6,9
2026-08-21T17:46:35,3140.7,6.6,1.3,1.49,16,9.265,31.338,29.6,9
2026-08-21T17:46:37,3142.7,6.6,1.3,1.49,16,9.265,31.338,29.6,9
2026-08-21T17:46:39,3144.7,5.1,1.3,1.49,16,7.511,31.338,24.0,5
2026-08-21T17:46:41,3146.7,6.5,1.28,1.48,16,7.511,31.338,24.0,5
2026-08-21T17:46:43,3148.7,6.5,1.28,1.48,16,7.511,31.338,24.0,5
2026-08-21T17:46:45,3150.7,6.5,1.26,1.47,16,7.51,31.338,24.0,5
2026-08-21T17:46:47,3152.7,42.4,1.26,1.47,16,10.102,31.338,32.2,13
2026-08-21T17:46:49,3154.7,43.6,1.26,1.47,16,11.001,31.338,35.1,13
2026-08-21T17:46:51,3156.7,21.1,1.24,1.47,16,11.002,31.338,35.1,13
2026-08-21T17:46:53,3158.7,20.5,1.24,1.47,16,11.003,31.338,35.1,13
2026-08-21T17:46:55,3160.7,20.0,1.22,1.46,16,11.004,31.338,35.1,13
2026-08-21T17:46:57,3162.7,20.0,1.22,1.46,16,11.005,31.338,35.1,13
2026-08-21T17:46:59,3164.7,20.3,1.22,1.46,16,11.005,31.338,35.1,13
2026-08-21T17:47:01,3166.7,19.8,1.36,1.48,16,11.005,31.338,35.1,13
2026-08-21T17:47:03,3168.7,19.7,1.36,1.48,16,11.006,31.338,35.1,13
2026-08-21T17:47:05,3170.7,19.5,1.33,1.48,16,11.006,31.338,35.1,13
2026-08-21T17:47:07,3172.7,16.2,1.33,1.48,16,11.001,31.338,35.1,13
2026-08-21T17:47:09,3174.7,19.8,1.33,1.48,16,10.995,31.338,35.1,13
2026-08-21T17:47:11,3176.7,19.9,1.3,1.47,16,10.985,31.338,35.1,13
2026-08-21T17:47:13,3178.7,17.1,1.3,1.47,16,10.975,31.338,35.0,13
2026-08-21T17:47:15,3180.7,19.9,1.92,1.59,16,10.963,31.338,35.0,13
2026-08-21T17:47:17,3182.7,20.1,1.92,1.59,16,10.96,31.338,35.0,13
2026-08-21T17:47:19,3184.7,19.7,1.92,1.59,16,10.96,31.338,35.0,13
2026-08-21T17:47:21,3186.7,19.8,1.85,1.58,16,10.961,31.338,35.0,13
2026-08-21T17:47:23,3188.7,19.8,1.85,1.58,16,10.961,31.338,35.0,13
2026-08-21T17:47:25,3190.7,19.4,1.94,1.61,16,10.961,31.338,35.0,13
2026-08-21T17:47:27,3192.7,19.6,1.94,1.61,16,10.961,31.338,35.0,13
2026-08-21T17:47:29,3194.7,20.0,1.94,1.61,16,10.961,31.338,35.0,13
2026-08-21T17:47:31,3196.7,20.0,2.02,1.63,16,10.961,31.338,35.0,13
2026-08-21T17:47:33,3198.7,19.4,2.02,1.63,16,10.961,31.338,35.0,13
2026-08-21T17:47:35,3200.7,13.2,2.18,1.67,16,10.961,31.338,35.0,13
2026-08-21T17:47:37,3202.7,15.8,2.18,1.67,16,10.961,31.338,35.0,13
2026-08-21T17:47:39,3204.7,19.8,2.18,1.67,16,10.961,31.338,35.0,13
2026-08-21T17:47:41,3206.7,20.0,2.17,1.67,16,10.961,31.338,35.0,13
2026-08-21T17:47:43,3208.7,19.7,2.17,1.67,16,10.961,31.338,35.0,13
2026-08-21T17:47:45,3210.7,20.0,2.72,1.8,16,10.961,31.338,35.0,13
2026-08-21T17:47:47,3212.7,19.9,2.72,1.8,16,10.962,31.338,35.0,13
2026-08-21T17:47:49,3214.7,19.5,2.72,1.8,16,10.962,31.338,35.0,13
2026-08-21T17:47:51,3216.7,19.9,2.82,1.83,16,10.962,31.338,35.0,13
2026-08-21T17:47:53,3218.7,19.6,2.82,1.83,16,10.966,31.338,35.0,13
2026-08-21T17:47:55,3220.7,19.5,2.67,1.82,16,10.964,31.338,35.0,13
2026-08-21T17:47:57,3222.7,20.2,2.67,1.82,16,10.962,31.338,35.0,13
2026-08-21T17:47:59,3224.7,14.5,2.67,1.82,16,10.962,31.338,35.0,13
2026-08-21T17:48:01,3226.7,16.4,2.54,1.81,16,10.962,31.338,35.0,13
2026-08-21T17:48:03,3228.7,19.8,2.54,1.81,16,10.962,31.338,35.0,13
2026-08-21T17:48:05,3230.7,19.7,2.98,1.91,16,10.962,31.338,35.0,13
2026-08-21T17:48:07,3232.7,19.5,2.98,1.91,16,10.962,31.338,35.0,13
2026-08-21T17:48:09,3234.7,19.3,2.98,1.91,16,10.962,31.338,35.0,13
2026-08-21T17:48:11,3236.7,19.7,2.82,1.89,16,10.962,31.338,35.0,13
2026-08-21T17:48:13,3238.7,19.3,2.82,1.89,16,10.957,31.338,35.0,13
2026-08-21T17:48:15,3240.7,19.4,2.75,1.9,16,10.957,31.338,35.0,13
2026-08-21T17:48:17,3242.7,17.1,2.75,1.9,16,10.958,31.338,35.0,13
2026-08-21T17:48:19,3244.7,19.7,2.75,1.9,16,11.055,31.338,35.3,13
2026-08-21T17:48:21,3246.7,19.6,3.17,2.0,16,11.025,31.338,35.2,13
2026-08-21T17:48:23,3248.7,17.0,3.17,2.0,16,10.999,31.338,35.1,13
2026-08-21T17:48:25,3250.7,13.3,3.64,2.11,16,10.992,31.338,35.1,13
2026-08-21T17:48:27,3252.7,19.6,3.64,2.11,16,10.991,31.338,35.1,13
2026-08-21T17:48:29,3254.7,19.2,3.64,2.11,16,10.99,31.338,35.1,13
2026-08-21T17:48:31,3256.7,19.3,3.43,2.1,16,10.99,31.338,35.1,13
2026-08-21T17:48:33,3258.7,20.0,3.43,2.1,16,10.99,31.338,35.1,13
2026-08-21T17:48:35,3260.7,19.6,3.31,2.09,16,10.991,31.338,35.1,13
2026-08-21T17:48:37,3262.7,19.4,3.31,2.09,16,10.991,31.338,35.1,13
2026-08-21T17:48:39,3264.7,19.9,3.31,2.09,16,10.991,31.338,35.1,13
2026-08-21T17:48:41,3266.7,19.8,3.13,2.07,16,10.985,31.338,35.1,13
2026-08-21T17:48:43,3268.7,19.8,3.13,2.07,16,10.986,31.338,35.1,13
2026-08-21T17:48:45,3270.7,19.5,2.96,2.06,16,10.985,31.338,35.1,13
2026-08-21T17:48:47,3272.7,17.7,2.96,2.06,16,10.985,31.338,35.1,13
2026-08-21T17:48:49,3274.7,6.7,2.96,2.06,16,10.983,31.338,35.0,13
2026-08-21T17:48:51,3276.7,6.7,2.8,2.04,16,10.983,31.338,35.0,13
2026-08-21T17:48:53,3278.7,6.7,2.8,2.04,16,10.983,31.338,35.0,13
2026-08-21T17:48:55,3280.7,6.7,2.66,2.02,16,10.983,31.338,35.0,13
2026-08-21T17:48:57,3282.7,6.7,2.66,2.02,16,10.983,31.338,35.0,13
2026-08-21T17:48:59,3284.7,6.6,2.66,2.02,16,10.983,31.338,35.0,13
2026-08-21T17:49:01,3286.7,6.7,2.52,2.0,16,13.473,31.338,43.0,13
2026-08-21T17:49:03,3288.7,6.7,2.52,2.0,16,13.101,31.338,41.8,13
2026-08-21T17:49:05,3290.7,6.7,2.4,1.99,16,13.094,31.338,41.8,13
2026-08-21T17:49:07,3292.7,6.6,2.4,1.99,16,13.075,31.338,41.7,13
2026-08-21T17:49:09,3294.7,6.6,2.4,1.99,16,13.055,31.338,41.7,13
2026-08-21T17:49:11,3296.7,6.7,2.29,1.97,16,13.063,31.338,41.7,13
2026-08-21T17:49:13,3298.7,6.7,2.29,1.97,16,13.024,31.338,41.6,13
2026-08-21T17:49:15,3300.7,6.7,2.18,1.95,16,13.054,31.338,41.7,13
2026-08-21T17:49:17,3302.7,6.7,2.18,1.95,16,13.085,31.338,41.8,13
2026-08-21T17:49:19,3304.7,6.7,2.18,1.95,16,13.108,31.338,41.8,13
2026-08-21T17:49:21,3306.7,6.7,2.09,1.94,16,13.124,31.338,41.9,13
2026-08-21T17:49:23,3308.7,6.7,2.09,1.94,16,13.139,31.338,41.9,13
2026-08-21T17:49:25,3310.7,6.7,2.0,1.92,16,13.154,31.338,42.0,13
2026-08-21T17:49:27,3312.7,6.6,2.0,1.92,16,13.177,31.338,42.0,13
2026-08-21T17:49:29,3314.7,6.7,2.0,1.92,16,13.193,31.338,42.1,13
2026-08-21T17:49:31,3316.7,6.8,1.92,1.91,16,13.201,31.338,42.1,13
2026-08-21T17:49:33,3318.7,6.6,1.92,1.91,16,13.224,31.338,42.2,13
2026-08-21T17:49:35,3320.8,6.7,1.85,1.89,16,13.239,31.338,42.2,13
2026-08-21T17:49:37,3322.8,6.6,1.85,1.89,16,13.23,31.338,42.2,13
2026-08-21T17:49:39,3324.8,6.1,1.85,1.89,16,7.538,31.338,24.1,5
2026-08-21T17:49:41,3326.8,6.5,1.78,1.88,16,7.539,31.338,24.1,5
2026-08-21T17:49:43,3328.8,6.5,1.78,1.88,16,7.539,31.338,24.1,5
2026-08-21T17:49:45,3330.8,6.5,1.72,1.86,16,7.539,31.338,24.1,5
2026-08-21T17:49:47,3332.8,6.5,1.72,1.86,16,7.539,31.338,24.1,5
2026-08-21T17:49:49,3334.8,6.5,1.72,1.86,16,7.539,31.338,24.1,5
2026-08-21T17:49:51,3336.8,6.5,1.66,1.85,16,7.54,31.338,24.1,5
2026-08-21T17:49:53,3338.8,6.5,1.66,1.85,16,7.54,31.338,24.1,5
2026-08-21T17:49:55,3340.8,6.5,1.61,1.83,16,7.54,31.338,24.1,5
2026-08-21T17:49:57,3342.8,6.5,1.61,1.83,16,7.54,31.338,24.1,5
2026-08-21T17:49:59,3344.8,10.6,1.61,1.83,16,7.743,31.338,24.7,7
2026-08-21T17:50:01,3346.8,93.9,2.52,2.02,16,12.421,31.338,39.6,21
2026-08-21T17:50:03,3348.8,99.8,2.52,2.02,16,14.08,31.338,44.9,21
2026-08-21T17:50:05,3350.8,44.6,3.92,2.32,16,14.388,31.338,45.9,21
2026-08-21T17:50:07,3352.8,22.2,3.92,2.32,16,14.39,31.338,45.9,21
2026-08-21T17:50:09,3354.8,28.2,3.92,2.32,16,14.392,31.338,45.9,21
2026-08-21T17:50:11,3356.8,28.8,3.84,2.33,16,14.393,31.338,45.9,21
2026-08-21T17:50:13,3358.8,28.2,3.84,2.33,16,14.394,31.338,45.9,21
2026-08-21T17:50:15,3360.8,28.4,3.62,2.31,16,14.394,31.338,45.9,21
2026-08-21T17:50:17,3362.8,28.0,3.62,2.31,16,14.396,31.338,45.9,21
2026-08-21T17:50:19,3364.8,28.4,3.62,2.31,16,14.396,31.338,45.9,21
2026-08-21T17:50:21,3366.8,28.3,3.49,2.3,16,14.396,31.338,45.9,21
2026-08-21T17:50:23,3368.8,25.3,3.49,2.3,16,14.399,31.338,45.9,21
2026-08-21T17:50:25,3370.8,25.3,3.45,2.31,16,14.4,31.338,46.0,21
2026-08-21T17:50:27,3372.8,28.0,3.45,2.31,16,14.399,31.338,45.9,21
2026-08-21T17:50:29,3374.8,28.4,3.45,2.31,16,14.391,31.338,45.9,21
2026-08-21T17:50:31,3376.8,28.3,3.25,2.29,16,14.376,31.338,45.9,21
2026-08-21T17:50:33,3378.8,28.3,3.25,2.29,16,14.36,31.338,45.8,21
2026-08-21T17:50:35,3380.8,28.3,4.27,2.52,16,14.36,31.338,45.8,21
2026-08-21T17:50:37,3382.8,27.6,4.27,2.52,16,14.361,31.338,45.8,21
2026-08-21T17:50:39,3384.8,25.0,4.27,2.52,16,14.359,31.338,45.8,21
2026-08-21T17:50:41,3386.8,28.2,4.17,2.53,16,14.361,31.338,45.8,21
2026-08-21T17:50:43,3388.8,28.2,4.17,2.53,16,14.361,31.338,45.8,21
2026-08-21T17:50:45,3390.8,28.3,4.0,2.52,16,14.361,31.338,45.8,21
2026-08-21T17:50:47,3392.8,28.3,4.0,2.52,16,14.361,31.338,45.8,21
2026-08-21T17:50:49,3394.8,24.3,4.0,2.52,16,14.365,31.338,45.8,21
2026-08-21T17:50:51,3396.8,27.6,3.92,2.53,16,14.363,31.338,45.8,21
2026-08-21T17:50:53,3398.8,27.8,3.92,2.53,16,14.363,31.338,45.8,21
2026-08-21T17:50:55,3400.8,28.2,3.76,2.52,16,14.364,31.338,45.8,21
2026-08-21T17:50:57,3402.8,20.6,3.76,2.52,16,14.364,31.338,45.8,21
2026-08-21T17:50:59,3404.8,28.2,3.76,2.52,16,14.364,31.338,45.8,21
2026-08-21T17:51:01,3406.8,27.7,4.58,2.71,16,14.365,31.338,45.8,21
2026-08-21T17:51:03,3408.8,28.2,4.58,2.71,16,14.365,31.338,45.8,21
2026-08-21T17:51:05,3410.8,27.7,4.46,2.71,16,14.365,31.338,45.8,21
2026-08-21T17:51:07,3412.8,28.2,4.46,2.71,16,14.365,31.338,45.8,21
2026-08-21T17:51:09,3414.8,27.6,4.46,2.71,16,14.365,31.338,45.8,21
2026-08-21T17:51:11,3416.8,28.0,4.34,2.72,16,14.364,31.338,45.8,21
2026-08-21T17:51:13,3418.8,28.1,4.34,2.72,16,14.365,31.338,45.8,21
2026-08-21T17:51:15,3420.8,18.0,4.15,2.71,16,14.365,31.338,45.8,21
2026-08-21T17:51:17,3422.8,23.9,4.15,2.71,16,14.365,31.338,45.8,21
2026-08-21T17:51:19,3424.8,25.4,4.15,2.71,16,14.362,31.338,45.8,21
2026-08-21T17:51:21,3426.8,26.5,4.06,2.71,16,14.362,31.338,45.8,21
2026-08-21T17:51:23,3428.8,27.8,4.06,2.71,16,14.362,31.338,45.8,21
2026-08-21T17:51:25,3430.8,28.2,3.97,2.72,16,14.363,31.338,45.8,21
2026-08-21T17:51:27,3432.8,27.9,3.97,2.72,16,14.363,31.338,45.8,21
2026-08-21T17:51:29,3434.8,28.0,3.97,2.72,16,14.357,31.338,45.8,21
2026-08-21T17:51:31,3436.8,27.6,3.74,2.69,16,14.356,31.338,45.8,21
2026-08-21T17:51:33,3438.8,26.0,3.74,2.69,16,14.357,31.338,45.8,21
2026-08-21T17:51:35,3440.8,6.9,3.52,2.66,16,14.358,31.338,45.8,21
2026-08-21T17:51:37,3442.8,6.8,3.52,2.66,16,14.358,31.338,45.8,21
2026-08-21T17:51:39,3444.8,6.8,3.52,2.66,16,14.358,31.338,45.8,21
2026-08-21T17:51:41,3446.8,6.9,3.31,2.63,16,14.358,31.338,45.8,21
2026-08-21T17:51:43,3448.8,6.8,3.31,2.63,16,14.358,31.338,45.8,21
2026-08-21T17:51:45,3450.8,6.8,3.13,2.6,16,14.358,31.338,45.8,21
2026-08-21T17:51:47,3452.8,6.7,3.13,2.6,16,14.358,31.338,45.8,21
2026-08-21T17:51:49,3454.8,6.9,3.13,2.6,16,14.358,31.338,45.8,21
2026-08-21T17:51:51,3456.8,6.8,2.96,2.58,16,14.358,31.338,45.8,21
2026-08-21T17:51:53,3458.8,6.8,2.96,2.58,16,14.359,31.338,45.8,21
2026-08-21T17:51:55,3460.8,6.8,2.8,2.55,16,14.359,31.338,45.8,21
2026-08-21T17:51:57,3462.8,6.9,2.8,2.55,16,14.359,31.338,45.8,21
2026-08-21T17:51:59,3464.8,12.0,2.8,2.55,16,7.547,31.338,24.1,5
2026-08-21T17:52:01,3466.8,6.6,2.66,2.52,16,7.546,31.338,24.1,5
2026-08-21T17:52:03,3468.8,6.5,2.66,2.52,16,7.546,31.338,24.1,5
2026-08-21T17:52:05,3470.8,6.6,2.52,2.5,16,7.547,31.338,24.1,5
