timestamp,elapsed_sec,cpu_pct,load1,load5,nproc,mem_used_gb,mem_total_gb,mem_pct,ray_procs
2026-08-21T18:01:35,0.0,6.6,0.12,0.39,16,2.076,31.338,6.6,5
2026-08-21T18:01:37,2.0,6.5,0.12,0.39,16,2.129,31.338,6.8,5
2026-08-21T18:01:39,4.0,6.5,0.12,0.39,16,2.131,31.338,6.8,5
2026-08-21T18:01:41,6.0,6.5,0.19,0.4,16,2.133,31.338,6.8,5
2026-08-21T18:01:43,8.0,6.5,0.19,0.4,16,2.137,31.338,6.8,5
2026-08-21T18:01:45,10.0,6.6,0.26,0.41,16,2.136,31.338,6.8,5
2026-08-21T18:01:47,12.0,6.5,0.26,0.41,16,2.133,31.338,6.8,5
2026-08-21T18:01:49,14.0,6.5,0.26,0.41,16,2.13,31.338,6.8,5
2026-08-21T18:01:51,16.0,6.6,0.32,0.42,16,2.126,31.338,6.8,5
2026-08-21T18:01:53,18.0,6.5,0.32,0.42,16,2.123,31.338,6.8,5
2026-08-21T18:01:55,20.0,6.5,0.37,0.43,16,2.12,31.338,6.8,5
2026-08-21T18:01:57,22.0,6.5,0.37,0.43,16,2.115,31.338,6.7,5
2026-08-21T18:01:59,24.0,6.5,0.37,0.43,16,2.111,31.338,6.7,5
2026-08-21T18:02:01,26.0,6.5,0.42,0.44,16,2.109,31.338,6.7,5
2026-08-21T18:02:03,28.0,6.5,0.42,0.44,16,2.109,31.338,6.7,5
2026-08-21T18:02:05,30.0,6.5,0.47,0.45,16,2.108,31.338,6.7,5
2026-08-21T18:02:07,32.0,6.6,0.47,0.45,16,2.108,31.338,6.7,5
2026-08-21T18:02:09,34.0,6.5,0.47,0.45,16,2.108,31.338,6.7,5
2026-08-21T18:02:11,36.0,6.5,0.51,0.46,16,2.108,31.338,6.7,5
2026-08-21T18:02:13,38.0,6.5,0.51,0.46,16,2.108,31.338,6.7,5
2026-08-21T18:02:15,40.0,6.5,0.55,0.47,16,2.109,31.338,6.7,5
2026-08-21T18:02:17,42.0,6.6,0.55,0.47,16,2.109,31.338,6.7,5
2026-08-21T18:02:19,44.0,6.5,0.55,0.47,16,2.109,31.338,6.7,5
2026-08-21T18:02:21,46.0,6.5,0.59,0.48,16,2.109,31.338,6.7,5
2026-08-21T18:02:23,48.0,6.6,0.59,0.48,16,2.109,31.338,6.7,5
2026-08-21T18:02:25,50.0,6.5,0.62,0.49,16,2.109,31.338,6.7,5
2026-08-21T18:02:27,52.0,6.5,0.62,0.49,16,2.109,31.338,6.7,5
2026-08-21T18:02:29,54.0,6.5,0.62,0.49,16,2.109,31.338,6.7,5
2026-08-21T18:02:31,56.0,6.6,0.65,0.5,16,2.109,31.338,6.7,5
2026-08-21T18:02:33,58.0,6.5,0.65,0.5,16,2.109,31.338,6.7,5
2026-08-21T18:02:35,60.0,6.5,0.68,0.5,16,2.109,31.338,6.7,5
2026-08-21T18:02:37,62.0,6.5,0.68,0.5,16,2.109,31.338,6.7,5
2026-08-21T18:02:39,64.0,6.6,0.68,0.5,16,2.109,31.338,6.7,5
2026-08-21T18:02:41,66.0,6.5,0.71,0.51,16,2.109,31.338,6.7,5
2026-08-21T18:02:43,68.0,6.6,0.71,0.51,16,2.109,31.338,6.7,5
2026-08-21T18:02:45,70.0,6.5,0.73,0.52,16,2.109,31.338,6.7,5
2026-08-21T18:02:47,72.0,6.5,0.73,0.52,16,2.11,31.338,6.7,5
2026-08-21T18:02:49,74.0,6.5,0.73,0.52,16,2.11,31.338,6.7,5
2026-08-21T18:02:51,76.0,6.5,0.75,0.53,16,2.11,31.338,6.7,5
2026-08-21T18:02:53,78.0,6.6,0.75,0.53,16,2.11,31.338,6.7,5
2026-08-21T18:02:55,80.0,6.5,0.77,0.54,16,2.11,31.338,6.7,5
2026-08-21T18:02:57,82.0,6.5,0.77,0.54,16,2.11,31.338,6.7,5
2026-08-21T18:02:59,84.0,6.5,0.77,0.54,16,2.11,31.338,6.7,5
2026-08-21T18:03:01,86.0,6.6,0.79,0.55,16,2.11,31.338,6.7,5
2026-08-21T18:03:03,88.0,6.5,0.79,0.55,16,2.11,31.338,6.7,5
2026-08-21T18:03:05,90.0,6.6,0.81,0.55,16,2.11,31.338,6.7,5
2026-08-21T18:03:07,92.0,6.5,0.81,0.55,16,2.11,31.338,6.7,5
2026-08-21T18:03:09,94.0,6.6,0.81,0.55,16,2.11,31.338,6.7,5
2026-08-21T18:03:11,96.0,6.5,0.82,0.56,16,2.11,31.338,6.7,5
2026-08-21T18:03:13,98.0,6.6,0.82,0.56,16,2.11,31.338,6.7,5
2026-08-21T18:03:15,100.0,6.5,0.84,0.57,16,2.11,31.338,6.7,5
2026-08-21T18:03:17,102.0,6.5,0.84,0.57,16,2.11,31.338,6.7,5
2026-08-21T18:03:19,104.0,6.5,0.84,0.57,16,2.11,31.338,6.7,5
2026-08-21T18:03:21,106.0,6.5,0.85,0.58,16,2.11,31.338,6.7,5
2026-08-21T18:03:23,108.0,6.5,0.85,0.58,16,2.11,31.338,6.7,5
2026-08-21T18:03:25,110.0,6.5,0.86,0.58,16,2.218,31.338,7.1,5
2026-08-21T18:03:27,112.0,6.5,0.86,0.58,16,2.318,31.338,7.4,5
2026-08-21T18:03:29,114.0,6.5,0.86,0.58,16,2.318,31.338,7.4,5
2026-08-21T18:03:31,116.0,6.6,0.87,0.59,16,2.318,31.338,7.4,5
2026-08-21T18:03:33,118.0,6.5,0.87,0.59,16,2.318,31.338,7.4,5
2026-08-21T18:03:35,120.0,6.5,0.88,0.6,16,2.318,31.338,7.4,5
2026-08-21T18:03:37,122.0,6.6,0.88,0.6,16,2.318,31.338,7.4,5
2026-08-21T18:03:39,124.0,6.5,0.88,0.6,16,2.317,31.338,7.4,5
2026-08-21T18:03:41,126.0,6.5,0.89,0.6,16,2.317,31.338,7.4,5
2026-08-21T18:03:43,128.0,6.6,0.89,0.6,16,2.317,31.338,7.4,5
2026-08-21T18:03:45,130.0,6.5,0.9,0.61,16,2.317,31.338,7.4,5
2026-08-21T18:03:47,132.0,6.5,0.9,0.61,16,2.317,31.338,7.4,5
2026-08-21T18:03:49,134.0,6.6,0.9,0.61,16,2.317,31.338,7.4,5
2026-08-21T18:03:51,136.0,6.5,0.91,0.62,16,2.317,31.338,7.4,5
2026-08-21T18:03:53,138.0,6.5,0.91,0.62,16,2.318,31.338,7.4,5
2026-08-21T18:03:55,140.0,6.6,0.92,0.62,16,2.318,31.338,7.4,5
2026-08-21T18:03:57,142.0,6.5,0.92,0.62,16,2.318,31.338,7.4,5
2026-08-21T18:03:59,144.0,6.5,0.92,0.62,16,2.318,31.338,7.4,5
2026-08-21T18:04:01,146.0,6.5,0.92,0.63,16,2.317,31.338,7.4,5
2026-08-21T18:04:03,148.0,6.5,0.92,0.63,16,2.314,31.338,7.4,5
2026-08-21T18:04:05,150.0,6.5,0.93,0.64,16,2.313,31.338,7.4,5
2026-08-21T18:04:07,152.0,6.5,0.93,0.64,16,2.313,31.338,7.4,5
2026-08-21T18:04:09,154.0,6.5,0.93,0.64,16,2.313,31.338,7.4,5
2026-08-21T18:04:11,156.0,6.5,0.94,0.64,16,3.318,31.338,10.6,5
2026-08-21T18:04:13,158.0,6.5,0.94,0.64,16,3.319,31.338,10.6,5
2026-08-21T18:04:15,160.0,6.6,1.02,0.67,16,3.337,31.338,10.6,5
2026-08-21T18:04:17,162.0,6.5,1.02,0.67,16,2.987,31.338,9.5,5
2026-08-21T18:04:19,164.0,6.5,1.02,0.67,16,4.334,31.338,13.8,5
2026-08-21T18:04:21,166.0,6.6,1.02,0.67,16,4.27,31.338,13.6,5
2026-08-21T18:04:23,168.0,6.6,1.02,0.67,16,4.236,31.338,13.5,5
2026-08-21T18:04:25,170.0,6.5,1.02,0.68,16,4.251,31.338,13.6,5
2026-08-21T18:04:27,172.0,6.6,1.02,0.68,16,4.274,31.338,13.6,5
2026-08-21T18:04:29,174.0,4.5,1.02,0.68,16,4.247,31.338,13.6,5
2026-08-21T18:04:31,176.0,6.5,1.02,0.68,16,4.225,31.338,13.5,5
2026-08-21T18:04:33,178.0,6.6,1.02,0.68,16,4.2,31.338,13.4,5
2026-08-21T18:04:35,180.0,6.5,1.02,0.69,16,4.155,31.338,13.3,5
2026-08-21T18:04:37,182.0,6.6,1.02,0.69,16,4.155,31.338,13.3,5
2026-08-21T18:04:39,184.0,6.5,1.02,0.69,16,4.118,31.338,13.1,5
2026-08-21T18:04:41,186.0,6.5,1.01,0.69,16,4.118,31.338,13.1,5
2026-08-21T18:04:43,188.0,6.6,1.01,0.69,16,4.116,31.338,13.1,5
2026-08-21T18:04:45,190.0,6.5,1.01,0.7,16,4.116,31.338,13.1,5
2026-08-21T18:04:47,192.0,6.6,1.01,0.7,16,4.116,31.338,13.1,5
2026-08-21T18:04:49,194.0,6.6,1.01,0.7,16,4.439,31.338,14.2,6
2026-08-21T18:04:51,196.0,6.5,1.01,0.7,16,4.569,31.338,14.6,6
2026-08-21T18:04:53,198.0,6.6,1.01,0.7,16,4.562,31.338,14.6,6
2026-08-21T18:04:55,200.0,6.6,1.01,0.71,16,4.562,31.338,14.6,6
2026-08-21T18:04:57,202.0,6.7,1.01,0.71,16,4.562,31.338,14.6,6
2026-08-21T18:04:59,204.0,6.5,1.01,0.71,16,4.568,31.338,14.6,6
2026-08-21T18:05:01,206.0,6.5,1.01,0.71,16,4.568,31.338,14.6,6
2026-08-21T18:05:03,208.0,6.6,1.01,0.71,16,4.567,31.338,14.6,6
2026-08-21T18:05:05,210.0,6.5,1.01,0.72,16,4.567,31.338,14.6,6
2026-08-21T18:05:07,212.0,6.6,1.01,0.72,16,4.568,31.338,14.6,6
2026-08-21T18:05:09,214.0,6.6,1.01,0.72,16,4.569,31.338,14.6,6
2026-08-21T18:05:11,216.0,6.6,1.01,0.72,16,4.569,31.338,14.6,6
2026-08-21T18:05:13,218.0,6.6,1.01,0.72,16,4.568,31.338,14.6,6
2026-08-21T18:05:15,220.1,6.5,1.01,0.73,16,4.558,31.338,14.5,6
2026-08-21T18:05:17,222.1,6.5,1.01,0.73,16,4.556,31.338,14.5,6
2026-08-21T18:05:19,224.1,6.6,1.01,0.73,16,4.555,31.338,14.5,6
2026-08-21T18:05:21,226.1,6.7,1.01,0.73,16,4.556,31.338,14.5,6
2026-08-21T18:05:23,228.1,6.6,1.01,0.73,16,4.56,31.338,14.6,6
2026-08-21T18:05:25,230.1,6.6,1.0,0.74,16,4.56,31.338,14.6,6
2026-08-21T18:05:27,232.1,6.6,1.0,0.74,16,4.56,31.338,14.6,6
2026-08-21T18:05:29,234.1,6.6,1.0,0.74,16,4.56,31.338,14.6,6
2026-08-21T18:05:31,236.1,6.5,1.0,0.74,16,4.56,31.338,14.6,6
2026-08-21T18:05:33,238.1,6.6,1.0,0.74,16,4.565,31.338,14.6,6
2026-08-21T18:05:35,240.1,6.6,1.0,0.75,16,4.564,31.338,14.6,6
2026-08-21T18:05:37,242.1,6.6,1.0,0.75,16,4.564,31.338,14.6,6
2026-08-21T18:05:39,244.1,6.5,1.0,0.75,16,4.564,31.338,14.6,6
2026-08-21T18:05:41,246.1,6.6,1.0,0.75,16,4.564,31.338,14.6,6
2026-08-21T18:05:43,248.1,6.5,1.0,0.75,16,4.564,31.338,14.6,6
2026-08-21T18:05:45,250.1,6.6,1.0,0.76,16,4.564,31.338,14.6,6
2026-08-21T18:05:47,252.1,6.6,1.0,0.76,16,4.564,31.338,14.6,6
2026-08-21T18:05:49,254.1,6.5,1.0,0.76,16,4.564,31.338,14.6,6
2026-08-21T18:05:51,256.1,6.6,1.0,0.76,16,4.564,31.338,14.6,6
2026-08-21T18:05:53,258.1,6.6,1.0,0.76,16,4.567,31.338,14.6,6
2026-08-21T18:05:55,260.1,6.5,1.0,0.77,16,4.566,31.338,14.6,6
2026-08-21T18:05:57,262.1,6.7,1.0,0.77,16,4.566,31.338,14.6,6
2026-08-21T18:05:59,264.1,6.5,1.0,0.77,16,4.566,31.338,14.6,6
2026-08-21T18:06:01,266.1,6.5,1.0,0.77,16,4.566,31.338,14.6,6
2026-08-21T18:06:03,268.1,6.6,1.0,0.77,16,4.566,31.338,14.6,6
2026-08-21T18:06:05,270.1,6.6,1.0,0.77,16,4.569,31.338,14.6,6
2026-08-21T18:06:07,272.1,6.6,1.0,0.77,16,4.569,31.338,14.6,6
2026-08-21T18:06:09,274.1,6.5,1.0,0.77,16,4.569,31.338,14.6,6
2026-08-21T18:06:11,276.1,6.5,1.08,0.79,16,4.569,31.338,14.6,6
2026-08-21T18:06:13,278.1,6.6,1.08,0.79,16,4.569,31.338,14.6,6
2026-08-21T18:06:15,280.1,6.5,1.07,0.8,16,4.569,31.338,14.6,6
2026-08-21T18:06:17,282.1,6.6,1.07,0.8,16,4.569,31.338,14.6,6
2026-08-21T18:06:19,284.1,6.6,1.07,0.8,16,4.569,31.338,14.6,6
2026-08-21T18:06:21,286.1,6.6,1.07,0.8,16,4.569,31.338,14.6,6
2026-08-21T18:06:23,288.1,6.6,1.07,0.8,16,4.569,31.338,14.6,6
2026-08-21T18:06:25,290.1,6.5,1.06,0.8,16,4.568,31.338,14.6,6
2026-08-21T18:06:27,292.1,6.6,1.06,0.8,16,4.568,31.338,14.6,6
2026-08-21T18:06:29,294.1,6.6,1.06,0.8,16,4.568,31.338,14.6,6
2026-08-21T18:06:31,296.1,6.6,1.06,0.81,16,4.568,31.338,14.6,6
2026-08-21T18:06:33,298.1,6.5,1.06,0.81,16,4.568,31.338,14.6,6
2026-08-21T18:06:35,300.1,6.6,1.05,0.81,16,4.571,31.338,14.6,6
2026-08-21T18:06:37,302.1,6.6,1.05,0.81,16,4.571,31.338,14.6,6
2026-08-21T18:06:39,304.1,6.5,1.05,0.81,16,4.571,31.338,14.6,6
2026-08-21T18:06:41,306.1,6.6,1.05,0.81,16,4.571,31.338,14.6,6
2026-08-21T18:06:43,308.1,6.5,1.05,0.81,16,4.571,31.338,14.6,6
2026-08-21T18:06:45,310.1,6.5,1.04,0.82,16,4.569,31.338,14.6,6
2026-08-21T18:06:47,312.1,6.6,1.04,0.82,16,4.569,31.338,14.6,6
2026-08-21T18:06:49,314.1,6.5,1.04,0.82,16,4.569,31.338,14.6,6
2026-08-21T18:06:51,316.1,6.5,1.04,0.82,16,4.569,31.338,14.6,6
2026-08-21T18:06:53,318.1,6.6,1.04,0.82,16,4.57,31.338,14.6,6
2026-08-21T18:06:55,320.1,6.5,1.04,0.83,16,4.568,31.338,14.6,6
2026-08-21T18:06:57,322.1,6.7,1.04,0.83,16,4.568,31.338,14.6,6
2026-08-21T18:06:59,324.1,6.5,1.04,0.83,16,4.568,31.338,14.6,6
2026-08-21T18:07:01,326.1,6.6,1.03,0.83,16,4.568,31.338,14.6,6
2026-08-21T18:07:03,328.1,6.5,1.03,0.83,16,4.568,31.338,14.6,6
2026-08-21T18:07:05,330.1,6.6,1.03,0.83,16,4.569,31.338,14.6,6
2026-08-21T18:07:07,332.1,6.6,1.03,0.83,16,4.569,31.338,14.6,6
2026-08-21T18:07:09,334.1,6.5,1.03,0.83,16,4.569,31.338,14.6,6
2026-08-21T18:07:11,336.1,6.6,1.03,0.83,16,4.569,31.338,14.6,6
2026-08-21T18:07:13,338.1,6.5,1.03,0.83,16,4.568,31.338,14.6,6
2026-08-21T18:07:15,340.1,6.6,1.03,0.84,16,4.569,31.338,14.6,6
2026-08-21T18:07:17,342.1,6.6,1.03,0.84,16,4.569,31.338,14.6,6
2026-08-21T18:07:19,344.1,6.5,1.03,0.84,16,4.569,31.338,14.6,6
2026-08-21T18:07:21,346.1,6.6,1.02,0.84,16,4.569,31.338,14.6,6
2026-08-21T18:07:23,348.1,6.5,1.02,0.84,16,5.062,31.338,16.2,6
2026-08-21T18:07:25,350.1,6.6,1.02,0.84,16,5.06,31.338,16.1,6
2026-08-21T18:07:27,352.1,6.6,1.02,0.84,16,5.06,31.338,16.1,6
2026-08-21T18:07:29,354.1,6.6,1.02,0.84,16,5.06,31.338,16.1,6
2026-08-21T18:07:31,356.1,5.2,1.1,0.86,16,4.17,31.338,13.3,5
2026-08-21T18:07:33,358.1,6.5,1.1,0.86,16,4.161,31.338,13.3,5
2026-08-21T18:07:35,360.1,6.5,1.09,0.86,16,4.155,31.338,13.3,5
2026-08-21T18:07:37,362.1,6.6,1.09,0.86,16,4.153,31.338,13.3,5
2026-08-21T18:07:39,364.1,6.5,1.09,0.86,16,4.144,31.338,13.2,5
2026-08-21T18:07:41,366.1,6.5,1.08,0.87,16,4.138,31.338,13.2,5
2026-08-21T18:07:43,368.1,6.5,1.08,0.87,16,4.135,31.338,13.2,5
2026-08-21T18:07:45,370.1,6.5,1.08,0.87,16,4.133,31.338,13.2,5
2026-08-21T18:07:47,372.1,6.5,1.08,0.87,16,4.133,31.338,13.2,5
2026-08-21T18:07:49,374.1,6.5,1.08,0.87,16,4.131,31.338,13.2,5
2026-08-21T18:07:51,376.1,7.2,1.07,0.87,16,4.188,31.338,13.4,5
2026-08-21T18:07:53,378.1,12.9,1.07,0.87,16,4.924,31.338,15.7,7
2026-08-21T18:07:55,380.1,12.7,1.15,0.89,16,5.047,31.338,16.1,7
2026-08-21T18:07:57,382.1,9.1,1.15,0.89,16,5.061,31.338,16.1,7
2026-08-21T18:07:59,384.1,6.5,1.15,0.89,16,5.06,31.338,16.1,7
2026-08-21T18:08:01,386.1,10.2,1.13,0.89,16,5.06,31.338,16.1,7
2026-08-21T18:08:03,388.1,8.4,1.13,0.89,16,5.058,31.338,16.1,7
2026-08-21T18:08:05,390.1,6.5,1.12,0.9,16,5.056,31.338,16.1,7
2026-08-21T18:08:07,392.1,11.1,1.12,0.9,16,5.071,31.338,16.2,7
2026-08-21T18:08:09,394.1,7.5,1.12,0.9,16,5.065,31.338,16.2,7
2026-08-21T18:08:11,396.1,6.6,1.11,0.9,16,5.058,31.338,16.1,7
2026-08-21T18:08:13,398.1,11.7,1.11,0.9,16,5.047,31.338,16.1,7
2026-08-21T18:08:15,400.1,6.6,1.1,0.9,16,5.039,31.338,16.1,7
2026-08-21T18:08:17,402.1,6.6,1.1,0.9,16,5.033,31.338,16.1,7
2026-08-21T18:08:19,404.1,11.9,1.1,0.9,16,5.027,31.338,16.0,7
2026-08-21T18:08:21,406.1,6.6,1.1,0.9,16,5.019,31.338,16.0,7
2026-08-21T18:08:23,408.1,7.1,1.1,0.9,16,5.019,31.338,16.0,7
2026-08-21T18:08:25,410.1,11.3,1.09,0.9,16,5.019,31.338,16.0,7
2026-08-21T18:08:27,412.1,6.6,1.09,0.9,16,5.021,31.338,16.0,7
2026-08-21T18:08:29,414.1,8.1,1.09,0.9,16,5.021,31.338,16.0,7
2026-08-21T18:08:31,416.1,10.4,1.16,0.92,16,5.021,31.338,16.0,7
2026-08-21T18:08:33,418.1,6.6,1.16,0.92,16,5.021,31.338,16.0,7
2026-08-21T18:08:35,420.1,8.4,1.23,0.94,16,5.021,31.338,16.0,7
2026-08-21T18:08:37,422.1,9.9,1.23,0.94,16,5.022,31.338,16.0,7
2026-08-21T18:08:39,424.1,6.6,1.23,0.94,16,5.022,31.338,16.0,7
2026-08-21T18:08:41,426.1,9.4,1.29,0.96,16,5.022,31.338,16.0,7
2026-08-21T18:08:43,428.1,8.9,1.29,0.96,16,5.022,31.338,16.0,7
2026-08-21T18:08:45,430.1,6.6,1.27,0.96,16,5.022,31.338,16.0,7
2026-08-21T18:08:47,432.1,10.3,1.27,0.96,16,5.025,31.338,16.0,7
2026-08-21T18:08:49,434.1,8.1,1.27,0.96,16,5.024,31.338,16.0,7
2026-08-21T18:08:51,436.1,6.6,1.25,0.96,16,5.024,31.338,16.0,7
2026-08-21T18:08:53,438.1,11.2,1.25,0.96,16,5.024,31.338,16.0,7
2026-08-21T18:08:55,440.1,7.0,1.23,0.96,16,5.024,31.338,16.0,7
2026-08-21T18:08:57,442.1,6.5,1.23,0.96,16,5.024,31.338,16.0,7
2026-08-21T18:08:59,444.1,11.8,1.23,0.96,16,5.023,31.338,16.0,7
2026-08-21T18:09:01,446.1,6.5,1.21,0.96,16,5.023,31.338,16.0,7
2026-08-21T18:09:03,448.1,6.9,1.21,0.96,16,5.023,31.338,16.0,7
2026-08-21T18:09:05,450.1,11.4,1.19,0.96,16,5.023,31.338,16.0,7
2026-08-21T18:09:07,452.1,6.5,1.19,0.96,16,5.023,31.338,16.0,7
2026-08-21T18:09:09,454.1,7.4,1.19,0.96,16,5.021,31.338,16.0,7
2026-08-21T18:09:11,456.1,11.1,1.26,0.98,16,5.021,31.338,16.0,7
2026-08-21T18:09:13,458.1,6.6,1.26,0.98,16,5.021,31.338,16.0,7
2026-08-21T18:09:15,460.1,8.4,1.32,1.0,16,5.021,31.338,16.0,7
2026-08-21T18:09:17,462.1,10.2,1.32,1.0,16,5.021,31.338,16.0,7
2026-08-21T18:09:19,464.1,6.5,1.32,1.0,16,5.022,31.338,16.0,7
2026-08-21T18:09:21,466.1,6.7,1.29,1.0,16,5.023,31.338,16.0,7
2026-08-21T18:09:23,468.1,11.8,1.29,1.0,16,5.023,31.338,16.0,7
2026-08-21T18:09:25,470.1,6.6,1.27,1.0,16,5.023,31.338,16.0,7
2026-08-21T18:09:27,472.1,7.5,1.27,1.0,16,5.023,31.338,16.0,7
2026-08-21T18:09:29,474.1,10.9,1.27,1.0,16,5.024,31.338,16.0,7
2026-08-21T18:09:31,476.1,6.6,1.25,1.0,16,5.024,31.338,16.0,7
2026-08-21T18:09:33,478.1,8.4,1.25,1.0,16,5.022,31.338,16.0,7
2026-08-21T18:09:35,480.1,10.0,1.31,1.02,16,5.022,31.338,16.0,7
2026-08-21T18:09:37,482.1,6.5,1.31,1.02,16,5.022,31.338,16.0,7
2026-08-21T18:09:39,484.1,6.6,1.31,1.02,16,5.024,31.338,16.0,7
2026-08-21T18:09:41,486.1,6.5,1.28,1.02,16,5.024,31.338,16.0,7
2026-08-21T18:09:43,488.1,6.6,1.28,1.02,16,5.024,31.338,16.0,7
2026-08-21T18:09:45,490.1,6.6,1.26,1.01,16,5.024,31.338,16.0,7
2026-08-21T18:09:47,492.1,6.6,1.26,1.01,16,5.024,31.338,16.0,7
2026-08-21T18:09:49,494.1,6.6,1.26,1.01,16,5.509,31.338,17.6,7
2026-08-21T18:09:51,496.1,6.6,1.24,1.01,16,5.509,31.338,17.6,7
2026-08-21T18:09:53,498.1,6.6,1.24,1.01,16,5.509,31.338,17.6,7
2026-08-21T18:09:55,500.1,6.6,1.22,1.01,16,5.509,31.338,17.6,7
2026-08-21T18:09:57,502.1,5.9,1.22,1.01,16,4.149,31.338,13.2,5
2026-08-21T18:09:59,504.1,6.5,1.22,1.01,16,4.148,31.338,13.2,5
2026-08-21T18:10:01,506.1,6.5,1.2,1.01,16,4.148,31.338,13.2,5
2026-08-21T18:10:03,508.1,6.6,1.2,1.01,16,4.148,31.338,13.2,5
2026-08-21T18:10:05,510.1,6.5,1.18,1.01,16,4.148,31.338,13.2,5
2026-08-21T18:10:07,512.1,6.6,1.18,1.01,16,4.148,31.338,13.2,5
2026-08-21T18:10:09,514.1,6.6,1.18,1.01,16,4.148,31.338,13.2,5
2026-08-21T18:10:11,516.1,6.5,1.17,1.01,16,4.148,31.338,13.2,5
2026-08-21T18:10:13,518.1,6.6,1.17,1.01,16,4.148,31.338,13.2,5
2026-08-21T18:10:15,520.1,6.5,1.16,1.01,16,4.144,31.338,13.2,5
2026-08-21T18:10:17,522.1,7.1,1.16,1.01,16,4.163,31.338,13.3,5
2026-08-21T18:10:19,524.1,25.5,1.16,1.01,16,5.612,31.338,17.9,9
2026-08-21T18:10:21,526.1,24.1,1.38,1.06,16,5.984,31.338,19.1,9
2026-08-21T18:10:23,528.1,8.8,1.38,1.06,16,5.985,31.338,19.1,9
2026-08-21T18:10:25,530.1,6.4,1.35,1.06,16,5.985,31.338,19.1,9
2026-08-21T18:10:27,532.1,14.4,1.35,1.06,16,5.984,31.338,19.1,9
2026-08-21T18:10:29,534.1,6.4,1.35,1.06,16,5.981,31.338,19.1,9
2026-08-21T18:10:31,536.1,12.3,1.32,1.06,16,5.98,31.338,19.1,9
2026-08-21T18:10:33,538.1,8.5,1.32,1.06,16,5.975,31.338,19.1,9
2026-08-21T18:10:35,540.1,6.4,1.3,1.06,16,5.973,31.338,19.1,9
2026-08-21T18:10:37,542.1,14.2,1.3,1.06,16,5.971,31.338,19.1,9
2026-08-21T18:10:39,544.1,6.5,1.3,1.06,16,5.964,31.338,19.0,9
2026-08-21T18:10:41,546.1,14.0,1.27,1.06,16,5.957,31.338,19.0,9
2026-08-21T18:10:43,548.1,6.7,1.27,1.06,16,5.95,31.338,19.0,9
2026-08-21T18:10:45,550.1,6.5,1.25,1.06,16,5.945,31.338,19.0,9
2026-08-21T18:10:47,552.1,14.2,1.25,1.06,16,5.943,31.338,19.0,9
2026-08-21T18:10:49,554.1,6.5,1.25,1.06,16,5.943,31.338,19.0,9
2026-08-21T18:10:51,556.1,14.3,1.23,1.05,16,5.944,31.338,19.0,9
2026-08-21T18:10:53,558.1,6.4,1.23,1.05,16,5.944,31.338,19.0,9
2026-08-21T18:10:55,560.1,7.5,1.21,1.05,16,5.944,31.338,19.0,9
2026-08-21T18:10:57,562.1,13.3,1.21,1.05,16,5.944,31.338,19.0,9
2026-08-21T18:10:59,564.1,6.4,1.21,1.05,16,5.944,31.338,19.0,9
2026-08-21T18:11:01,566.1,14.1,1.2,1.05,16,5.944,31.338,19.0,9
2026-08-21T18:11:03,568.1,6.5,1.2,1.05,16,5.944,31.338,19.0,9
2026-08-21T18:11:05,570.1,7.8,1.18,1.05,16,5.944,31.338,19.0,9
2026-08-21T18:11:07,572.1,12.9,1.18,1.05,16,5.944,31.338,19.0,9
2026-08-21T18:11:09,574.1,6.5,1.18,1.05,16,5.944,31.338,19.0,9
2026-08-21T18:11:11,576.1,14.3,1.17,1.05,16,5.944,31.338,19.0,9
2026-08-21T18:11:13,578.1,6.5,1.17,1.05,16,5.944,31.338,19.0,9
2026-08-21T18:11:15,580.1,9.8,1.15,1.05,16,5.943,31.338,19.0,9
2026-08-21T18:11:17,582.1,11.0,1.15,1.05,16,5.943,31.338,19.0,9
2026-08-21T18:11:19,584.1,6.4,1.15,1.05,16,5.943,31.338,19.0,9
2026-08-21T18:11:21,586.1,14.4,1.22,1.07,16,5.943,31.338,19.0,9
2026-08-21T18:11:23,588.1,6.4,1.22,1.07,16,5.943,31.338,19.0,9
2026-08-21T18:11:25,590.1,11.8,1.44,1.11,16,5.943,31.338,19.0,9
2026-08-21T18:11:27,592.1,9.1,1.44,1.11,16,5.943,31.338,19.0,9
2026-08-21T18:11:29,594.1,6.4,1.44,1.11,16,5.943,31.338,19.0,9
2026-08-21T18:11:31,596.1,14.2,1.65,1.16,16,5.943,31.338,19.0,9
2026-08-21T18:11:33,598.1,6.4,1.65,1.16,16,5.943,31.338,19.0,9
2026-08-21T18:11:35,600.1,6.5,1.6,1.16,16,5.943,31.338,19.0,9
2026-08-21T18:11:37,602.1,14.2,1.6,1.16,16,5.939,31.338,19.0,9
2026-08-21T18:11:39,604.1,6.5,1.6,1.16,16,5.939,31.338,19.0,9
2026-08-21T18:11:41,606.1,14.3,1.55,1.16,16,5.939,31.338,19.0,9
2026-08-21T18:11:43,608.1,6.4,1.55,1.16,16,5.939,31.338,19.0,9
2026-08-21T18:11:45,610.1,6.4,1.5,1.15,16,5.937,31.338,18.9,9
2026-08-21T18:11:47,612.1,6.4,1.5,1.15,16,5.937,31.338,18.9,9
2026-08-21T18:11:49,614.1,6.4,1.5,1.15,16,5.937,31.338,18.9,9
2026-08-21T18:11:51,616.1,6.4,1.46,1.15,16,5.937,31.338,18.9,9
2026-08-21T18:11:53,618.1,6.5,1.46,1.15,16,5.937,31.338,18.9,9
2026-08-21T18:11:55,620.1,6.4,1.43,1.15,16,6.121,31.338,19.5,9
2026-08-21T18:11:57,622.1,6.4,1.43,1.15,16,6.406,31.338,20.4,9
2026-08-21T18:11:59,624.1,6.5,1.43,1.15,16,6.406,31.338,20.4,9
2026-08-21T18:12:01,626.1,6.4,1.39,1.15,16,6.406,31.338,20.4,9
2026-08-21T18:12:03,628.1,6.5,1.39,1.15,16,6.406,31.338,20.4,9
2026-08-21T18:12:05,630.1,5.0,1.36,1.14,16,4.105,31.338,13.1,5
2026-08-21T18:12:07,632.1,6.3,1.36,1.14,16,4.105,31.338,13.1,5
2026-08-21T18:12:09,634.1,6.3,1.36,1.14,16,4.103,31.338,13.1,5
2026-08-21T18:12:11,636.1,6.3,1.33,1.14,16,4.102,31.338,13.1,5
2026-08-21T18:12:13,638.1,6.4,1.33,1.14,16,4.103,31.338,13.1,5
2026-08-21T18:12:15,640.1,6.3,1.3,1.14,16,4.103,31.338,13.1,5
2026-08-21T18:12:17,642.1,6.3,1.3,1.14,16,4.103,31.338,13.1,5
2026-08-21T18:12:19,644.1,6.3,1.3,1.14,16,4.103,31.338,13.1,5
2026-08-21T18:12:21,646.1,6.4,1.28,1.14,16,4.103,31.338,13.1,5
2026-08-21T18:12:23,648.1,6.4,1.28,1.14,16,4.103,31.338,13.1,5
2026-08-21T18:12:25,650.1,18.2,1.74,1.23,16,5.412,31.338,17.3,13
2026-08-21T18:12:27,652.1,50.5,1.74,1.23,16,7.281,31.338,23.2,13
2026-08-21T18:12:29,654.1,37.3,1.74,1.23,16,7.736,31.338,24.7,13
2026-08-21T18:12:31,656.1,6.5,1.68,1.23,16,7.737,31.338,24.7,13
2026-08-21T18:12:33,658.1,14.0,1.68,1.23,16,7.738,31.338,24.7,13
2026-08-21T18:12:35,660.1,8.9,1.62,1.23,16,7.738,31.338,24.7,13
2026-08-21T18:12:37,662.1,6.5,1.62,1.23,16,7.738,31.338,24.7,13
2026-08-21T18:12:39,664.1,16.3,1.62,1.23,16,7.733,31.338,24.7,13
2026-08-21T18:12:41,666.1,6.5,1.57,1.22,16,7.733,31.338,24.7,13
2026-08-21T18:12:43,668.2,16.1,1.57,1.22,16,7.733,31.338,24.7,13
2026-08-21T18:12:45,670.2,6.5,1.53,1.22,16,7.73,31.338,24.7,13
2026-08-21T18:12:47,672.2,15.9,1.53,1.22,16,7.731,31.338,24.7,13
2026-08-21T18:12:49,674.2,6.5,1.53,1.22,16,7.722,31.338,24.6,13
2026-08-21T18:12:51,676.2,9.6,1.48,1.21,16,7.714,31.338,24.6,13
2026-08-21T18:12:53,678.2,13.0,1.48,1.21,16,7.707,31.338,24.6,13
2026-08-21T18:12:55,680.2,6.5,1.45,1.21,16,7.698,31.338,24.6,13
2026-08-21T18:12:57,682.2,16.2,1.45,1.21,16,7.698,31.338,24.6,13
2026-08-21T18:12:59,684.2,6.5,1.45,1.21,16,7.698,31.338,24.6,13
2026-08-21T18:13:01,686.2,16.1,1.41,1.21,16,7.698,31.338,24.6,13
2026-08-21T18:13:03,688.2,6.5,1.41,1.21,16,7.698,31.338,24.6,13
2026-08-21T18:13:05,690.2,16.1,1.94,1.32,16,7.698,31.338,24.6,13
2026-08-21T18:13:07,692.2,6.5,1.94,1.32,16,7.698,31.338,24.6,13
2026-08-21T18:13:09,694.2,6.7,1.94,1.32,16,7.698,31.338,24.6,13
2026-08-21T18:13:11,696.2,15.8,1.86,1.31,16,7.699,31.338,24.6,13
2026-08-21T18:13:13,698.2,6.6,1.86,1.31,16,7.699,31.338,24.6,13
2026-08-21T18:13:15,700.2,16.0,1.79,1.31,16,7.699,31.338,24.6,13
2026-08-21T18:13:17,702.2,6.5,1.79,1.31,16,7.699,31.338,24.6,13
2026-08-21T18:13:19,704.2,16.1,1.79,1.31,16,7.7,31.338,24.6,13
2026-08-21T18:13:21,706.2,6.5,1.73,1.3,16,7.7,31.338,24.6,13
2026-08-21T18:13:23,708.2,12.3,1.73,1.3,16,7.7,31.338,24.6,13
2026-08-21T18:13:25,710.2,10.2,1.67,1.3,16,7.7,31.338,24.6,13
2026-08-21T18:13:27,712.2,6.5,1.67,1.3,16,7.7,31.338,24.6,13
2026-08-21T18:13:29,714.2,16.1,1.67,1.3,16,7.7,31.338,24.6,13
2026-08-21T18:13:31,716.2,6.5,1.62,1.29,16,7.7,31.338,24.6,13
2026-08-21T18:13:33,718.2,16.2,1.62,1.29,16,7.7,31.338,24.6,13
2026-08-21T18:13:35,720.2,6.5,1.57,1.29,16,7.699,31.338,24.6,13
2026-08-21T18:13:37,722.2,6.8,1.57,1.29,16,7.699,31.338,24.6,13
2026-08-21T18:13:39,724.2,16.0,1.57,1.29,16,7.7,31.338,24.6,13
2026-08-21T18:13:41,726.2,6.5,1.52,1.28,16,7.7,31.338,24.6,13
2026-08-21T18:13:43,728.2,16.2,1.52,1.28,16,7.7,31.338,24.6,13
2026-08-21T18:13:45,730.2,6.5,1.48,1.28,16,7.7,31.338,24.6,13
2026-08-21T18:13:47,732.2,16.0,1.48,1.28,16,7.7,31.338,24.6,13
2026-08-21T18:13:49,734.2,6.5,1.48,1.28,16,7.7,31.338,24.6,13
2026-08-21T18:13:51,736.2,6.6,1.44,1.27,16,7.7,31.338,24.6,13
2026-08-21T18:13:53,738.2,6.5,1.44,1.27,16,7.699,31.338,24.6,13
2026-08-21T18:13:55,740.2,6.5,1.41,1.27,16,7.7,31.338,24.6,13
2026-08-21T18:13:57,742.2,6.5,1.41,1.27,16,7.7,31.338,24.6,13
2026-08-21T18:13:59,744.2,6.6,1.41,1.27,16,7.7,31.338,24.6,13
2026-08-21T18:14:01,746.2,6.5,1.37,1.26,16,8.192,31.338,26.1,13
2026-08-21T18:14:03,748.2,6.6,1.37,1.26,16,8.192,31.338,26.1,13
2026-08-21T18:14:05,750.2,6.5,1.34,1.26,16,8.192,31.338,26.1,13
2026-08-21T18:14:07,752.2,6.4,1.34,1.26,16,8.192,31.338,26.1,13
2026-08-21T18:14:09,754.2,6.6,1.34,1.26,16,8.192,31.338,26.1,13
2026-08-21T18:14:11,756.2,5.6,1.23,1.24,16,4.101,31.338,13.1,5
2026-08-21T18:14:13,758.2,6.4,1.23,1.24,16,4.101,31.338,13.1,5
2026-08-21T18:14:15,760.2,6.4,1.22,1.23,16,4.101,31.338,13.1,5
2026-08-21T18:14:17,762.2,6.4,1.22,1.23,16,4.101,31.338,13.1,5
2026-08-21T18:14:19,764.2,6.4,1.22,1.23,16,4.101,31.338,13.1,5
2026-08-21T18:14:21,766.2,6.4,1.2,1.23,16,4.101,31.338,13.1,5
2026-08-21T18:14:23,768.2,6.4,1.2,1.23,16,4.101,31.338,13.1,5
2026-08-21T18:14:25,770.2,6.4,1.18,1.23,16,4.101,31.338,13.1,5
2026-08-21T18:14:27,772.2,6.3,1.18,1.23,16,4.101,31.338,13.1,5
2026-08-21T18:14:29,774.2,6.4,1.18,1.23,16,4.101,31.338,13.1,5
2026-08-21T18:14:31,776.2,37.2,1.17,1.22,16,6.643,31.338,21.2,18
2026-08-21T18:14:33,778.2,98.8,1.17,1.22,16,9.544,31.338,30.5,21
2026-08-21T18:14:35,780.2,99.5,2.35,1.47,16,11.074,31.338,35.3,21
2026-08-21T18:14:37,782.2,34.5,2.35,1.47,16,11.29,31.338,36.0,21
2026-08-21T18:14:39,784.2,6.7,2.35,1.47,16,11.29,31.338,36.0,21
2026-08-21T18:14:41,786.2,25.0,2.25,1.46,16,11.292,31.338,36.0,21
2026-08-21T18:14:43,788.2,6.7,2.25,1.46,16,11.292,31.338,36.0,21
2026-08-21T18:14:45,790.2,24.0,2.15,1.45,16,11.293,31.338,36.0,21
2026-08-21T18:14:47,792.2,6.7,2.15,1.45,16,11.294,31.338,36.0,21
2026-08-21T18:14:49,794.2,6.7,2.15,1.45,16,11.294,31.338,36.0,21
2026-08-21T18:14:51,796.2,24.7,2.05,1.44,16,11.294,31.338,36.0,21
2026-08-21T18:14:53,798.2,6.7,2.05,1.44,16,11.294,31.338,36.0,21
2026-08-21T18:14:55,800.2,24.0,1.97,1.44,16,11.295,31.338,36.0,21
2026-08-21T18:14:57,802.2,6.6,1.97,1.44,16,11.292,31.338,36.0,21
2026-08-21T18:14:59,804.2,23.9,1.97,1.44,16,11.285,31.338,36.0,21
2026-08-21T18:15:01,806.2,6.7,1.89,1.43,16,11.27,31.338,36.0,21
2026-08-21T18:15:03,808.2,19.5,1.89,1.43,16,11.252,31.338,35.9,21
2026-08-21T18:15:05,810.2,11.0,1.82,1.42,16,11.252,31.338,35.9,21
2026-08-21T18:15:07,812.2,6.7,1.82,1.42,16,11.252,31.338,35.9,21
2026-08-21T18:15:09,814.2,24.0,1.82,1.42,16,11.252,31.338,35.9,21
2026-08-21T18:15:11,816.2,6.7,1.75,1.41,16,11.252,31.338,35.9,21
2026-08-21T18:15:13,818.2,23.9,1.75,1.41,16,11.252,31.338,35.9,21
2026-08-21T18:15:15,820.2,6.7,1.69,1.41,16,11.253,31.338,35.9,21
2026-08-21T18:15:17,822.2,23.9,1.69,1.41,16,11.251,31.338,35.9,21
2026-08-21T18:15:19,824.2,6.7,1.69,1.41,16,11.251,31.338,35.9,21
2026-08-21T18:15:21,826.2,21.0,1.64,1.4,16,11.251,31.338,35.9,21
2026-08-21T18:15:23,828.2,9.3,1.64,1.4,16,11.251,31.338,35.9,21
2026-08-21T18:15:25,830.2,6.7,1.59,1.39,16,11.251,31.338,35.9,21
2026-08-21T18:15:27,832.2,24.2,1.59,1.39,16,11.253,31.338,35.9,21
2026-08-21T18:15:29,834.2,6.7,1.59,1.39,16,11.253,31.338,35.9,21
2026-08-21T18:15:31,836.2,24.2,1.54,1.39,16,11.253,31.338,35.9,21
2026-08-21T18:15:33,838.2,6.7,1.54,1.39,16,11.253,31.338,35.9,21
2026-08-21T18:15:35,840.2,23.9,2.78,1.65,16,11.253,31.338,35.9,21
2026-08-21T18:15:37,842.2,6.7,2.78,1.65,16,11.253,31.338,35.9,21
2026-08-21T18:15:39,844.2,11.5,2.78,1.65,16,11.254,31.338,35.9,21
2026-08-21T18:15:41,846.2,19.1,2.63,1.63,16,11.254,31.338,35.9,21
2026-08-21T18:15:43,848.2,6.7,2.63,1.63,16,11.254,31.338,35.9,21
2026-08-21T18:15:45,850.2,24.4,3.62,1.86,16,11.265,31.338,35.9,21
2026-08-21T18:15:47,852.2,6.8,3.62,1.86,16,11.267,31.338,36.0,21
2026-08-21T18:15:49,854.2,17.6,3.62,1.86,16,11.264,31.338,35.9,21
2026-08-21T18:15:51,856.2,13.2,3.41,1.84,16,11.269,31.338,36.0,21
2026-08-21T18:15:53,858.2,6.8,3.41,1.84,16,11.265,31.338,35.9,21
2026-08-21T18:15:55,860.2,24.4,3.22,1.83,16,11.259,31.338,35.9,21
2026-08-21T18:15:57,862.2,6.8,3.22,1.83,16,11.257,31.338,35.9,21
2026-08-21T18:15:59,864.2,24.0,3.22,1.83,16,11.257,31.338,35.9,21
2026-08-21T18:16:01,866.2,6.7,3.04,1.81,16,11.257,31.338,35.9,21
2026-08-21T18:16:03,868.2,24.0,3.04,1.81,16,11.257,31.338,35.9,21
2026-08-21T18:16:05,870.2,6.7,2.88,1.8,16,11.257,31.338,35.9,21
2026-08-21T18:16:07,872.2,7.0,2.88,1.8,16,11.257,31.338,35.9,21
2026-08-21T18:16:09,874.2,6.8,2.88,1.8,16,11.259,31.338,35.9,21
2026-08-21T18:16:11,876.2,6.8,2.73,1.79,16,11.259,31.338,35.9,21
2026-08-21T18:16:13,878.2,6.8,2.73,1.79,16,11.259,31.338,35.9,21
2026-08-21T18:16:15,880.2,6.7,2.59,1.77,16,11.259,31.338,35.9,21
2026-08-21T18:16:17,882.2,6.7,2.59,1.77,16,11.736,31.338,37.4,21
2026-08-21T18:16:19,884.2,6.8,2.59,1.77,16,11.735,31.338,37.4,21
2026-08-21T18:16:21,886.2,6.8,2.46,1.76,16,11.735,31.338,37.4,21
2026-08-21T18:16:23,888.2,6.8,2.46,1.76,16,11.735,31.338,37.4,21
2026-08-21T18:16:25,890.2,6.8,2.34,1.75,16,11.431,31.338,36.5,21
2026-08-21T18:16:27,892.2,10.5,2.34,1.75,16,4.114,31.338,13.1,5
2026-08-21T18:16:29,894.2,6.4,2.34,1.75,16,4.119,31.338,13.1,5
2026-08-21T18:16:31,896.2,6.4,2.24,1.73,16,4.119,31.338,13.1,5
2026-08-21T18:16:33,898.2,6.4,2.24,1.73,16,4.119,31.338,13.1,5
2026-08-21T18:16:35,900.2,6.5,2.14,1.72,16,4.119,31.338,13.1,5
2026-08-21T18:16:37,902.2,6.4,2.14,1.72,16,4.119,31.338,13.1,5
2026-08-21T18:16:39,904.2,6.4,2.14,1.72,16,4.117,31.338,13.1,5
2026-08-21T18:16:41,906.2,6.4,2.05,1.71,16,4.117,31.338,13.1,5
2026-08-21T18:16:43,908.2,6.4,2.05,1.71,16,4.117,31.338,13.1,5
2026-08-21T18:16:45,910.2,6.5,1.96,1.7,16,4.117,31.338,13.1,5
2026-08-21T18:16:47,912.2,6.5,1.96,1.7,16,4.429,31.338,14.1,6
2026-08-21T18:16:49,914.2,7.1,1.96,1.7,16,4.554,31.338,14.5,6
2026-08-21T18:16:51,916.2,9.8,1.89,1.69,16,4.556,31.338,14.5,6
2026-08-21T18:16:53,918.2,10.3,1.89,1.69,16,4.602,31.338,14.7,6
2026-08-21T18:16:55,920.2,10.3,1.89,1.69,16,4.603,31.338,14.7,6
2026-08-21T18:16:57,922.2,10.6,1.89,1.69,16,4.626,31.338,14.8,6
2026-08-21T18:16:59,924.2,10.4,1.89,1.69,16,4.628,31.338,14.8,6
2026-08-21T18:17:01,926.2,10.7,1.82,1.68,16,4.642,31.338,14.8,6
2026-08-21T18:17:03,928.2,10.6,1.82,1.68,16,4.646,31.338,14.8,6
2026-08-21T18:17:05,930.2,10.5,1.76,1.67,16,4.646,31.338,14.8,6
2026-08-21T18:17:07,932.2,10.5,1.76,1.67,16,4.639,31.338,14.8,6
2026-08-21T18:17:09,934.2,10.4,1.76,1.67,16,4.633,31.338,14.8,6
2026-08-21T18:17:11,936.2,10.4,1.78,1.67,16,4.63,31.338,14.8,6
2026-08-21T18:17:13,938.2,10.3,1.78,1.67,16,4.642,31.338,14.8,6
2026-08-21T18:17:15,940.2,10.5,1.79,1.68,16,4.639,31.338,14.8,6
2026-08-21T18:17:17,942.2,10.4,1.79,1.68,16,4.638,31.338,14.8,6
2026-08-21T18:17:19,944.2,10.4,1.79,1.68,16,4.64,31.338,14.8,6
2026-08-21T18:17:21,946.2,10.4,1.73,1.67,16,4.639,31.338,14.8,6
2026-08-21T18:17:23,948.2,10.3,1.73,1.67,16,4.634,31.338,14.8,6
2026-08-21T18:17:25,950.2,10.3,1.67,1.66,16,4.637,31.338,14.8,6
2026-08-21T18:17:27,952.2,10.5,1.67,1.66,16,4.641,31.338,14.8,6
2026-08-21T18:17:29,954.2,10.2,1.67,1.66,16,4.641,31.338,14.8,6
2026-08-21T18:17:31,956.2,10.3,1.62,1.65,16,4.646,31.338,14.8,6
2026-08-21T18:17:33,958.2,10.3,1.62,1.65,16,4.646,31.338,14.8,6
2026-08-21T18:17:35,960.2,10.4,1.57,1.63,16,4.646,31.338,14.8,6
2026-08-21T18:17:37,962.2,10.3,1.57,1.63,16,4.646,31.338,14.8,6
2026-08-21T18:17:39,964.2,10.5,1.57,1.63,16,4.646,31.338,14.8,6
2026-08-21T18:17:41,966.2,9.4,1.68,1.66,16,4.645,31.338,14.8,6
2026-08-21T18:17:43,968.2,10.2,1.68,1.66,16,4.646,31.338,14.8,6
2026-08-21T18:17:45,970.2,10.5,1.63,1.65,16,4.646,31.338,14.8,6
2026-08-21T18:17:47,972.2,10.4,1.63,1.65,16,4.646,31.338,14.8,6
2026-08-21T18:17:49,974.2,10.5,1.63,1.65,16,4.646,31.338,14.8,6
2026-08-21T18:17:51,976.2,10.2,1.66,1.65,16,4.649,31.338,14.8,6
2026-08-21T18:17:53,978.2,10.5,1.66,1.65,16,4.648,31.338,14.8,6
2026-08-21T18:17:55,980.2,10.5,1.61,1.64,16,4.648,31.338,14.8,6
2026-08-21T18:17:57,982.2,10.3,1.61,1.64,16,4.648,31.338,14.8,6
2026-08-21T18:17:59,984.2,10.5,1.61,1.64,16,4.648,31.338,14.8,6
2026-08-21T18:18:01,986.2,10.5,1.56,1.63,16,4.646,31.338,14.8,6
2026-08-21T18:18:03,988.2,10.9,1.56,1.63,16,4.646,31.338,14.8,6
2026-08-21T18:18:05,990.2,10.8,1.51,1.62,16,4.646,31.338,14.8,6
2026-08-21T18:18:07,992.2,10.8,1.51,1.62,16,4.65,31.338,14.8,6
2026-08-21T18:18:09,994.2,10.7,1.51,1.62,16,4.65,31.338,14.8,6
2026-08-21T18:18:11,996.2,10.4,1.47,1.61,16,4.651,31.338,14.8,6
2026-08-21T18:18:13,998.2,10.6,1.47,1.61,16,4.651,31.338,14.8,6
2026-08-21T18:18:15,1000.2,10.2,1.51,1.62,16,4.651,31.338,14.8,6
2026-08-21T18:18:17,1002.2,10.5,1.51,1.62,16,4.651,31.338,14.8,6
2026-08-21T18:18:19,1004.2,10.8,1.51,1.62,16,4.651,31.338,14.8,6
2026-08-21T18:18:21,1006.2,10.8,1.55,1.62,16,4.656,31.338,14.9,6
2026-08-21T18:18:23,1008.2,10.9,1.55,1.62,16,4.656,31.338,14.9,6
2026-08-21T18:18:25,1010.2,10.5,1.51,1.61,16,4.656,31.338,14.9,6
2026-08-21T18:18:27,1012.2,10.6,1.51,1.61,16,4.656,31.338,14.9,6
2026-08-21T18:18:29,1014.2,10.6,1.51,1.61,16,4.656,31.338,14.9,6
2026-08-21T18:18:31,1016.2,10.4,1.55,1.62,16,4.657,31.338,14.9,6
2026-08-21T18:18:33,1018.2,9.1,1.55,1.62,16,4.657,31.338,14.9,6
2026-08-21T18:18:35,1020.2,10.5,1.5,1.61,16,4.657,31.338,14.9,6
2026-08-21T18:18:37,1022.2,10.7,1.5,1.61,16,4.657,31.338,14.9,6
2026-08-21T18:18:39,1024.2,10.5,1.5,1.61,16,4.657,31.338,14.9,6
2026-08-21T18:18:41,1026.2,10.8,1.46,1.6,16,4.655,31.338,14.9,6
2026-08-21T18:18:43,1028.2,10.5,1.46,1.6,16,4.655,31.338,14.9,6
2026-08-21T18:18:45,1030.2,11.0,1.43,1.59,16,4.655,31.338,14.9,6
2026-08-21T18:18:47,1032.2,11.0,1.43,1.59,16,4.655,31.338,14.9,6
2026-08-21T18:18:49,1034.2,10.7,1.43,1.59,16,4.655,31.338,14.9,6
2026-08-21T18:18:51,1036.2,10.8,1.39,1.58,16,4.652,31.338,14.8,6
2026-08-21T18:18:53,1038.2,10.5,1.39,1.58,16,4.652,31.338,14.8,6
2026-08-21T18:18:55,1040.2,10.9,1.36,1.57,16,4.652,31.338,14.8,6
2026-08-21T18:18:57,1042.2,10.6,1.36,1.57,16,4.649,31.338,14.8,6
2026-08-21T18:18:59,1044.2,10.8,1.36,1.57,16,4.649,31.338,14.8,6
2026-08-21T18:19:01,1046.2,10.6,1.41,1.58,16,4.649,31.338,14.8,6
2026-08-21T18:19:03,1048.2,10.6,1.41,1.58,16,4.652,31.338,14.8,6
2026-08-21T18:19:05,1050.2,10.7,1.46,1.58,16,4.652,31.338,14.8,6
2026-08-21T18:19:07,1052.2,10.5,1.46,1.58,16,4.652,31.338,14.8,6
2026-08-21T18:19:09,1054.2,10.6,1.46,1.58,16,4.652,31.338,14.8,6
2026-08-21T18:19:11,1056.2,10.5,1.5,1.59,16,4.652,31.338,14.8,6
2026-08-21T18:19:13,1058.2,10.7,1.5,1.59,16,4.652,31.338,14.8,6
2026-08-21T18:19:15,1060.2,11.0,1.46,1.58,16,4.652,31.338,14.8,6
2026-08-21T18:19:17,1062.2,10.6,1.46,1.58,16,4.652,31.338,14.8,6
2026-08-21T18:19:19,1064.2,10.8,1.46,1.58,16,4.652,31.338,14.8,6
2026-08-21T18:19:21,1066.2,10.6,1.5,1.59,16,4.652,31.338,14.8,6
2026-08-21T18:19:23,1068.2,10.6,1.5,1.59,16,4.652,31.338,14.8,6
2026-08-21T18:19:25,1070.2,10.2,1.46,1.58,16,4.652,31.338,14.8,6
2026-08-21T18:19:27,1072.2,9.7,1.46,1.58,16,4.652,31.338,14.8,6
2026-08-21T18:19:29,1074.2,10.8,1.46,1.58,16,4.652,31.338,14.8,6
2026-08-21T18:19:31,1076.2,10.6,1.59,1.6,16,4.676,31.338,14.9,6
2026-08-21T18:19:33,1078.2,10.7,1.59,1.6,16,4.676,31.338,14.9,6
2026-08-21T18:19:35,1080.2,10.7,1.62,1.61,16,4.673,31.338,14.9,6
2026-08-21T18:19:37,1082.2,11.0,1.62,1.61,16,4.669,31.338,14.9,6
2026-08-21T18:19:39,1084.2,10.5,1.62,1.61,16,4.666,31.338,14.9,6
2026-08-21T18:19:41,1086.2,10.6,1.65,1.62,16,4.664,31.338,14.9,6
2026-08-21T18:19:43,1088.2,10.6,1.65,1.62,16,4.662,31.338,14.9,6
2026-08-21T18:19:45,1090.2,10.5,1.6,1.6,16,4.662,31.338,14.9,6
2026-08-21T18:19:47,1092.2,10.7,1.6,1.6,16,4.662,31.338,14.9,6
2026-08-21T18:19:49,1094.2,10.5,1.6,1.6,16,4.663,31.338,14.9,6
2026-08-21T18:19:51,1096.2,10.7,1.55,1.59,16,4.663,31.338,14.9,6
2026-08-21T18:19:53,1098.2,10.5,1.55,1.59,16,4.663,31.338,14.9,6
2026-08-21T18:19:55,1100.2,10.5,1.59,1.6,16,4.663,31.338,14.9,6
2026-08-21T18:19:57,1102.3,10.7,1.59,1.6,16,4.663,31.338,14.9,6
2026-08-21T18:19:59,1104.3,10.5,1.59,1.6,16,4.663,31.338,14.9,6
2026-08-21T18:20:01,1106.3,10.6,1.62,1.61,16,4.663,31.338,14.9,6
2026-08-21T18:20:03,1108.3,10.7,1.62,1.61,16,4.663,31.338,14.9,6
2026-08-21T18:20:05,1110.3,10.4,1.65,1.62,16,4.663,31.338,14.9,6
2026-08-21T18:20:07,1112.3,10.7,1.65,1.62,16,4.663,31.338,14.9,6
2026-08-21T18:20:09,1114.3,10.5,1.65,1.62,16,4.663,31.338,14.9,6
2026-08-21T18:20:11,1116.3,10.4,1.68,1.62,16,4.663,31.338,14.9,6
2026-08-21T18:20:13,1118.3,10.3,1.68,1.62,16,4.662,31.338,14.9,6
2026-08-21T18:20:15,1120.3,10.6,1.71,1.63,16,4.662,31.338,14.9,6
2026-08-21T18:20:17,1122.3,9.6,1.71,1.63,16,4.662,31.338,14.9,6
2026-08-21T18:20:19,1124.3,10.3,1.71,1.63,16,4.662,31.338,14.9,6
2026-08-21T18:20:21,1126.3,10.7,1.65,1.62,16,4.662,31.338,14.9,6
2026-08-21T18:20:23,1128.3,10.6,1.65,1.62,16,4.662,31.338,14.9,6
2026-08-21T18:20:25,1130.3,10.6,1.68,1.62,16,4.662,31.338,14.9,6
2026-08-21T18:20:27,1132.3,10.3,1.68,1.62,16,4.662,31.338,14.9,6
2026-08-21T18:20:29,1134.3,10.5,1.68,1.62,16,4.662,31.338,14.9,6
2026-08-21T18:20:31,1136.3,10.6,1.62,1.61,16,4.662,31.338,14.9,6
2026-08-21T18:20:33,1138.3,10.8,1.62,1.61,16,4.662,31.338,14.9,6
2026-08-21T18:20:35,1140.3,10.7,1.57,1.6,16,4.662,31.338,14.9,6
2026-08-21T18:20:37,1142.3,10.7,1.57,1.6,16,4.662,31.338,14.9,6
2026-08-21T18:20:39,1144.3,10.7,1.57,1.6,16,4.662,31.338,14.9,6
2026-08-21T18:20:41,1146.3,10.5,1.61,1.61,16,4.662,31.338,14.9,6
2026-08-21T18:20:43,1148.3,10.7,1.61,1.61,16,4.662,31.338,14.9,6
2026-08-21T18:20:45,1150.3,10.6,1.64,1.62,16,4.662,31.338,14.9,6
2026-08-21T18:20:47,1152.3,10.1,1.64,1.62,16,4.662,31.338,14.9,6
2026-08-21T18:20:49,1154.3,10.4,1.64,1.62,16,4.662,31.338,14.9,6
2026-08-21T18:20:51,1156.3,10.3,1.67,1.62,16,4.662,31.338,14.9,6
2026-08-21T18:20:53,1158.3,10.6,1.67,1.62,16,4.662,31.338,14.9,6
2026-08-21T18:20:55,1160.3,10.6,1.61,1.61,16,4.662,31.338,14.9,6
2026-08-21T18:20:57,1162.3,10.6,1.61,1.61,16,4.663,31.338,14.9,6
2026-08-21T18:20:59,1164.3,10.7,1.61,1.61,16,4.663,31.338,14.9,6
2026-08-21T18:21:01,1166.3,10.5,1.56,1.6,16,4.663,31.338,14.9,6
2026-08-21T18:21:03,1168.3,10.8,1.56,1.6,16,4.663,31.338,14.9,6
2026-08-21T18:21:05,1170.3,10.7,1.52,1.59,16,4.662,31.338,14.9,6
2026-08-21T18:21:07,1172.3,10.8,1.52,1.59,16,4.662,31.338,14.9,6
2026-08-21T18:21:09,1174.3,10.0,1.52,1.59,16,4.662,31.338,14.9,6
2026-08-21T18:21:11,1176.3,9.3,1.56,1.6,16,4.662,31.338,14.9,6
2026-08-21T18:21:13,1178.3,10.6,1.56,1.6,16,4.663,31.338,14.9,6
2026-08-21T18:21:15,1180.3,10.7,1.59,1.61,16,4.663,31.338,14.9,6
2026-08-21T18:21:17,1182.3,10.4,1.59,1.61,16,4.663,31.338,14.9,6
2026-08-21T18:21:19,1184.3,10.4,1.59,1.61,16,4.663,31.338,14.9,6
2026-08-21T18:21:21,1186.3,10.6,1.63,1.61,16,4.662,31.338,14.9,6
2026-08-21T18:21:23,1188.3,10.4,1.63,1.61,16,4.662,31.338,14.9,6
2026-08-21T18:21:25,1190.3,10.5,1.66,1.62,16,4.662,31.338,14.9,6
2026-08-21T18:21:27,1192.3,10.0,1.66,1.62,16,4.662,31.338,14.9,6
2026-08-21T18:21:29,1194.3,6.4,1.66,1.62,16,4.662,31.338,14.9,6
2026-08-21T18:21:31,1196.3,6.5,1.6,1.61,16,4.662,31.338,14.9,6
2026-08-21T18:21:33,1198.3,6.4,1.6,1.61,16,4.662,31.338,14.9,6
2026-08-21T18:21:35,1200.3,6.4,1.56,1.6,16,4.754,31.338,15.2,6
2026-08-21T18:21:37,1202.3,6.4,1.56,1.6,16,6.421,31.338,20.5,6
2026-08-21T18:21:39,1204.3,6.4,1.56,1.6,16,6.442,31.338,20.6,6
2026-08-21T18:21:41,1206.3,6.5,1.51,1.59,16,6.456,31.338,20.6,6
2026-08-21T18:21:43,1208.3,6.9,1.51,1.59,16,6.424,31.338,20.5,6
2026-08-21T18:21:45,1210.3,6.5,1.47,1.58,16,6.454,31.338,20.6,6
2026-08-21T18:21:47,1212.3,6.4,1.47,1.58,16,6.415,31.338,20.5,6
2026-08-21T18:21:49,1214.3,6.4,1.47,1.58,16,6.446,31.338,20.6,6
2026-08-21T18:21:51,1216.3,6.5,1.43,1.57,16,6.469,31.338,20.6,6
2026-08-21T18:21:53,1218.3,6.5,1.43,1.57,16,6.492,31.338,20.7,6
2026-08-21T18:21:55,1220.3,6.4,1.4,1.56,16,6.452,31.338,20.6,6
2026-08-21T18:21:57,1222.3,6.5,1.4,1.56,16,6.483,31.338,20.7,6
2026-08-21T18:21:59,1224.3,5.1,1.4,1.56,16,6.497,31.338,20.7,6
2026-08-21T18:22:01,1226.3,5.1,1.36,1.55,16,6.051,31.338,19.3,5
2026-08-21T18:22:03,1228.3,6.4,1.36,1.55,16,6.051,31.338,19.3,5
2026-08-21T18:22:05,1230.3,6.5,1.34,1.54,16,6.042,31.338,19.3,5
2026-08-21T18:22:07,1232.3,6.4,1.34,1.54,16,6.039,31.338,19.3,5
2026-08-21T18:22:09,1234.3,6.5,1.34,1.54,16,6.007,31.338,19.2,5
2026-08-21T18:22:11,1236.3,6.4,1.31,1.53,16,6.005,31.338,19.2,5
2026-08-21T18:22:13,1238.3,6.4,1.31,1.53,16,6.001,31.338,19.1,5
2026-08-21T18:22:15,1240.3,6.4,1.28,1.52,16,5.998,31.338,19.1,5
2026-08-21T18:22:17,1242.3,6.6,1.28,1.52,16,6.34,31.338,20.2,6
2026-08-21T18:22:19,1244.3,7.6,1.28,1.52,16,6.433,31.338,20.5,6
2026-08-21T18:22:21,1246.3,10.2,1.26,1.51,16,6.433,31.338,20.5,6
2026-08-21T18:22:23,1248.3,10.5,1.26,1.51,16,6.471,31.338,20.6,6
2026-08-21T18:22:25,1250.3,10.5,1.24,1.5,16,6.465,31.338,20.6,6
2026-08-21T18:22:27,1252.3,10.5,1.24,1.5,16,6.496,31.338,20.7,6
2026-08-21T18:22:29,1254.3,10.6,1.24,1.5,16,6.505,31.338,20.8,6
2026-08-21T18:22:31,1256.3,10.4,1.22,1.5,16,6.505,31.338,20.8,6
2026-08-21T18:22:33,1258.3,10.6,1.22,1.5,16,6.505,31.338,20.8,6
2026-08-21T18:22:35,1260.3,10.4,1.28,1.5,16,6.502,31.338,20.7,6
2026-08-21T18:22:37,1262.3,10.5,1.28,1.5,16,6.502,31.338,20.7,6
2026-08-21T18:22:39,1264.3,10.3,1.28,1.5,16,6.498,31.338,20.7,6
2026-08-21T18:22:41,1266.3,10.5,1.26,1.5,16,6.495,31.338,20.7,6
2026-08-21T18:22:43,1268.3,10.4,1.26,1.5,16,6.494,31.338,20.7,6
2026-08-21T18:22:45,1270.3,10.3,1.24,1.49,16,6.494,31.338,20.7,6
2026-08-21T18:22:47,1272.3,10.4,1.24,1.49,16,6.484,31.338,20.7,6
2026-08-21T18:22:49,1274.3,10.3,1.24,1.49,16,6.479,31.338,20.7,6
2026-08-21T18:22:51,1276.3,10.4,1.38,1.51,16,6.495,31.338,20.7,6
2026-08-21T18:22:53,1278.3,10.4,1.38,1.51,16,6.501,31.338,20.7,6
2026-08-21T18:22:55,1280.3,10.3,1.43,1.52,16,6.501,31.338,20.7,6
2026-08-21T18:22:57,1282.3,10.5,1.43,1.52,16,6.506,31.338,20.8,6
2026-08-21T18:22:59,1284.3,10.3,1.43,1.52,16,6.506,31.338,20.8,6
2026-08-21T18:23:01,1286.3,10.6,1.48,1.53,16,6.501,31.338,20.7,6
2026-08-21T18:23:03,1288.3,10.3,1.48,1.53,16,6.501,31.338,20.7,6
2026-08-21T18:23:05,1290.3,10.6,1.44,1.52,16,6.501,31.338,20.7,6
2026-08-21T18:23:07,1292.3,10.5,1.44,1.52,16,6.504,31.338,20.8,6
2026-08-21T18:23:09,1294.3,10.4,1.44,1.52,16,6.504,31.338,20.8,6
2026-08-21T18:23:11,1296.3,9.4,1.4,1.51,16,6.504,31.338,20.8,6
2026-08-21T18:23:13,1298.3,10.3,1.4,1.51,16,6.504,31.338,20.8,6
2026-08-21T18:23:15,1300.3,10.4,1.45,1.52,16,6.504,31.338,20.8,6
2026-08-21T18:23:17,1302.3,10.4,1.45,1.52,16,6.504,31.338,20.8,6
2026-08-21T18:23:19,1304.3,11.4,1.45,1.52,16,6.506,31.338,20.8,6
2026-08-21T18:23:21,1306.3,11.0,1.41,1.51,16,6.507,31.338,20.8,6
2026-08-21T18:23:23,1308.3,10.4,1.41,1.51,16,6.507,31.338,20.8,6
2026-08-21T18:23:25,1310.3,10.5,1.46,1.52,16,6.51,31.338,20.8,6
2026-08-21T18:23:27,1312.3,10.3,1.46,1.52,16,6.51,31.338,20.8,6
2026-08-21T18:23:29,1314.3,10.7,1.46,1.52,16,6.516,31.338,20.8,6
2026-08-21T18:23:31,1316.3,10.6,1.42,1.51,16,6.516,31.338,20.8,6
2026-08-21T18:23:33,1318.3,10.9,1.42,1.51,16,6.516,31.338,20.8,6
2026-08-21T18:23:35,1320.3,11.5,1.47,1.52,16,6.516,31.338,20.8,6
2026-08-21T18:23:37,1322.3,11.3,1.47,1.52,16,6.516,31.338,20.8,6
2026-08-21T18:23:39,1324.3,11.4,1.47,1.52,16,6.518,31.338,20.8,6
2026-08-21T18:23:41,1326.3,11.1,1.51,1.53,16,6.518,31.338,20.8,6
2026-08-21T18:23:43,1328.3,11.4,1.51,1.53,16,6.518,31.338,20.8,6
2026-08-21T18:23:45,1330.3,11.3,1.55,1.54,16,6.518,31.338,20.8,6
2026-08-21T18:23:47,1332.3,11.2,1.55,1.54,16,6.518,31.338,20.8,6
2026-08-21T18:23:49,1334.3,11.5,1.55,1.54,16,6.516,31.338,20.8,6
2026-08-21T18:23:51,1336.3,11.3,1.59,1.54,16,6.516,31.338,20.8,6
2026-08-21T18:23:53,1338.3,11.3,1.59,1.54,16,6.516,31.338,20.8,6
2026-08-21T18:23:55,1340.3,11.3,1.62,1.55,16,6.516,31.338,20.8,6
2026-08-21T18:23:57,1342.3,11.6,1.62,1.55,16,6.516,31.338,20.8,6
2026-08-21T18:23:59,1344.3,11.6,1.62,1.55,16,6.515,31.338,20.8,6
2026-08-21T18:24:01,1346.3,11.3,1.65,1.56,16,6.515,31.338,20.8,6
2026-08-21T18:24:03,1348.3,9.4,1.65,1.56,16,6.515,31.338,20.8,6
2026-08-21T18:24:05,1350.3,10.4,1.68,1.57,16,6.515,31.338,20.8,6
2026-08-21T18:24:07,1352.3,10.5,1.68,1.57,16,6.515,31.338,20.8,6
2026-08-21T18:24:09,1354.3,10.4,1.68,1.57,16,6.515,31.338,20.8,6
2026-08-21T18:24:11,1356.3,10.5,1.71,1.57,16,6.515,31.338,20.8,6
2026-08-21T18:24:13,1358.3,10.6,1.71,1.57,16,6.515,31.338,20.8,6
2026-08-21T18:24:15,1360.3,10.4,1.73,1.58,16,6.515,31.338,20.8,6
2026-08-21T18:24:17,1362.3,10.5,1.73,1.58,16,6.515,31.338,20.8,6
2026-08-21T18:24:19,1364.3,10.3,1.73,1.58,16,6.517,31.338,20.8,6
2026-08-21T18:24:21,1366.3,10.5,1.75,1.59,16,6.52,31.338,20.8,6
2026-08-21T18:24:23,1368.3,10.2,1.75,1.59,16,6.52,31.338,20.8,6
2026-08-21T18:24:25,1370.3,10.6,1.77,1.6,16,6.52,31.338,20.8,6
2026-08-21T18:24:27,1372.3,10.4,1.77,1.6,16,6.52,31.338,20.8,6
2026-08-21T18:24:29,1374.3,10.2,1.77,1.6,16,6.519,31.338,20.8,6
2026-08-21T18:24:31,1376.3,10.5,1.79,1.6,16,6.519,31.338,20.8,6
2026-08-21T18:24:33,1378.3,10.3,1.79,1.6,16,6.519,31.338,20.8,6
2026-08-21T18:24:35,1380.3,10.5,1.81,1.61,16,6.519,31.338,20.8,6
2026-08-21T18:24:37,1382.3,10.6,1.81,1.61,16,6.519,31.338,20.8,6
2026-08-21T18:24:39,1384.3,10.6,1.81,1.61,16,6.521,31.338,20.8,6
2026-08-21T18:24:41,1386.3,10.9,1.82,1.62,16,6.521,31.338,20.8,6
2026-08-21T18:24:43,1388.3,10.5,1.82,1.62,16,6.521,31.338,20.8,6
2026-08-21T18:24:45,1390.3,10.8,1.76,1.61,16,6.493,31.338,20.7,6
2026-08-21T18:24:47,1392.3,10.7,1.76,1.61,16,6.486,31.338,20.7,6
2026-08-21T18:24:49,1394.3,10.3,1.76,1.61,16,6.486,31.338,20.7,6
2026-08-21T18:24:51,1396.3,10.5,1.78,1.61,16,6.489,31.338,20.7,6
2026-08-21T18:24:53,1398.3,10.4,1.78,1.61,16,6.489,31.338,20.7,6
2026-08-21T18:24:55,1400.3,9.3,1.79,1.62,16,6.484,31.338,20.7,6
2026-08-21T18:24:57,1402.3,10.5,1.79,1.62,16,6.484,31.338,20.7,6
2026-08-21T18:24:59,1404.3,10.6,1.79,1.62,16,6.487,31.338,20.7,6
2026-08-21T18:25:01,1406.3,10.5,1.73,1.61,16,6.494,31.338,20.7,6
2026-08-21T18:25:03,1408.3,10.5,1.73,1.61,16,6.513,31.338,20.8,6
2026-08-21T18:25:05,1410.3,10.3,1.67,1.6,16,6.513,31.338,20.8,6
2026-08-21T18:25:07,1412.3,10.2,1.67,1.6,16,6.512,31.338,20.8,6
2026-08-21T18:25:09,1414.3,10.4,1.67,1.6,16,6.512,31.338,20.8,6
2026-08-21T18:25:11,1416.3,10.2,1.62,1.59,16,6.512,31.338,20.8,6
2026-08-21T18:25:13,1418.3,10.3,1.62,1.59,16,6.512,31.338,20.8,6
2026-08-21T18:25:15,1420.3,10.3,1.65,1.6,16,6.512,31.338,20.8,6
2026-08-21T18:25:17,1422.3,10.2,1.65,1.6,16,6.512,31.338,20.8,6
2026-08-21T18:25:19,1424.3,10.3,1.65,1.6,16,6.512,31.338,20.8,6
2026-08-21T18:25:21,1426.3,10.2,1.68,1.6,16,6.512,31.338,20.8,6
2026-08-21T18:25:23,1428.3,10.5,1.68,1.6,16,6.512,31.338,20.8,6
2026-08-21T18:25:25,1430.3,10.5,1.7,1.61,16,6.513,31.338,20.8,6
2026-08-21T18:25:27,1432.3,10.5,1.7,1.61,16,6.513,31.338,20.8,6
2026-08-21T18:25:29,1434.3,10.6,1.7,1.61,16,6.513,31.338,20.8,6
2026-08-21T18:25:31,1436.3,10.4,1.73,1.62,16,6.513,31.338,20.8,6
2026-08-21T18:25:33,1438.3,10.8,1.73,1.62,16,6.513,31.338,20.8,6
2026-08-21T18:25:35,1440.3,10.8,1.75,1.62,16,6.513,31.338,20.8,6
2026-08-21T18:25:37,1442.3,10.8,1.75,1.62,16,6.514,31.338,20.8,6
2026-08-21T18:25:39,1444.3,10.7,1.75,1.62,16,6.514,31.338,20.8,6
2026-08-21T18:25:41,1446.3,10.6,1.77,1.63,16,6.514,31.338,20.8,6
2026-08-21T18:25:43,1448.3,10.9,1.77,1.63,16,6.514,31.338,20.8,6
2026-08-21T18:25:45,1450.3,10.8,1.71,1.62,16,6.514,31.338,20.8,6
2026-08-21T18:25:47,1452.3,9.4,1.71,1.62,16,6.514,31.338,20.8,6
2026-08-21T18:25:49,1454.3,10.7,1.71,1.62,16,6.514,31.338,20.8,6
2026-08-21T18:25:51,1456.3,10.9,1.65,1.61,16,6.491,31.338,20.7,6
2026-08-21T18:25:53,1458.3,10.7,1.65,1.61,16,6.501,31.338,20.7,6
2026-08-21T18:25:55,1460.3,10.6,1.6,1.6,16,6.501,31.338,20.7,6
2026-08-21T18:25:57,1462.3,10.8,1.6,1.6,16,6.516,31.338,20.8,6
2026-08-21T18:25:59,1464.3,10.7,1.6,1.6,16,6.516,31.338,20.8,6
2026-08-21T18:26:01,1466.3,10.9,1.55,1.59,16,6.516,31.338,20.8,6
2026-08-21T18:26:03,1468.3,10.5,1.55,1.59,16,6.516,31.338,20.8,6
2026-08-21T18:26:05,1470.3,10.7,1.59,1.59,16,6.516,31.338,20.8,6
2026-08-21T18:26:07,1472.3,10.7,1.59,1.59,16,6.516,31.338,20.8,6
2026-08-21T18:26:09,1474.3,10.4,1.59,1.59,16,6.514,31.338,20.8,6
2026-08-21T18:26:11,1476.3,10.7,1.62,1.6,16,6.514,31.338,20.8,6
2026-08-21T18:26:13,1478.3,10.4,1.62,1.6,16,6.514,31.338,20.8,6
2026-08-21T18:26:15,1480.3,10.8,1.65,1.61,16,6.514,31.338,20.8,6
2026-08-21T18:26:17,1482.3,10.9,1.65,1.61,16,6.514,31.338,20.8,6
2026-08-21T18:26:19,1484.3,11.1,1.65,1.61,16,6.514,31.338,20.8,6
2026-08-21T18:26:21,1486.3,10.9,1.68,1.61,16,6.514,31.338,20.8,6
2026-08-21T18:26:23,1488.3,10.8,1.68,1.61,16,6.514,31.338,20.8,6
2026-08-21T18:26:25,1490.3,11.2,1.78,1.64,16,6.514,31.338,20.8,6
2026-08-21T18:26:27,1492.3,10.9,1.78,1.64,16,6.514,31.338,20.8,6
2026-08-21T18:26:29,1494.3,11.1,1.78,1.64,16,6.514,31.338,20.8,6
2026-08-21T18:26:31,1496.3,10.9,1.72,1.63,16,6.514,31.338,20.8,6
2026-08-21T18:26:33,1498.3,11.1,1.72,1.63,16,6.514,31.338,20.8,6
2026-08-21T18:26:35,1500.3,10.9,1.74,1.63,16,6.514,31.338,20.8,6
2026-08-21T18:26:37,1502.3,10.9,1.74,1.63,16,6.514,31.338,20.8,6
2026-08-21T18:26:39,1504.3,9.1,1.74,1.63,16,6.514,31.338,20.8,6
2026-08-21T18:26:41,1506.3,10.4,1.76,1.64,16,6.514,31.338,20.8,6
2026-08-21T18:26:43,1508.3,10.6,1.76,1.64,16,6.491,31.338,20.7,6
2026-08-21T18:26:45,1510.3,10.6,1.7,1.63,16,6.491,31.338,20.7,6
2026-08-21T18:26:47,1512.3,10.9,1.7,1.63,16,6.491,31.338,20.7,6
2026-08-21T18:26:49,1514.3,10.6,1.7,1.63,16,6.491,31.338,20.7,6
2026-08-21T18:26:51,1516.3,10.9,1.73,1.64,16,6.491,31.338,20.7,6
2026-08-21T18:26:53,1518.3,10.8,1.73,1.64,16,6.499,31.338,20.7,6
2026-08-21T18:26:55,1520.3,10.7,1.67,1.62,16,6.501,31.338,20.7,6
2026-08-21T18:26:57,1522.3,9.0,1.67,1.62,16,6.508,31.338,20.8,6
2026-08-21T18:26:59,1524.3,6.5,1.67,1.62,16,6.51,31.338,20.8,6
2026-08-21T18:27:01,1526.3,6.5,1.61,1.61,16,6.51,31.338,20.8,6
2026-08-21T18:27:03,1528.3,6.4,1.61,1.61,16,6.51,31.338,20.8,6
2026-08-21T18:27:05,1530.3,6.6,1.57,1.6,16,7.488,31.338,23.9,6
2026-08-21T18:27:07,1532.3,6.5,1.57,1.6,16,7.485,31.338,23.9,6
2026-08-21T18:27:09,1534.3,6.5,1.57,1.6,16,7.485,31.338,23.9,6
2026-08-21T18:27:11,1536.3,6.5,1.52,1.59,16,7.486,31.338,23.9,6
2026-08-21T18:27:13,1538.3,6.5,1.52,1.59,16,7.482,31.338,23.9,6
2026-08-21T18:27:15,1540.3,6.6,1.48,1.58,16,7.485,31.338,23.9,6
2026-08-21T18:27:17,1542.3,6.5,1.48,1.58,16,7.483,31.338,23.9,6
2026-08-21T18:27:19,1544.4,6.4,1.48,1.58,16,7.483,31.338,23.9,6
2026-08-21T18:27:21,1546.4,6.6,1.44,1.57,16,7.48,31.338,23.9,6
2026-08-21T18:27:23,1548.4,6.4,1.44,1.57,16,7.48,31.338,23.9,6
2026-08-21T18:27:25,1550.4,6.6,1.4,1.56,16,7.483,31.338,23.9,6
2026-08-21T18:27:27,1552.4,6.5,1.4,1.56,16,7.483,31.338,23.9,6
2026-08-21T18:27:29,1554.4,4.3,1.4,1.56,16,6.1,31.338,19.5,5
2026-08-21T18:27:31,1556.4,6.5,1.37,1.55,16,6.096,31.338,19.5,5
2026-08-21T18:27:33,1558.4,6.4,1.37,1.55,16,6.097,31.338,19.5,5
2026-08-21T18:27:35,1560.4,6.4,1.34,1.54,16,6.097,31.338,19.5,5
2026-08-21T18:27:37,1562.4,6.4,1.34,1.54,16,6.097,31.338,19.5,5
2026-08-21T18:27:39,1564.4,6.4,1.34,1.54,16,6.099,31.338,19.5,5
2026-08-21T18:27:41,1566.4,6.5,1.31,1.54,16,6.098,31.338,19.5,5
2026-08-21T18:27:43,1568.4,6.4,1.31,1.54,16,6.098,31.338,19.5,5
2026-08-21T18:27:45,1570.4,6.4,1.37,1.54,16,6.096,31.338,19.5,5
2026-08-21T18:27:47,1572.4,7.8,1.37,1.54,16,6.385,31.338,20.4,7
2026-08-21T18:27:49,1574.4,12.8,1.37,1.54,16,6.906,31.338,22.0,7
2026-08-21T18:27:51,1576.4,14.8,1.42,1.55,16,6.976,31.338,22.3,7
2026-08-21T18:27:53,1578.4,16.8,1.42,1.55,16,7.021,31.338,22.4,7
2026-08-21T18:27:55,1580.4,17.4,1.55,1.58,16,7.04,31.338,22.5,7
2026-08-21T18:27:57,1582.4,17.1,1.55,1.58,16,7.056,31.338,22.5,7
2026-08-21T18:27:59,1584.4,17.4,1.55,1.58,16,7.063,31.338,22.5,7
2026-08-21T18:28:01,1586.4,17.5,1.66,1.6,16,7.063,31.338,22.5,7
2026-08-21T18:28:03,1588.4,17.3,1.66,1.6,16,7.069,31.338,22.6,7
2026-08-21T18:28:05,1590.4,17.4,1.69,1.61,16,7.07,31.338,22.6,7
2026-08-21T18:28:07,1592.4,17.4,1.69,1.61,16,7.08,31.338,22.6,7
2026-08-21T18:28:09,1594.4,17.8,1.69,1.61,16,7.078,31.338,22.6,7
2026-08-21T18:28:11,1596.4,17.8,1.8,1.63,16,7.066,31.338,22.5,7
2026-08-21T18:28:13,1598.4,17.4,1.8,1.63,16,7.055,31.338,22.5,7
2026-08-21T18:28:15,1600.4,17.5,1.81,1.64,16,7.05,31.338,22.5,7
2026-08-21T18:28:17,1602.4,15.6,1.81,1.64,16,7.049,31.338,22.5,7
2026-08-21T18:28:19,1604.4,17.7,1.81,1.64,16,7.043,31.338,22.5,7
2026-08-21T18:28:21,1606.4,17.6,1.83,1.64,16,7.053,31.338,22.5,7
2026-08-21T18:28:23,1608.4,17.6,1.83,1.64,16,7.053,31.338,22.5,7
2026-08-21T18:28:25,1610.4,17.4,1.76,1.63,16,7.053,31.338,22.5,7
2026-08-21T18:28:27,1612.4,17.6,1.76,1.63,16,7.054,31.338,22.5,7
2026-08-21T18:28:29,1614.4,17.4,1.76,1.63,16,7.055,31.338,22.5,7
2026-08-21T18:28:31,1616.4,17.4,1.86,1.65,16,7.05,31.338,22.5,7
2026-08-21T18:28:33,1618.4,17.4,1.86,1.65,16,7.051,31.338,22.5,7
2026-08-21T18:28:35,1620.4,17.4,1.87,1.66,16,7.048,31.338,22.5,7
2026-08-21T18:28:37,1622.4,17.5,1.87,1.66,16,7.048,31.338,22.5,7
2026-08-21T18:28:39,1624.4,17.4,1.87,1.66,16,7.048,31.338,22.5,7
2026-08-21T18:28:41,1626.4,17.4,1.96,1.68,16,7.048,31.338,22.5,7
2026-08-21T18:28:43,1628.4,15.2,1.96,1.68,16,7.048,31.338,22.5,7
2026-08-21T18:28:45,1630.4,17.2,2.05,1.71,16,7.049,31.338,22.5,7
2026-08-21T18:28:47,1632.4,17.3,2.05,1.71,16,7.05,31.338,22.5,7
2026-08-21T18:28:49,1634.4,17.5,2.05,1.71,16,7.051,31.338,22.5,7
2026-08-21T18:28:51,1636.4,17.4,2.2,1.74,16,7.051,31.338,22.5,7
2026-08-21T18:28:53,1638.4,17.2,2.2,1.74,16,7.048,31.338,22.5,7
2026-08-21T18:28:55,1640.4,16.9,2.35,1.78,16,7.048,31.338,22.5,7
2026-08-21T18:28:57,1642.4,17.2,2.35,1.78,16,7.049,31.338,22.5,7
2026-08-21T18:28:59,1644.4,17.5,2.35,1.78,16,7.014,31.338,22.4,7
2026-08-21T18:29:01,1646.4,17.4,2.32,1.79,16,7.044,31.338,22.5,7
2026-08-21T18:29:03,1648.4,17.5,2.32,1.79,16,7.045,31.338,22.5,7
2026-08-21T18:29:05,1650.4,17.4,2.37,1.81,16,7.047,31.338,22.5,7
2026-08-21T18:29:07,1652.4,17.2,2.37,1.81,16,7.045,31.338,22.5,7
2026-08-21T18:29:09,1654.4,12.7,2.37,1.81,16,7.044,31.338,22.5,7
2026-08-21T18:29:11,1656.4,17.3,2.5,1.84,16,7.044,31.338,22.5,7
2026-08-21T18:29:13,1658.4,17.1,2.5,1.84,16,7.044,31.338,22.5,7
2026-08-21T18:29:15,1660.4,17.4,2.54,1.86,16,7.046,31.338,22.5,7
2026-08-21T18:29:17,1662.4,17.2,2.54,1.86,16,7.042,31.338,22.5,7
2026-08-21T18:29:19,1664.4,17.2,2.54,1.86,16,7.042,31.338,22.5,7
2026-08-21T18:29:21,1666.4,17.1,2.58,1.88,16,7.042,31.338,22.5,7
2026-08-21T18:29:23,1668.4,17.3,2.58,1.88,16,7.036,31.338,22.5,7
2026-08-21T18:29:25,1670.4,17.5,2.61,1.9,16,7.036,31.338,22.5,7
2026-08-21T18:29:27,1672.4,17.5,2.61,1.9,16,7.036,31.338,22.5,7
2026-08-21T18:29:29,1674.4,17.5,2.61,1.9,16,7.04,31.338,22.5,7
2026-08-21T18:29:31,1676.4,17.4,2.65,1.92,16,7.04,31.338,22.5,7
2026-08-21T18:29:33,1678.4,17.5,2.65,1.92,16,7.035,31.338,22.4,7
2026-08-21T18:29:35,1680.4,12.9,2.51,1.9,16,7.035,31.338,22.4,7
2026-08-21T18:29:37,1682.4,17.4,2.51,1.9,16,7.035,31.338,22.4,7
2026-08-21T18:29:39,1684.4,17.3,2.51,1.9,16,7.036,31.338,22.5,7
2026-08-21T18:29:41,1686.4,17.7,2.47,1.9,16,7.04,31.338,22.5,7
2026-08-21T18:29:43,1688.4,17.7,2.47,1.9,16,7.04,31.338,22.5,7
2026-08-21T18:29:45,1690.4,17.3,2.51,1.92,16,7.041,31.338,22.5,7
2026-08-21T18:29:47,1692.4,16.8,2.51,1.92,16,7.008,31.338,22.4,7
2026-08-21T18:29:49,1694.4,17.2,2.51,1.92,16,7.02,31.338,22.4,7
2026-08-21T18:29:51,1696.4,17.2,2.55,1.94,16,7.045,31.338,22.5,7
2026-08-21T18:29:53,1698.4,17.0,2.55,1.94,16,7.04,31.338,22.5,7
2026-08-21T18:29:55,1700.4,17.2,2.51,1.94,16,7.04,31.338,22.5,7
2026-08-21T18:29:57,1702.4,17.3,2.51,1.94,16,7.033,31.338,22.4,7
2026-08-21T18:29:59,1704.4,17.1,2.51,1.94,16,7.033,31.338,22.4,7
2026-08-21T18:30:01,1706.4,14.0,2.55,1.96,16,7.034,31.338,22.4,7
2026-08-21T18:30:03,1708.4,16.3,2.55,1.96,16,7.035,31.338,22.4,7
2026-08-21T18:30:05,1710.4,17.2,2.58,1.98,16,7.036,31.338,22.5,7
2026-08-21T18:30:07,1712.4,17.2,2.58,1.98,16,7.034,31.338,22.4,7
2026-08-21T18:30:09,1714.4,17.4,2.58,1.98,16,7.035,31.338,22.4,7
2026-08-21T18:30:11,1716.4,9.8,2.62,1.99,16,7.034,31.338,22.4,7
2026-08-21T18:30:13,1718.4,6.5,2.62,1.99,16,7.037,31.338,22.5,7
2026-08-21T18:30:15,1720.4,6.5,2.49,1.98,16,7.034,31.338,22.4,7
2026-08-21T18:30:17,1722.4,6.5,2.49,1.98,16,7.034,31.338,22.4,7
2026-08-21T18:30:19,1724.4,6.5,2.49,1.98,16,7.665,31.338,24.5,7
2026-08-21T18:30:21,1726.4,6.5,2.37,1.96,16,7.665,31.338,24.5,7
2026-08-21T18:30:23,1728.4,6.4,2.37,1.96,16,7.665,31.338,24.5,7
2026-08-21T18:30:25,1730.4,6.5,2.26,1.95,16,7.667,31.338,24.5,7
2026-08-21T18:30:27,1732.4,6.5,2.26,1.95,16,7.667,31.338,24.5,7
2026-08-21T18:30:29,1734.4,6.5,2.26,1.95,16,7.666,31.338,24.5,7
2026-08-21T18:30:31,1736.4,6.5,2.16,1.93,16,7.665,31.338,24.5,7
2026-08-21T18:30:33,1738.4,6.4,2.16,1.93,16,7.665,31.338,24.5,7
2026-08-21T18:30:35,1740.4,6.6,2.07,1.91,16,7.664,31.338,24.5,7
2026-08-21T18:30:37,1742.4,6.5,2.07,1.91,16,7.664,31.338,24.5,7
2026-08-21T18:30:39,1744.4,6.5,2.07,1.91,16,7.666,31.338,24.5,7
2026-08-21T18:30:41,1746.4,5.1,1.98,1.9,16,6.167,31.338,19.7,5
2026-08-21T18:30:43,1748.4,6.4,1.98,1.9,16,6.17,31.338,19.7,5
2026-08-21T18:30:45,1750.4,6.5,1.98,1.9,16,6.172,31.338,19.7,5
2026-08-21T18:30:47,1752.4,6.4,1.98,1.9,16,6.172,31.338,19.7,5
2026-08-21T18:30:49,1754.4,6.6,1.98,1.9,16,6.177,31.338,19.7,5
2026-08-21T18:30:51,1756.4,6.5,1.9,1.88,16,6.174,31.338,19.7,5
2026-08-21T18:30:53,1758.4,6.4,1.9,1.88,16,6.175,31.338,19.7,5
2026-08-21T18:30:55,1760.4,6.5,1.83,1.87,16,6.174,31.338,19.7,5
2026-08-21T18:30:57,1762.4,6.4,1.83,1.87,16,6.176,31.338,19.7,5
2026-08-21T18:30:59,1764.4,9.2,1.83,1.87,16,6.33,31.338,20.2,7
2026-08-21T18:31:01,1766.4,25.4,2.0,1.91,16,7.782,31.338,24.8,9
2026-08-21T18:31:03,1768.4,24.3,2.0,1.91,16,7.977,31.338,25.5,9
2026-08-21T18:31:05,1770.4,29.8,2.16,1.94,16,8.024,31.338,25.6,9
2026-08-21T18:31:07,1772.4,30.0,2.16,1.94,16,8.026,31.338,25.6,9
2026-08-21T18:31:09,1774.4,30.0,2.16,1.94,16,8.065,31.338,25.7,9
2026-08-21T18:31:11,1776.4,30.0,2.31,1.98,16,8.072,31.338,25.8,9
2026-08-21T18:31:13,1778.4,30.0,2.31,1.98,16,8.075,31.338,25.8,9
2026-08-21T18:31:15,1780.4,30.0,2.45,2.01,16,8.082,31.338,25.8,9
2026-08-21T18:31:17,1782.4,26.7,2.45,2.01,16,8.076,31.338,25.8,9
2026-08-21T18:31:19,1784.4,30.1,2.45,2.01,16,8.053,31.338,25.7,9
2026-08-21T18:31:21,1786.4,30.2,2.57,2.04,16,8.048,31.338,25.7,9
2026-08-21T18:31:23,1788.4,30.5,2.57,2.04,16,8.034,31.338,25.6,9
2026-08-21T18:31:25,1790.4,30.4,2.77,2.09,16,8.024,31.338,25.6,9
2026-08-21T18:31:27,1792.4,30.4,2.77,2.09,16,8.018,31.338,25.6,9
2026-08-21T18:31:29,1794.4,30.2,2.77,2.09,16,8.014,31.338,25.6,9
2026-08-21T18:31:31,1796.4,20.8,2.95,2.14,16,8.013,31.338,25.6,9
2026-08-21T18:31:33,1798.4,30.3,2.95,2.14,16,8.014,31.338,25.6,9
2026-08-21T18:31:35,1800.4,30.0,3.11,2.19,16,8.013,31.338,25.6,9
2026-08-21T18:31:37,1802.4,29.9,3.11,2.19,16,8.014,31.338,25.6,9
2026-08-21T18:31:39,1804.4,29.7,3.11,2.19,16,8.013,31.338,25.6,9
2026-08-21T18:31:41,1806.4,29.3,3.18,2.22,16,8.007,31.338,25.6,9
2026-08-21T18:31:43,1808.4,29.0,3.18,2.22,16,8.0,31.338,25.5,9
2026-08-21T18:31:45,1810.4,24.3,3.01,2.2,16,8.001,31.338,25.5,9
2026-08-21T18:31:47,1812.4,29.6,3.01,2.2,16,7.999,31.338,25.5,9
2026-08-21T18:31:49,1814.4,29.9,3.01,2.2,16,8.006,31.338,25.5,9
2026-08-21T18:31:51,1816.4,30.2,3.09,2.23,16,7.995,31.338,25.5,9
2026-08-21T18:31:53,1818.4,29.9,3.09,2.23,16,7.995,31.338,25.5,9
2026-08-21T18:31:55,1820.4,29.8,3.16,2.26,16,7.996,31.338,25.5,9
2026-08-21T18:31:57,1822.4,29.8,3.16,2.26,16,7.996,31.338,25.5,9
2026-08-21T18:31:59,1824.4,20.2,3.16,2.26,16,7.996,31.338,25.5,9
2026-08-21T18:32:01,1826.4,30.5,3.31,2.3,16,7.995,31.338,25.5,9
2026-08-21T18:32:03,1828.4,30.6,3.31,2.3,16,7.985,31.338,25.5,9
2026-08-21T18:32:05,1830.4,30.6,3.52,2.36,16,7.985,31.338,25.5,9
2026-08-21T18:32:07,1832.4,30.3,3.52,2.36,16,7.987,31.338,25.5,9
2026-08-21T18:32:09,1834.4,30.5,3.52,2.36,16,7.983,31.338,25.5,9
2026-08-21T18:32:11,1836.4,30.6,3.64,2.41,16,7.986,31.338,25.5,9
2026-08-21T18:32:13,1838.4,24.0,3.64,2.41,16,7.981,31.338,25.5,9
2026-08-21T18:32:15,1840.4,27.6,3.75,2.45,16,7.982,31.338,25.5,9
2026-08-21T18:32:17,1842.4,30.6,3.75,2.45,16,7.999,31.338,25.5,9
2026-08-21T18:32:19,1844.4,15.6,3.75,2.45,16,7.999,31.338,25.5,9
2026-08-21T18:32:21,1846.4,6.5,3.53,2.43,16,8.0,31.338,25.5,9
2026-08-21T18:32:23,1848.4,6.5,3.53,2.43,16,7.999,31.338,25.5,9
2026-08-21T18:32:25,1850.4,6.6,3.33,2.4,16,7.996,31.338,25.5,9
2026-08-21T18:32:27,1852.4,6.5,3.33,2.4,16,7.996,31.338,25.5,9
2026-08-21T18:32:29,1854.4,6.5,3.33,2.4,16,7.996,31.338,25.5,9
2026-08-21T18:32:31,1856.4,6.5,3.14,2.38,16,9.191,31.338,29.3,9
2026-08-21T18:32:33,1858.4,6.6,3.14,2.38,16,9.19,31.338,29.3,9
2026-08-21T18:32:35,1860.4,6.5,2.97,2.36,16,9.19,31.338,29.3,9
2026-08-21T18:32:37,1862.4,6.5,2.97,2.36,16,9.19,31.338,29.3,9
2026-08-21T18:32:39,1864.4,6.5,2.97,2.36,16,9.19,31.338,29.3,9
2026-08-21T18:32:41,1866.4,6.6,2.89,2.35,16,9.205,31.338,29.4,9
2026-08-21T18:32:43,1868.4,6.5,2.89,2.35,16,9.206,31.338,29.4,9
2026-08-21T18:32:45,1870.4,6.6,2.74,2.33,16,9.206,31.338,29.4,9
2026-08-21T18:32:47,1872.4,6.5,2.74,2.33,16,9.206,31.338,29.4,9
2026-08-21T18:32:49,1874.4,6.5,2.74,2.33,16,9.192,31.338,29.3,9
2026-08-21T18:32:51,1876.4,6.6,2.6,2.31,16,9.187,31.338,29.3,9
2026-08-21T18:32:53,1878.4,6.5,2.6,2.31,16,9.183,31.338,29.3,9
2026-08-21T18:32:55,1880.4,5.7,2.47,2.28,16,6.289,31.338,20.1,5
2026-08-21T18:32:57,1882.4,6.5,2.47,2.28,16,6.287,31.338,20.1,5
2026-08-21T18:32:59,1884.4,6.4,2.47,2.28,16,6.287,31.338,20.1,5
2026-08-21T18:33:01,1886.4,6.6,2.35,2.26,16,6.289,31.338,20.1,5
2026-08-21T18:33:03,1888.4,6.4,2.35,2.26,16,6.289,31.338,20.1,5
2026-08-21T18:33:05,1890.4,6.4,2.24,2.24,16,6.291,31.338,20.1,5
2026-08-21T18:33:07,1892.4,6.5,2.24,2.24,16,6.291,31.338,20.1,5
2026-08-21T18:33:09,1894.4,6.5,2.24,2.24,16,6.287,31.338,20.1,5
2026-08-21T18:33:11,1896.4,6.6,2.14,2.22,16,6.29,31.338,20.1,5
2026-08-21T18:33:13,1898.4,6.5,2.14,2.22,16,6.286,31.338,20.1,5
2026-08-21T18:33:15,1900.4,6.4,2.05,2.2,16,6.287,31.338,20.1,5
2026-08-21T18:33:17,1902.4,45.8,2.05,2.2,16,9.005,31.338,28.7,13
2026-08-21T18:33:19,1904.4,47.6,2.05,2.2,16,9.736,31.338,31.1,13
2026-08-21T18:33:21,1906.4,52.0,2.53,2.3,16,9.802,31.338,31.3,13
2026-08-21T18:33:23,1908.4,51.2,2.53,2.3,16,9.819,31.338,31.3,13
2026-08-21T18:33:25,1910.4,52.4,2.89,2.38,16,9.811,31.338,31.3,13
2026-08-21T18:33:27,1912.4,51.5,2.89,2.38,16,9.812,31.338,31.3,13
2026-08-21T18:33:29,1914.4,45.6,2.89,2.38,16,9.811,31.338,31.3,13
2026-08-21T18:33:31,1916.4,52.7,3.38,2.49,16,9.811,31.338,31.3,13
2026-08-21T18:33:33,1918.4,50.9,3.38,2.49,16,9.822,31.338,31.3,13
2026-08-21T18:33:35,1920.4,51.8,3.75,2.58,16,9.817,31.338,31.3,13
2026-08-21T18:33:37,1922.4,39.6,3.75,2.58,16,9.815,31.338,31.3,13
2026-08-21T18:33:39,1924.4,48.6,3.75,2.58,16,9.784,31.338,31.2,13
2026-08-21T18:33:41,1926.4,52.1,4.25,2.7,16,9.771,31.338,31.2,13
2026-08-21T18:33:43,1928.4,51.1,4.25,2.7,16,9.753,31.338,31.1,13
2026-08-21T18:33:45,1930.4,52.3,4.71,2.82,16,9.775,31.338,31.2,13
2026-08-21T18:33:47,1932.4,41.8,4.71,2.82,16,9.761,31.338,31.1,13
2026-08-21T18:33:49,1934.4,52.4,4.71,2.82,16,9.76,31.338,31.1,13
2026-08-21T18:33:51,1936.4,51.9,5.13,2.94,16,9.758,31.338,31.1,13
2026-08-21T18:33:53,1938.4,52.5,5.13,2.94,16,9.754,31.338,31.1,13
2026-08-21T18:33:55,1940.4,47.9,5.44,3.04,16,9.747,31.338,31.1,13
2026-08-21T18:33:57,1942.4,37.3,5.44,3.04,16,9.741,31.338,31.1,13
2026-08-21T18:33:59,1944.4,52.3,5.44,3.04,16,9.74,31.338,31.1,13
2026-08-21T18:34:01,1946.4,50.9,5.81,3.16,16,9.741,31.338,31.1,13
2026-08-21T18:34:03,1948.4,52.4,5.81,3.16,16,9.74,31.338,31.1,13
2026-08-21T18:34:05,1950.4,33.2,5.42,3.12,16,9.709,31.338,31.0,13
2026-08-21T18:34:07,1952.4,52.0,5.42,3.12,16,9.731,31.338,31.1,13
2026-08-21T18:34:09,1954.4,26.0,5.42,3.12,16,9.729,31.338,31.0,13
2026-08-21T18:34:11,1956.4,6.7,5.07,3.09,16,9.731,31.338,31.1,13
2026-08-21T18:34:13,1958.4,6.6,5.07,3.09,16,9.733,31.338,31.1,13
2026-08-21T18:34:15,1960.4,6.7,4.74,3.05,16,9.733,31.338,31.1,13
2026-08-21T18:34:17,1962.4,6.7,4.74,3.05,16,9.729,31.338,31.0,13
2026-08-21T18:34:19,1964.4,6.7,4.74,3.05,16,9.721,31.338,31.0,13
2026-08-21T18:34:21,1966.4,6.6,4.44,3.02,16,10.431,31.338,33.3,13
2026-08-21T18:34:23,1968.4,6.6,4.44,3.02,16,10.953,31.338,34.9,13
2026-08-21T18:34:25,1970.4,6.7,4.17,2.98,16,10.956,31.338,35.0,13
2026-08-21T18:34:27,1972.5,6.7,4.17,2.98,16,10.957,31.338,35.0,13
2026-08-21T18:34:29,1974.5,6.6,4.17,2.98,16,10.952,31.338,34.9,13
2026-08-21T18:34:31,1976.5,6.8,3.91,2.95,16,10.955,31.338,35.0,13
2026-08-21T18:34:33,1978.5,6.7,3.91,2.95,16,10.956,31.338,35.0,13
2026-08-21T18:34:35,1980.5,6.6,3.68,2.92,16,10.956,31.338,35.0,13
2026-08-21T18:34:37,1982.5,6.8,3.68,2.92,16,10.948,31.338,34.9,13
2026-08-21T18:34:39,1984.5,6.6,3.68,2.92,16,10.951,31.338,34.9,13
2026-08-21T18:34:41,1986.5,6.6,3.47,2.89,16,10.949,31.338,34.9,13
2026-08-21T18:34:43,1988.5,6.7,3.47,2.89,16,10.948,31.338,34.9,13
2026-08-21T18:34:45,1990.5,6.5,3.19,2.84,16,6.344,31.338,20.2,5
2026-08-21T18:34:47,1992.5,6.2,3.19,2.84,16,6.342,31.338,20.2,5
2026-08-21T18:34:49,1994.5,6.5,3.19,2.84,16,6.346,31.338,20.2,5
2026-08-21T18:34:51,1996.5,6.5,3.01,2.81,16,6.343,31.338,20.2,5
2026-08-21T18:34:53,1998.5,6.5,3.01,2.81,16,6.338,31.338,20.2,5
2026-08-21T18:34:55,2000.5,6.5,2.85,2.78,16,6.342,31.338,20.2,5
2026-08-21T18:34:57,2002.5,6.5,2.85,2.78,16,6.336,31.338,20.2,5
2026-08-21T18:34:59,2004.5,6.4,2.85,2.78,16,6.336,31.338,20.2,5
2026-08-21T18:35:01,2006.5,6.5,2.7,2.75,16,6.337,31.338,20.2,5
2026-08-21T18:35:03,2008.5,6.5,2.7,2.75,16,6.341,31.338,20.2,5
2026-08-21T18:35:05,2010.5,6.5,2.57,2.72,16,6.344,31.338,20.2,5
2026-08-21T18:35:07,2012.5,35.2,2.57,2.72,16,8.623,31.338,27.5,19
2026-08-21T18:35:09,2014.5,98.8,2.57,2.72,16,11.769,31.338,37.6,21
2026-08-21T18:35:11,2016.5,91.8,3.64,2.94,16,13.144,31.338,41.9,21
2026-08-21T18:35:13,2018.5,67.1,3.64,2.94,16,13.256,31.338,42.3,21
2026-08-21T18:35:15,2020.5,83.2,3.91,3.01,16,13.297,31.338,42.4,21
2026-08-21T18:35:17,2022.5,83.4,3.91,3.01,16,13.276,31.338,42.4,21
2026-08-21T18:35:19,2024.5,68.3,3.91,3.01,16,13.296,31.338,42.4,21
2026-08-21T18:35:21,2026.5,81.8,5.2,3.29,16,13.3,31.338,42.4,21
2026-08-21T18:35:23,2028.5,81.5,5.2,3.29,16,13.296,31.338,42.4,21
2026-08-21T18:35:25,2030.5,79.8,5.98,3.48,16,13.298,31.338,42.4,21
2026-08-21T18:35:27,2032.5,51.4,5.98,3.48,16,13.297,31.338,42.4,21
2026-08-21T18:35:29,2034.5,81.9,5.98,3.48,16,13.293,31.338,42.4,21
2026-08-21T18:35:31,2036.5,82.1,6.55,3.64,16,13.281,31.338,42.4,21
2026-08-21T18:35:33,2038.5,80.7,6.55,3.64,16,13.273,31.338,42.4,21
2026-08-21T18:35:35,2040.5,71.4,7.46,3.88,16,13.272,31.338,42.4,21
2026-08-21T18:35:37,2042.5,80.5,7.46,3.88,16,13.279,31.338,42.4,21
2026-08-21T18:35:39,2044.5,82.1,7.46,3.88,16,13.277,31.338,42.4,21
2026-08-21T18:35:41,2046.5,82.3,7.99,4.05,16,13.243,31.338,42.3,21
2026-08-21T18:35:43,2048.5,50.6,7.99,4.05,16,13.263,31.338,42.3,21
2026-08-21T18:35:45,2050.5,81.0,9.11,4.35,16,13.264,31.338,42.3,21
2026-08-21T18:35:47,2052.5,80.4,9.11,4.35,16,13.252,31.338,42.3,21
2026-08-21T18:35:49,2054.5,78.6,9.11,4.35,16,13.255,31.338,42.3,21
2026-08-21T18:35:51,2056.5,50.8,8.46,4.29,16,13.245,31.338,42.3,21
2026-08-21T18:35:53,2058.5,50.4,8.46,4.29,16,13.246,31.338,42.3,21
2026-08-21T18:35:55,2060.5,6.9,7.86,4.24,16,13.244,31.338,42.3,21
2026-08-21T18:35:57,2062.5,7.0,7.86,4.24,16,13.237,31.338,42.2,21
2026-08-21T18:35:59,2064.5,6.8,7.86,4.24,16,13.804,31.338,44.0,21
2026-08-21T18:36:01,2066.5,6.8,7.31,4.18,16,13.804,31.338,44.0,21
2026-08-21T18:36:03,2068.5,6.8,7.31,4.18,16,13.804,31.338,44.0,21
2026-08-21T18:36:05,2070.5,6.9,6.81,4.13,16,13.804,31.338,44.0,21
2026-08-21T18:36:07,2072.5,6.9,6.81,4.13,16,13.804,31.338,44.0,21
2026-08-21T18:36:09,2074.5,6.8,6.81,4.13,16,13.805,31.338,44.1,21
2026-08-21T18:36:11,2076.5,6.9,6.34,4.08,16,13.805,31.338,44.1,21
2026-08-21T18:36:13,2078.5,6.8,6.34,4.08,16,13.808,31.338,44.1,21
2026-08-21T18:36:15,2080.5,6.8,5.91,4.03,16,13.808,31.338,44.1,21
2026-08-21T18:36:17,2082.5,6.8,5.91,4.03,16,13.807,31.338,44.1,21
2026-08-21T18:36:19,2084.5,6.8,5.91,4.03,16,13.799,31.338,44.0,21
2026-08-21T18:36:21,2086.5,11.6,5.52,3.98,16,6.483,31.338,20.7,5
2026-08-21T18:36:23,2088.5,6.6,5.52,3.98,16,6.484,31.338,20.7,5
2026-08-21T18:36:25,2090.5,6.5,5.16,3.93,16,6.485,31.338,20.7,5
2026-08-21T18:36:27,2092.5,6.5,5.16,3.93,16,6.485,31.338,20.7,5
2026-08-21T18:36:29,2094.5,6.5,5.16,3.93,16,6.485,31.338,20.7,5
2026-08-21T18:36:31,2096.5,6.6,4.82,3.88,16,6.489,31.338,20.7,5
2026-08-21T18:36:33,2098.5,6.5,4.82,3.88,16,6.698,31.338,21.4,6
2026-08-21T18:36:35,2100.5,6.6,4.52,3.83,16,6.908,31.338,22.0,6
2026-08-21T18:36:37,2102.5,6.7,4.52,3.83,16,6.938,31.338,22.1,6
2026-08-21T18:36:39,2104.5,7.4,4.52,3.83,16,6.936,31.338,22.1,6
2026-08-21T18:36:41,2106.5,7.3,4.24,3.78,16,6.939,31.338,22.1,6
2026-08-21T18:36:43,2108.5,7.3,4.24,3.78,16,6.938,31.338,22.1,6
2026-08-21T18:36:45,2110.5,7.2,3.98,3.73,16,6.94,31.338,22.1,6
2026-08-21T18:36:47,2112.5,7.3,3.98,3.73,16,6.946,31.338,22.2,6
2026-08-21T18:36:49,2114.5,7.4,3.98,3.73,16,6.939,31.338,22.1,6
2026-08-21T18:36:51,2116.5,7.3,3.74,3.69,16,6.939,31.338,22.1,6
2026-08-21T18:36:53,2118.5,7.1,3.74,3.69,16,6.937,31.338,22.1,6
2026-08-21T18:36:55,2120.5,7.2,3.52,3.64,16,6.939,31.338,22.1,6
2026-08-21T18:36:57,2122.5,7.2,3.52,3.64,16,6.938,31.338,22.1,6
2026-08-21T18:36:59,2124.5,7.2,3.52,3.64,16,6.934,31.338,22.1,6
2026-08-21T18:37:01,2126.5,7.2,3.4,3.62,16,6.939,31.338,22.1,6
2026-08-21T18:37:03,2128.5,7.2,3.4,3.62,16,6.944,31.338,22.2,6
2026-08-21T18:37:05,2130.5,7.2,3.2,3.57,16,6.942,31.338,22.2,6
2026-08-21T18:37:07,2132.5,7.4,3.2,3.57,16,6.945,31.338,22.2,6
2026-08-21T18:37:09,2134.5,7.2,3.2,3.57,16,6.947,31.338,22.2,6
2026-08-21T18:37:11,2136.5,7.3,3.03,3.53,16,6.949,31.338,22.2,6
2026-08-21T18:37:13,2138.5,7.4,3.03,3.53,16,6.951,31.338,22.2,6
2026-08-21T18:37:15,2140.5,7.3,2.86,3.49,16,6.948,31.338,22.2,6
2026-08-21T18:37:17,2142.5,7.2,2.86,3.49,16,6.954,31.338,22.2,6
2026-08-21T18:37:19,2144.5,7.2,2.86,3.49,16,6.95,31.338,22.2,6
2026-08-21T18:37:21,2146.5,7.4,2.72,3.45,16,6.948,31.338,22.2,6
2026-08-21T18:37:23,2148.5,7.2,2.72,3.45,16,6.956,31.338,22.2,6
2026-08-21T18:37:25,2150.5,7.3,2.58,3.41,16,6.958,31.338,22.2,6
2026-08-21T18:37:27,2152.5,7.3,2.58,3.41,16,6.969,31.338,22.2,6
2026-08-21T18:37:29,2154.5,7.3,2.58,3.41,16,6.968,31.338,22.2,6
2026-08-21T18:37:31,2156.5,7.3,2.45,3.37,16,6.966,31.338,22.2,6
2026-08-21T18:37:33,2158.5,7.3,2.45,3.37,16,6.964,31.338,22.2,6
2026-08-21T18:37:35,2160.5,7.3,2.33,3.33,16,6.971,31.338,22.2,6
2026-08-21T18:37:37,2162.5,7.4,2.33,3.33,16,6.967,31.338,22.2,6
2026-08-21T18:37:39,2164.5,7.2,2.33,3.33,16,6.968,31.338,22.2,6
2026-08-21T18:37:41,2166.5,7.4,2.23,3.29,16,6.97,31.338,22.2,6
2026-08-21T18:37:43,2168.5,7.2,2.23,3.29,16,6.97,31.338,22.2,6
2026-08-21T18:37:45,2170.5,7.3,2.13,3.25,16,6.972,31.338,22.2,6
2026-08-21T18:37:47,2172.5,7.3,2.13,3.25,16,6.973,31.338,22.3,6
2026-08-21T18:37:49,2174.5,7.3,2.13,3.25,16,6.977,31.338,22.3,6
2026-08-21T18:37:51,2176.5,7.3,2.04,3.21,16,6.979,31.338,22.3,6
2026-08-21T18:37:53,2178.5,7.2,2.04,3.21,16,6.979,31.338,22.3,6
2026-08-21T18:37:55,2180.5,7.3,1.96,3.17,16,6.983,31.338,22.3,6
2026-08-21T18:37:57,2182.5,7.2,1.96,3.17,16,6.983,31.338,22.3,6
2026-08-21T18:37:59,2184.5,7.2,1.96,3.17,16,6.983,31.338,22.3,6
2026-08-21T18:38:01,2186.5,7.2,1.88,3.14,16,6.983,31.338,22.3,6
2026-08-21T18:38:03,2188.5,7.3,1.88,3.14,16,6.985,31.338,22.3,6
2026-08-21T18:38:05,2190.5,7.1,1.89,3.12,16,6.985,31.338,22.3,6
2026-08-21T18:38:07,2192.5,7.2,1.89,3.12,16,6.986,31.338,22.3,6
2026-08-21T18:38:09,2194.5,7.3,1.89,3.12,16,6.987,31.338,22.3,6
2026-08-21T18:38:11,2196.5,7.1,1.82,3.08,16,6.986,31.338,22.3,6
2026-08-21T18:38:13,2198.5,7.5,1.82,3.08,16,6.99,31.338,22.3,6
2026-08-21T18:38:15,2200.5,7.4,1.75,3.05,16,6.992,31.338,22.3,6
2026-08-21T18:38:17,2202.5,7.6,1.75,3.05,16,6.992,31.338,22.3,6
2026-08-21T18:38:19,2204.5,7.7,1.75,3.05,16,6.995,31.338,22.3,6
2026-08-21T18:38:21,2206.5,7.5,1.69,3.01,16,6.995,31.338,22.3,6
2026-08-21T18:38:23,2208.5,7.6,1.69,3.01,16,6.995,31.338,22.3,6
2026-08-21T18:38:25,2210.5,7.3,1.64,2.98,16,6.998,31.338,22.3,6
2026-08-21T18:38:27,2212.5,7.4,1.64,2.98,16,6.995,31.338,22.3,6
2026-08-21T18:38:29,2214.5,7.5,1.64,2.98,16,6.999,31.338,22.3,6
2026-08-21T18:38:31,2216.5,7.2,1.58,2.95,16,7.001,31.338,22.3,6
2026-08-21T18:38:33,2218.5,7.1,1.58,2.95,16,7.002,31.338,22.3,6
2026-08-21T18:38:35,2220.5,7.3,1.54,2.92,16,7.004,31.338,22.3,6
2026-08-21T18:38:37,2222.5,7.2,1.54,2.92,16,7.003,31.338,22.3,6
2026-08-21T18:38:39,2224.5,7.2,1.54,2.92,16,7.003,31.338,22.3,6
2026-08-21T18:38:41,2226.5,7.2,1.65,2.92,16,7.004,31.338,22.4,6
2026-08-21T18:38:43,2228.5,7.3,1.65,2.92,16,7.007,31.338,22.4,6
2026-08-21T18:38:45,2230.5,7.3,1.6,2.88,16,7.008,31.338,22.4,6
2026-08-21T18:38:47,2232.5,7.2,1.6,2.88,16,7.01,31.338,22.4,6
2026-08-21T18:38:49,2234.5,7.2,1.6,2.88,16,7.01,31.338,22.4,6
2026-08-21T18:38:51,2236.5,7.3,1.55,2.85,16,7.012,31.338,22.4,6
2026-08-21T18:38:53,2238.5,7.1,1.55,2.85,16,7.016,31.338,22.4,6
2026-08-21T18:38:55,2240.5,7.2,1.51,2.82,16,7.016,31.338,22.4,6
2026-08-21T18:38:57,2242.5,7.2,1.51,2.82,16,7.029,31.338,22.4,6
2026-08-21T18:38:59,2244.5,7.1,1.51,2.82,16,7.029,31.338,22.4,6
2026-08-21T18:39:01,2246.5,7.2,1.47,2.79,16,7.031,31.338,22.4,6
2026-08-21T18:39:03,2248.5,7.3,1.47,2.79,16,7.03,31.338,22.4,6
2026-08-21T18:39:05,2250.5,7.2,1.43,2.76,16,7.03,31.338,22.4,6
2026-08-21T18:39:07,2252.5,7.6,1.43,2.76,16,7.031,31.338,22.4,6
2026-08-21T18:39:09,2254.5,7.6,1.43,2.76,16,7.034,31.338,22.4,6
2026-08-21T18:39:11,2256.5,7.5,1.4,2.73,16,7.033,31.338,22.4,6
2026-08-21T18:39:13,2258.5,7.3,1.4,2.73,16,7.034,31.338,22.4,6
2026-08-21T18:39:15,2260.5,7.2,1.36,2.7,16,7.034,31.338,22.4,6
2026-08-21T18:39:17,2262.5,7.5,1.36,2.7,16,7.034,31.338,22.4,6
2026-08-21T18:39:19,2264.5,7.3,1.36,2.7,16,7.039,31.338,22.5,6
2026-08-21T18:39:21,2266.5,7.3,1.33,2.68,16,7.042,31.338,22.5,6
2026-08-21T18:39:23,2268.5,7.3,1.33,2.68,16,7.041,31.338,22.5,6
2026-08-21T18:39:25,2270.5,7.2,1.31,2.65,16,7.043,31.338,22.5,6
2026-08-21T18:39:27,2272.5,7.1,1.31,2.65,16,7.043,31.338,22.5,6
2026-08-21T18:39:29,2274.5,7.2,1.31,2.65,16,7.046,31.338,22.5,6
2026-08-21T18:39:31,2276.5,7.2,1.2,2.6,16,7.045,31.338,22.5,6
2026-08-21T18:39:33,2278.5,7.2,1.2,2.6,16,7.047,31.338,22.5,6
2026-08-21T18:39:35,2280.5,7.2,1.19,2.58,16,7.047,31.338,22.5,6
2026-08-21T18:39:37,2282.5,7.3,1.19,2.58,16,7.051,31.338,22.5,6
2026-08-21T18:39:39,2284.5,7.3,1.19,2.58,16,7.051,31.338,22.5,6
2026-08-21T18:39:41,2286.5,7.2,1.17,2.55,16,7.049,31.338,22.5,6
2026-08-21T18:39:43,2288.5,7.2,1.17,2.55,16,7.05,31.338,22.5,6
2026-08-21T18:39:45,2290.5,7.3,1.16,2.52,16,7.053,31.338,22.5,6
2026-08-21T18:39:47,2292.5,7.2,1.16,2.52,16,7.055,31.338,22.5,6
2026-08-21T18:39:49,2294.5,6.8,1.16,2.52,16,7.055,31.338,22.5,6
2026-08-21T18:39:51,2296.5,7.3,1.14,2.5,16,7.054,31.338,22.5,6
2026-08-21T18:39:53,2298.5,7.3,1.14,2.5,16,7.056,31.338,22.5,6
2026-08-21T18:39:55,2300.5,7.2,1.13,2.47,16,7.056,31.338,22.5,6
2026-08-21T18:39:57,2302.5,7.3,1.13,2.47,16,7.058,31.338,22.5,6
2026-08-21T18:39:59,2304.5,7.2,1.13,2.47,16,7.062,31.338,22.5,6
2026-08-21T18:40:01,2306.5,7.2,1.12,2.45,16,7.062,31.338,22.5,6
2026-08-21T18:40:03,2308.5,7.2,1.12,2.45,16,7.062,31.338,22.5,6
2026-08-21T18:40:05,2310.5,7.3,1.11,2.42,16,7.064,31.338,22.5,6
2026-08-21T18:40:07,2312.5,7.3,1.11,2.42,16,7.066,31.338,22.5,6
2026-08-21T18:40:09,2314.5,7.3,1.11,2.42,16,7.068,31.338,22.6,6
2026-08-21T18:40:11,2316.5,7.5,1.1,2.4,16,7.067,31.338,22.6,6
2026-08-21T18:40:13,2318.5,7.3,1.1,2.4,16,7.069,31.338,22.6,6
2026-08-21T18:40:15,2320.5,7.3,1.17,2.39,16,7.073,31.338,22.6,6
2026-08-21T18:40:17,2322.5,7.4,1.17,2.39,16,7.077,31.338,22.6,6
2026-08-21T18:40:19,2324.5,7.3,1.17,2.39,16,7.079,31.338,22.6,6
2026-08-21T18:40:21,2326.5,7.2,1.16,2.37,16,7.074,31.338,22.6,6
2026-08-21T18:40:23,2328.5,7.4,1.16,2.37,16,7.075,31.338,22.6,6
2026-08-21T18:40:25,2330.5,7.2,1.15,2.35,16,7.078,31.338,22.6,6
2026-08-21T18:40:27,2332.5,7.4,1.15,2.35,16,7.078,31.338,22.6,6
2026-08-21T18:40:29,2334.5,7.4,1.15,2.35,16,7.086,31.338,22.6,6
2026-08-21T18:40:31,2336.5,7.3,1.14,2.32,16,7.086,31.338,22.6,6
2026-08-21T18:40:33,2338.5,7.4,1.14,2.32,16,7.085,31.338,22.6,6
2026-08-21T18:40:35,2340.5,7.4,1.12,2.3,16,7.087,31.338,22.6,6
2026-08-21T18:40:37,2342.5,7.3,1.12,2.3,16,7.087,31.338,22.6,6
2026-08-21T18:40:39,2344.5,7.3,1.12,2.3,16,7.086,31.338,22.6,6
2026-08-21T18:40:41,2346.5,7.3,1.11,2.28,16,7.086,31.338,22.6,6
2026-08-21T18:40:43,2348.5,7.3,1.11,2.28,16,7.089,31.338,22.6,6
2026-08-21T18:40:45,2350.5,7.1,1.1,2.26,16,7.089,31.338,22.6,6
2026-08-21T18:40:47,2352.5,7.3,1.1,2.26,16,7.088,31.338,22.6,6
2026-08-21T18:40:49,2354.5,7.3,1.1,2.26,16,7.087,31.338,22.6,6
2026-08-21T18:40:51,2356.5,7.4,1.1,2.24,16,7.087,31.338,22.6,6
2026-08-21T18:40:53,2358.5,7.5,1.1,2.24,16,7.088,31.338,22.6,6
2026-08-21T18:40:55,2360.5,7.6,1.09,2.22,16,7.086,31.338,22.6,6
2026-08-21T18:40:57,2362.5,7.2,1.09,2.22,16,7.086,31.338,22.6,6
2026-08-21T18:40:59,2364.5,7.4,1.09,2.22,16,7.083,31.338,22.6,6
2026-08-21T18:41:01,2366.5,7.3,1.08,2.2,16,7.087,31.338,22.6,6
2026-08-21T18:41:03,2368.5,7.2,1.08,2.2,16,7.087,31.338,22.6,6
2026-08-21T18:41:05,2370.5,7.2,1.07,2.18,16,7.087,31.338,22.6,6
2026-08-21T18:41:07,2372.5,7.3,1.07,2.18,16,7.085,31.338,22.6,6
2026-08-21T18:41:09,2374.5,7.3,1.07,2.18,16,7.087,31.338,22.6,6
2026-08-21T18:41:11,2376.5,7.3,1.07,2.16,16,7.086,31.338,22.6,6
2026-08-21T18:41:13,2378.5,7.2,1.07,2.16,16,7.086,31.338,22.6,6
2026-08-21T18:41:15,2380.5,7.3,1.06,2.14,16,7.084,31.338,22.6,6
2026-08-21T18:41:17,2382.5,7.3,1.06,2.14,16,7.089,31.338,22.6,6
2026-08-21T18:41:19,2384.5,7.4,1.06,2.14,16,7.088,31.338,22.6,6
2026-08-21T18:41:21,2386.5,7.2,1.06,2.12,16,7.088,31.338,22.6,6
2026-08-21T18:41:23,2388.6,7.2,1.06,2.12,16,7.09,31.338,22.6,6
2026-08-21T18:41:25,2390.6,7.3,1.05,2.1,16,7.088,31.338,22.6,6
2026-08-21T18:41:27,2392.6,7.2,1.05,2.1,16,7.088,31.338,22.6,6
2026-08-21T18:41:29,2394.6,7.0,1.05,2.1,16,7.091,31.338,22.6,6
2026-08-21T18:41:31,2396.6,7.3,1.05,2.08,16,7.085,31.338,22.6,6
2026-08-21T18:41:33,2398.6,7.2,1.05,2.08,16,7.087,31.338,22.6,6
2026-08-21T18:41:35,2400.6,7.2,1.04,2.06,16,7.088,31.338,22.6,6
2026-08-21T18:41:37,2402.6,7.1,1.04,2.06,16,7.088,31.338,22.6,6
2026-08-21T18:41:39,2404.6,7.2,1.04,2.06,16,7.088,31.338,22.6,6
2026-08-21T18:41:41,2406.6,7.3,1.04,2.04,16,7.083,31.338,22.6,6
2026-08-21T18:41:43,2408.6,7.2,1.04,2.04,16,7.089,31.338,22.6,6
2026-08-21T18:41:45,2410.6,7.2,1.04,2.03,16,7.089,31.338,22.6,6
2026-08-21T18:41:47,2412.6,7.2,1.04,2.03,16,7.089,31.338,22.6,6
2026-08-21T18:41:49,2414.6,7.2,1.04,2.03,16,7.089,31.338,22.6,6
2026-08-21T18:41:51,2416.6,7.4,1.03,2.01,16,7.088,31.338,22.6,6
2026-08-21T18:41:53,2418.6,7.4,1.03,2.01,16,7.09,31.338,22.6,6
2026-08-21T18:41:55,2420.6,7.3,1.03,1.99,16,7.081,31.338,22.6,6
2026-08-21T18:41:57,2422.6,7.3,1.03,1.99,16,7.081,31.338,22.6,6
2026-08-21T18:41:59,2424.6,7.2,1.03,1.99,16,7.083,31.338,22.6,6
2026-08-21T18:42:01,2426.6,7.2,1.03,1.98,16,7.083,31.338,22.6,6
2026-08-21T18:42:03,2428.6,7.3,1.03,1.98,16,7.083,31.338,22.6,6
2026-08-21T18:42:05,2430.6,7.2,1.02,1.96,16,7.086,31.338,22.6,6
2026-08-21T18:42:07,2432.6,7.3,1.02,1.96,16,7.088,31.338,22.6,6
2026-08-21T18:42:09,2434.6,7.2,1.02,1.96,16,7.083,31.338,22.6,6
2026-08-21T18:42:11,2436.6,7.3,1.02,1.94,16,7.084,31.338,22.6,6
2026-08-21T18:42:13,2438.6,7.2,1.02,1.94,16,7.083,31.338,22.6,6
2026-08-21T18:42:15,2440.6,7.3,1.02,1.93,16,7.086,31.338,22.6,6
2026-08-21T18:42:17,2442.6,7.3,1.02,1.93,16,7.087,31.338,22.6,6
2026-08-21T18:42:19,2444.6,7.2,1.02,1.93,16,7.087,31.338,22.6,6
2026-08-21T18:42:21,2446.6,7.3,1.02,1.91,16,7.086,31.338,22.6,6
2026-08-21T18:42:23,2448.6,7.3,1.02,1.91,16,7.086,31.338,22.6,6
2026-08-21T18:42:25,2450.6,7.3,1.02,1.9,16,7.087,31.338,22.6,6
2026-08-21T18:42:27,2452.6,7.2,1.02,1.9,16,7.087,31.338,22.6,6
2026-08-21T18:42:29,2454.6,7.2,1.02,1.9,16,7.087,31.338,22.6,6
2026-08-21T18:42:31,2456.6,7.1,1.02,1.88,16,7.087,31.338,22.6,6
2026-08-21T18:42:33,2458.6,7.3,1.02,1.88,16,7.085,31.338,22.6,6
2026-08-21T18:42:35,2460.6,7.4,1.01,1.87,16,7.086,31.338,22.6,6
2026-08-21T18:42:37,2462.6,7.5,1.01,1.87,16,7.087,31.338,22.6,6
2026-08-21T18:42:39,2464.6,7.2,1.01,1.87,16,7.086,31.338,22.6,6
2026-08-21T18:42:41,2466.6,7.2,1.01,1.85,16,7.085,31.338,22.6,6
2026-08-21T18:42:43,2468.6,7.4,1.01,1.85,16,7.087,31.338,22.6,6
2026-08-21T18:42:45,2470.6,7.4,1.01,1.84,16,7.085,31.338,22.6,6
2026-08-21T18:42:47,2472.6,7.3,1.01,1.84,16,7.083,31.338,22.6,6
2026-08-21T18:42:49,2474.6,7.4,1.01,1.84,16,7.081,31.338,22.6,6
2026-08-21T18:42:51,2476.6,7.3,1.01,1.82,16,7.081,31.338,22.6,6
2026-08-21T18:42:53,2478.6,7.3,1.01,1.82,16,7.083,31.338,22.6,6
2026-08-21T18:42:55,2480.6,7.3,1.01,1.81,16,7.083,31.338,22.6,6
2026-08-21T18:42:57,2482.6,7.4,1.01,1.81,16,7.084,31.338,22.6,6
2026-08-21T18:42:59,2484.6,7.3,1.01,1.81,16,7.078,31.338,22.6,6
2026-08-21T18:43:01,2486.6,7.2,1.01,1.8,16,7.079,31.338,22.6,6
2026-08-21T18:43:03,2488.6,7.4,1.01,1.8,16,7.08,31.338,22.6,6
2026-08-21T18:43:05,2490.6,7.4,1.09,1.8,16,7.077,31.338,22.6,6
2026-08-21T18:43:07,2492.6,7.5,1.09,1.8,16,7.079,31.338,22.6,6
2026-08-21T18:43:09,2494.6,6.9,1.09,1.8,16,7.079,31.338,22.6,6
2026-08-21T18:43:11,2496.6,7.4,1.08,1.79,16,7.079,31.338,22.6,6
2026-08-21T18:43:13,2498.6,7.5,1.08,1.79,16,7.092,31.338,22.6,6
2026-08-21T18:43:15,2500.6,7.2,1.07,1.77,16,7.089,31.338,22.6,6
2026-08-21T18:43:17,2502.6,7.4,1.07,1.77,16,7.088,31.338,22.6,6
2026-08-21T18:43:19,2504.6,7.3,1.07,1.77,16,7.086,31.338,22.6,6
2026-08-21T18:43:21,2506.6,7.3,1.07,1.76,16,7.084,31.338,22.6,6
2026-08-21T18:43:23,2508.6,7.4,1.07,1.76,16,7.086,31.338,22.6,6
2026-08-21T18:43:25,2510.6,7.2,1.06,1.75,16,7.087,31.338,22.6,6
2026-08-21T18:43:27,2512.6,7.4,1.06,1.75,16,7.087,31.338,22.6,6
2026-08-21T18:43:29,2514.6,7.4,1.06,1.75,16,7.082,31.338,22.6,6
2026-08-21T18:43:31,2516.6,7.1,1.14,1.75,16,7.082,31.338,22.6,6
2026-08-21T18:43:33,2518.6,7.5,1.14,1.75,16,7.085,31.338,22.6,6
2026-08-21T18:43:35,2520.6,7.3,1.13,1.74,16,7.084,31.338,22.6,6
2026-08-21T18:43:37,2522.6,7.3,1.13,1.74,16,7.084,31.338,22.6,6
2026-08-21T18:43:39,2524.6,7.3,1.13,1.74,16,7.085,31.338,22.6,6
2026-08-21T18:43:41,2526.6,7.4,1.12,1.73,16,7.085,31.338,22.6,6
2026-08-21T18:43:43,2528.6,7.3,1.12,1.73,16,7.088,31.338,22.6,6
2026-08-21T18:43:45,2530.6,7.3,1.11,1.71,16,7.088,31.338,22.6,6
2026-08-21T18:43:47,2532.6,7.3,1.11,1.71,16,7.088,31.338,22.6,6
2026-08-21T18:43:49,2534.6,7.4,1.11,1.71,16,7.088,31.338,22.6,6
2026-08-21T18:43:51,2536.6,7.2,1.1,1.7,16,7.088,31.338,22.6,6
2026-08-21T18:43:53,2538.6,7.3,1.1,1.7,16,7.087,31.338,22.6,6
2026-08-21T18:43:55,2540.6,7.4,1.09,1.69,16,7.086,31.338,22.6,6
2026-08-21T18:43:57,2542.6,7.5,1.09,1.69,16,7.086,31.338,22.6,6
2026-08-21T18:43:59,2544.6,7.2,1.09,1.69,16,7.086,31.338,22.6,6
2026-08-21T18:44:01,2546.6,7.3,1.08,1.68,16,7.088,31.338,22.6,6
2026-08-21T18:44:03,2548.6,7.3,1.08,1.68,16,7.089,31.338,22.6,6
2026-08-21T18:44:05,2550.6,7.2,1.08,1.67,16,7.087,31.338,22.6,6
2026-08-21T18:44:07,2552.6,7.1,1.08,1.67,16,7.086,31.338,22.6,6
2026-08-21T18:44:09,2554.6,7.3,1.08,1.67,16,7.089,31.338,22.6,6
2026-08-21T18:44:11,2556.6,7.1,1.15,1.67,16,7.089,31.338,22.6,6
2026-08-21T18:44:13,2558.6,7.1,1.15,1.67,16,7.089,31.338,22.6,6
2026-08-21T18:44:15,2560.6,7.2,1.14,1.66,16,7.087,31.338,22.6,6
2026-08-21T18:44:17,2562.6,7.4,1.14,1.66,16,7.089,31.338,22.6,6
2026-08-21T18:44:19,2564.6,7.2,1.14,1.66,16,7.09,31.338,22.6,6
2026-08-21T18:44:21,2566.6,7.3,1.13,1.65,16,7.09,31.338,22.6,6
2026-08-21T18:44:23,2568.6,7.2,1.13,1.65,16,7.088,31.338,22.6,6
2026-08-21T18:44:25,2570.6,7.2,1.12,1.64,16,7.088,31.338,22.6,6
2026-08-21T18:44:27,2572.6,7.1,1.12,1.64,16,7.091,31.338,22.6,6
2026-08-21T18:44:29,2574.6,7.3,1.12,1.64,16,7.09,31.338,22.6,6
2026-08-21T18:44:31,2576.6,7.2,1.19,1.64,16,7.09,31.338,22.6,6
2026-08-21T18:44:33,2578.6,7.2,1.19,1.64,16,7.09,31.338,22.6,6
2026-08-21T18:44:35,2580.6,7.2,1.17,1.63,16,7.092,31.338,22.6,6
2026-08-21T18:44:37,2582.6,7.2,1.17,1.63,16,7.092,31.338,22.6,6
2026-08-21T18:44:39,2584.6,7.1,1.17,1.63,16,7.089,31.338,22.6,6
2026-08-21T18:44:41,2586.6,7.3,1.16,1.62,16,7.091,31.338,22.6,6
2026-08-21T18:44:43,2588.6,7.3,1.16,1.62,16,7.092,31.338,22.6,6
2026-08-21T18:44:45,2590.6,7.2,1.15,1.61,16,7.093,31.338,22.6,6
2026-08-21T18:44:47,2592.6,7.2,1.15,1.61,16,7.093,31.338,22.6,6
2026-08-21T18:44:49,2594.6,6.8,1.15,1.61,16,7.088,31.338,22.6,6
2026-08-21T18:44:51,2596.6,6.6,1.13,1.6,16,7.089,31.338,22.6,6
2026-08-21T18:44:53,2598.6,6.6,1.13,1.6,16,7.144,31.338,22.8,6
2026-08-21T18:44:55,2600.6,6.5,1.12,1.59,16,7.127,31.338,22.7,6
2026-08-21T18:44:57,2602.6,6.6,1.12,1.59,16,7.114,31.338,22.7,6
2026-08-21T18:44:59,2604.6,6.5,1.12,1.59,16,7.119,31.338,22.7,6
2026-08-21T18:45:01,2606.6,6.5,1.11,1.58,16,7.111,31.338,22.7,6
2026-08-21T18:45:03,2608.6,6.5,1.11,1.58,16,7.111,31.338,22.7,6
2026-08-21T18:45:05,2610.6,6.6,1.1,1.57,16,7.107,31.338,22.7,6
2026-08-21T18:45:07,2612.6,6.5,1.1,1.57,16,7.106,31.338,22.7,6
2026-08-21T18:45:09,2614.6,6.5,1.1,1.57,16,7.103,31.338,22.7,6
2026-08-21T18:45:11,2616.6,6.5,1.09,1.56,16,7.107,31.338,22.7,6
2026-08-21T18:45:13,2618.6,6.5,1.09,1.56,16,7.107,31.338,22.7,6
2026-08-21T18:45:15,2620.6,5.1,1.09,1.55,16,6.675,31.338,21.3,5
2026-08-21T18:45:17,2622.6,6.5,1.09,1.55,16,6.674,31.338,21.3,5
2026-08-21T18:45:19,2624.6,8.0,1.09,1.55,16,6.987,31.338,22.3,7
2026-08-21T18:45:21,2626.6,12.9,1.16,1.56,16,7.475,31.338,23.9,7
2026-08-21T18:45:23,2628.6,11.1,1.16,1.56,16,7.529,31.338,24.0,7
2026-08-21T18:45:25,2630.6,9.4,1.15,1.55,16,7.533,31.338,24.0,7
2026-08-21T18:45:27,2632.6,9.3,1.15,1.55,16,7.537,31.338,24.0,7
2026-08-21T18:45:29,2634.6,9.5,1.15,1.55,16,7.541,31.338,24.1,7
2026-08-21T18:45:31,2636.6,9.5,1.13,1.54,16,7.536,31.338,24.0,7
2026-08-21T18:45:33,2638.6,9.5,1.13,1.54,16,7.544,31.338,24.1,7
2026-08-21T18:45:35,2640.6,9.4,1.12,1.53,16,7.546,31.338,24.1,7
2026-08-21T18:45:37,2642.6,9.5,1.12,1.53,16,7.546,31.338,24.1,7
2026-08-21T18:45:39,2644.6,9.5,1.12,1.53,16,7.551,31.338,24.1,7
2026-08-21T18:45:41,2646.6,9.5,1.35,1.57,16,7.55,31.338,24.1,7
2026-08-21T18:45:43,2648.6,9.6,1.35,1.57,16,7.55,31.338,24.1,7
2026-08-21T18:45:45,2650.6,9.5,1.33,1.56,16,7.554,31.338,24.1,7
2026-08-21T18:45:47,2652.6,9.4,1.33,1.56,16,7.553,31.338,24.1,7
2026-08-21T18:45:49,2654.6,9.4,1.33,1.56,16,7.555,31.338,24.1,7
2026-08-21T18:45:51,2656.6,9.5,1.46,1.59,16,7.557,31.338,24.1,7
2026-08-21T18:45:53,2658.6,9.6,1.46,1.59,16,7.559,31.338,24.1,7
2026-08-21T18:45:55,2660.6,9.4,1.42,1.58,16,7.563,31.338,24.1,7
2026-08-21T18:45:57,2662.6,8.5,1.42,1.58,16,7.557,31.338,24.1,7
2026-08-21T18:45:59,2664.6,9.3,1.42,1.58,16,7.557,31.338,24.1,7
2026-08-21T18:46:01,2666.6,9.5,1.47,1.58,16,7.557,31.338,24.1,7
2026-08-21T18:46:03,2668.6,9.4,1.47,1.58,16,7.559,31.338,24.1,7
2026-08-21T18:46:05,2670.6,9.4,1.43,1.57,16,7.559,31.338,24.1,7
2026-08-21T18:46:07,2672.6,9.5,1.43,1.57,16,7.559,31.338,24.1,7
2026-08-21T18:46:09,2674.6,9.5,1.43,1.57,16,7.557,31.338,24.1,7
2026-08-21T18:46:11,2676.6,9.7,1.4,1.56,16,7.555,31.338,24.1,7
2026-08-21T18:46:13,2678.6,9.5,1.4,1.56,16,7.555,31.338,24.1,7
2026-08-21T18:46:15,2680.6,9.2,1.36,1.56,16,7.556,31.338,24.1,7
2026-08-21T18:46:17,2682.6,9.3,1.36,1.56,16,7.594,31.338,24.2,7
2026-08-21T18:46:19,2684.6,9.5,1.36,1.56,16,7.583,31.338,24.2,7
2026-08-21T18:46:21,2686.6,9.4,1.58,1.6,16,7.58,31.338,24.2,7
2026-08-21T18:46:23,2688.6,9.4,1.58,1.6,16,7.577,31.338,24.2,7
2026-08-21T18:46:25,2690.6,9.6,1.53,1.59,16,7.571,31.338,24.2,7
2026-08-21T18:46:27,2692.6,9.3,1.53,1.59,16,7.565,31.338,24.1,7
2026-08-21T18:46:29,2694.6,9.5,1.53,1.59,16,7.566,31.338,24.1,7
2026-08-21T18:46:31,2696.6,9.4,1.57,1.59,16,7.563,31.338,24.1,7
2026-08-21T18:46:33,2698.6,9.5,1.57,1.59,16,7.563,31.338,24.1,7
2026-08-21T18:46:35,2700.6,9.5,1.52,1.58,16,7.562,31.338,24.1,7
2026-08-21T18:46:37,2702.6,9.6,1.52,1.58,16,7.563,31.338,24.1,7
2026-08-21T18:46:39,2704.6,9.5,1.52,1.58,16,7.557,31.338,24.1,7
2026-08-21T18:46:41,2706.6,9.5,1.48,1.57,16,7.558,31.338,24.1,7
2026-08-21T18:46:43,2708.6,9.5,1.48,1.57,16,7.558,31.338,24.1,7
2026-08-21T18:46:45,2710.6,9.5,1.6,1.6,16,7.56,31.338,24.1,7
2026-08-21T18:46:47,2712.6,9.5,1.6,1.6,16,7.56,31.338,24.1,7
2026-08-21T18:46:49,2714.6,9.5,1.6,1.6,16,7.563,31.338,24.1,7
2026-08-21T18:46:51,2716.6,9.5,1.55,1.59,16,7.557,31.338,24.1,7
2026-08-21T18:46:53,2718.6,9.4,1.55,1.59,16,7.556,31.338,24.1,7
2026-08-21T18:46:55,2720.6,9.6,1.59,1.59,16,7.557,31.338,24.1,7
2026-08-21T18:46:57,2722.6,9.5,1.59,1.59,16,7.558,31.338,24.1,7
2026-08-21T18:46:59,2724.6,8.9,1.59,1.59,16,7.558,31.338,24.1,7
2026-08-21T18:47:01,2726.6,9.5,1.54,1.58,16,7.558,31.338,24.1,7
2026-08-21T18:47:03,2728.6,9.5,1.54,1.58,16,7.558,31.338,24.1,7
2026-08-21T18:47:05,2730.6,9.7,1.58,1.59,16,7.554,31.338,24.1,7
2026-08-21T18:47:07,2732.6,9.7,1.58,1.59,16,7.553,31.338,24.1,7
2026-08-21T18:47:09,2734.6,9.5,1.58,1.59,16,7.553,31.338,24.1,7
2026-08-21T18:47:11,2736.6,8.8,1.77,1.63,16,7.556,31.338,24.1,7
2026-08-21T18:47:13,2738.6,9.6,1.77,1.63,16,7.556,31.338,24.1,7
2026-08-21T18:47:15,2740.6,9.5,1.79,1.64,16,7.556,31.338,24.1,7
2026-08-21T18:47:17,2742.6,9.6,1.79,1.64,16,7.559,31.338,24.1,7
2026-08-21T18:47:19,2744.6,9.3,1.79,1.64,16,7.554,31.338,24.1,7
2026-08-21T18:47:21,2746.6,9.5,1.73,1.63,16,7.555,31.338,24.1,7
2026-08-21T18:47:23,2748.6,9.3,1.73,1.63,16,7.556,31.338,24.1,7
2026-08-21T18:47:25,2750.6,9.4,1.75,1.63,16,7.553,31.338,24.1,7
2026-08-21T18:47:27,2752.6,9.4,1.75,1.63,16,7.554,31.338,24.1,7
2026-08-21T18:47:29,2754.6,9.4,1.75,1.63,16,7.554,31.338,24.1,7
2026-08-21T18:47:31,2756.6,9.5,1.69,1.62,16,7.554,31.338,24.1,7
2026-08-21T18:47:33,2758.6,9.6,1.69,1.62,16,7.548,31.338,24.1,7
2026-08-21T18:47:35,2760.6,9.5,1.63,1.61,16,7.549,31.338,24.1,7
2026-08-21T18:47:37,2762.6,9.5,1.63,1.61,16,7.551,31.338,24.1,7
2026-08-21T18:47:39,2764.6,9.3,1.63,1.61,16,7.551,31.338,24.1,7
2026-08-21T18:47:41,2766.6,9.3,1.74,1.64,16,7.551,31.338,24.1,7
2026-08-21T18:47:43,2768.6,9.4,1.74,1.64,16,7.551,31.338,24.1,7
2026-08-21T18:47:45,2770.6,9.4,1.68,1.62,16,7.551,31.338,24.1,7
2026-08-21T18:47:47,2772.6,9.5,1.68,1.62,16,7.55,31.338,24.1,7
2026-08-21T18:47:49,2774.6,9.4,1.68,1.62,16,7.548,31.338,24.1,7
2026-08-21T18:47:51,2776.6,9.3,1.79,1.65,16,7.549,31.338,24.1,7
2026-08-21T18:47:53,2778.6,9.5,1.79,1.65,16,7.551,31.338,24.1,7
2026-08-21T18:47:55,2780.6,9.4,1.81,1.65,16,7.552,31.338,24.1,7
2026-08-21T18:47:57,2782.6,9.4,1.81,1.65,16,7.553,31.338,24.1,7
2026-08-21T18:47:59,2784.6,9.3,1.81,1.65,16,7.551,31.338,24.1,7
2026-08-21T18:48:01,2786.6,9.3,1.74,1.64,16,7.543,31.338,24.1,7
2026-08-21T18:48:03,2788.6,9.4,1.74,1.64,16,7.546,31.338,24.1,7
2026-08-21T18:48:05,2790.6,9.4,1.68,1.63,16,7.547,31.338,24.1,7
2026-08-21T18:48:07,2792.6,9.2,1.68,1.63,16,7.548,31.338,24.1,7
2026-08-21T18:48:09,2794.6,9.3,1.68,1.63,16,7.55,31.338,24.1,7
2026-08-21T18:48:11,2796.6,9.4,1.63,1.62,16,7.55,31.338,24.1,7
2026-08-21T18:48:13,2798.6,9.4,1.63,1.62,16,7.55,31.338,24.1,7
2026-08-21T18:48:15,2800.6,9.3,1.5,1.59,16,7.547,31.338,24.1,7
2026-08-21T18:48:17,2802.6,9.3,1.5,1.59,16,7.548,31.338,24.1,7
2026-08-21T18:48:19,2804.6,9.4,1.5,1.59,16,7.548,31.338,24.1,7
2026-08-21T18:48:21,2806.6,8.9,1.46,1.58,16,7.55,31.338,24.1,7
2026-08-21T18:48:23,2808.6,9.3,1.46,1.58,16,7.55,31.338,24.1,7
2026-08-21T18:48:25,2810.6,9.3,1.42,1.57,16,7.55,31.338,24.1,7
2026-08-21T18:48:27,2812.6,9.3,1.42,1.57,16,7.547,31.338,24.1,7
2026-08-21T18:48:29,2814.6,9.5,1.42,1.57,16,7.55,31.338,24.1,7
2026-08-21T18:48:31,2816.6,9.3,1.31,1.55,16,7.55,31.338,24.1,7
2026-08-21T18:48:33,2818.6,9.4,1.31,1.55,16,7.553,31.338,24.1,7
2026-08-21T18:48:35,2820.6,9.5,1.28,1.54,16,7.551,31.338,24.1,7
2026-08-21T18:48:37,2822.6,9.4,1.28,1.54,16,7.552,31.338,24.1,7
2026-08-21T18:48:39,2824.6,9.6,1.28,1.54,16,7.552,31.338,24.1,7
2026-08-21T18:48:41,2826.6,9.4,1.34,1.55,16,7.543,31.338,24.1,7
2026-08-21T18:48:43,2828.6,9.4,1.34,1.55,16,7.546,31.338,24.1,7
2026-08-21T18:48:45,2830.6,9.4,1.31,1.54,16,7.544,31.338,24.1,7
2026-08-21T18:48:47,2832.6,9.3,1.31,1.54,16,7.546,31.338,24.1,7
2026-08-21T18:48:49,2834.7,9.4,1.31,1.54,16,7.547,31.338,24.1,7
2026-08-21T18:48:51,2836.7,9.4,1.21,1.51,16,7.546,31.338,24.1,7
2026-08-21T18:48:53,2838.7,9.4,1.21,1.51,16,7.547,31.338,24.1,7
2026-08-21T18:48:55,2840.7,9.4,1.19,1.5,16,7.549,31.338,24.1,7
2026-08-21T18:48:57,2842.7,9.3,1.19,1.5,16,7.549,31.338,24.1,7
2026-08-21T18:48:59,2844.7,9.5,1.19,1.5,16,7.546,31.338,24.1,7
2026-08-21T18:49:01,2846.7,9.5,1.17,1.49,16,7.548,31.338,24.1,7
2026-08-21T18:49:03,2848.7,7.6,1.17,1.49,16,7.548,31.338,24.1,7
2026-08-21T18:49:05,2850.7,9.3,1.08,1.47,16,7.549,31.338,24.1,7
2026-08-21T18:49:07,2852.7,9.4,1.08,1.47,16,7.547,31.338,24.1,7
2026-08-21T18:49:09,2854.7,9.4,1.08,1.47,16,7.546,31.338,24.1,7
2026-08-21T18:49:11,2856.7,9.3,1.07,1.46,16,7.545,31.338,24.1,7
2026-08-21T18:49:13,2858.7,9.4,1.07,1.46,16,7.545,31.338,24.1,7
2026-08-21T18:49:15,2860.7,9.3,1.07,1.45,16,7.544,31.338,24.1,7
2026-08-21T18:49:17,2862.7,9.4,1.07,1.45,16,7.544,31.338,24.1,7
2026-08-21T18:49:19,2864.7,9.5,1.07,1.45,16,7.545,31.338,24.1,7
2026-08-21T18:49:21,2866.7,9.6,1.06,1.44,16,7.546,31.338,24.1,7
2026-08-21T18:49:23,2868.7,9.5,1.06,1.44,16,7.547,31.338,24.1,7
2026-08-21T18:49:25,2870.7,9.3,1.06,1.44,16,7.546,31.338,24.1,7
2026-08-21T18:49:27,2872.7,9.5,1.06,1.44,16,7.547,31.338,24.1,7
2026-08-21T18:49:29,2874.7,9.5,1.06,1.44,16,7.548,31.338,24.1,7
2026-08-21T18:49:31,2876.7,9.4,1.05,1.43,16,7.548,31.338,24.1,7
2026-08-21T18:49:33,2878.7,9.3,1.05,1.43,16,7.548,31.338,24.1,7
2026-08-21T18:49:35,2880.7,9.5,1.05,1.42,16,7.546,31.338,24.1,7
2026-08-21T18:49:37,2882.7,9.5,1.05,1.42,16,7.548,31.338,24.1,7
2026-08-21T18:49:39,2884.7,9.5,1.05,1.42,16,7.549,31.338,24.1,7
2026-08-21T18:49:41,2886.7,9.5,1.04,1.41,16,7.551,31.338,24.1,7
2026-08-21T18:49:43,2888.7,9.4,1.04,1.41,16,7.551,31.338,24.1,7
2026-08-21T18:49:45,2890.7,9.4,1.12,1.42,16,7.554,31.338,24.1,7
2026-08-21T18:49:47,2892.7,9.3,1.12,1.42,16,7.554,31.338,24.1,7
2026-08-21T18:49:49,2894.7,9.4,1.12,1.42,16,7.549,31.338,24.1,7
2026-08-21T18:49:51,2896.7,9.3,1.11,1.42,16,7.551,31.338,24.1,7
2026-08-21T18:49:53,2898.7,8.9,1.11,1.42,16,7.551,31.338,24.1,7
2026-08-21T18:49:55,2900.7,9.5,1.1,1.41,16,7.553,31.338,24.1,7
2026-08-21T18:49:57,2902.7,9.5,1.1,1.41,16,7.552,31.338,24.1,7
2026-08-21T18:49:59,2904.7,8.2,1.1,1.41,16,7.552,31.338,24.1,7
2026-08-21T18:50:01,2906.7,6.5,1.09,1.4,16,7.552,31.338,24.1,7
2026-08-21T18:50:03,2908.7,6.6,1.09,1.4,16,7.552,31.338,24.1,7
2026-08-21T18:50:05,2910.7,6.6,1.08,1.4,16,7.554,31.338,24.1,7
2026-08-21T18:50:07,2912.7,6.5,1.08,1.4,16,7.554,31.338,24.1,7
2026-08-21T18:50:09,2914.7,6.5,1.08,1.4,16,7.552,31.338,24.1,7
2026-08-21T18:50:11,2916.7,6.7,1.08,1.39,16,7.556,31.338,24.1,7
2026-08-21T18:50:13,2918.7,6.5,1.08,1.39,16,7.553,31.338,24.1,7
2026-08-21T18:50:15,2920.7,6.5,1.07,1.38,16,7.553,31.338,24.1,7
2026-08-21T18:50:17,2922.7,6.6,1.07,1.38,16,7.55,31.338,24.1,7
2026-08-21T18:50:19,2924.7,6.6,1.07,1.38,16,7.55,31.338,24.1,7
2026-08-21T18:50:21,2926.7,4.9,0.99,1.36,16,6.693,31.338,21.4,5
2026-08-21T18:50:23,2928.7,6.5,0.99,1.36,16,6.691,31.338,21.4,5
2026-08-21T18:50:25,2930.7,6.4,0.99,1.35,16,6.692,31.338,21.4,5
2026-08-21T18:50:27,2932.7,9.5,0.99,1.35,16,6.876,31.338,21.9,8
2026-08-21T18:50:29,2934.7,25.5,0.99,1.35,16,8.295,31.338,26.5,9
2026-08-21T18:50:31,2936.7,18.9,1.23,1.4,16,8.481,31.338,27.1,9
2026-08-21T18:50:33,2938.7,14.0,1.23,1.4,16,8.481,31.338,27.1,9
2026-08-21T18:50:35,2940.7,13.8,1.21,1.39,16,8.474,31.338,27.0,9
2026-08-21T18:50:37,2942.7,13.7,1.21,1.39,16,8.474,31.338,27.0,9
2026-08-21T18:50:39,2944.7,13.4,1.21,1.39,16,8.475,31.338,27.0,9
2026-08-21T18:50:41,2946.7,13.6,1.19,1.38,16,8.467,31.338,27.0,9
2026-08-21T18:50:43,2948.7,13.5,1.19,1.38,16,8.465,31.338,27.0,9
2026-08-21T18:50:45,2950.7,13.3,1.18,1.38,16,8.451,31.338,27.0,9
2026-08-21T18:50:47,2952.7,13.5,1.18,1.38,16,8.453,31.338,27.0,9
2026-08-21T18:50:49,2954.7,13.8,1.18,1.38,16,8.45,31.338,27.0,9
2026-08-21T18:50:51,2956.7,13.4,1.16,1.37,16,8.442,31.338,26.9,9
2026-08-21T18:50:53,2958.7,13.3,1.16,1.37,16,8.435,31.338,26.9,9
2026-08-21T18:50:55,2960.7,13.5,1.63,1.46,16,8.42,31.338,26.9,9
2026-08-21T18:50:57,2962.7,13.2,1.63,1.46,16,8.419,31.338,26.9,9
2026-08-21T18:50:59,2964.7,13.7,1.63,1.46,16,8.41,31.338,26.8,9
2026-08-21T18:51:01,2966.7,13.5,1.58,1.46,16,8.412,31.338,26.8,9
2026-08-21T18:51:03,2968.7,12.6,1.58,1.46,16,8.414,31.338,26.8,9
2026-08-21T18:51:05,2970.7,13.3,1.77,1.5,16,8.41,31.338,26.8,9
2026-08-21T18:51:07,2972.7,13.3,1.77,1.5,16,8.415,31.338,26.9,9
2026-08-21T18:51:09,2974.7,13.5,1.77,1.5,16,8.42,31.338,26.9,9
2026-08-21T18:51:11,2976.7,13.5,1.71,1.49,16,8.419,31.338,26.9,9
2026-08-21T18:51:13,2978.7,13.7,1.71,1.49,16,8.421,31.338,26.9,9
2026-08-21T18:51:15,2980.7,13.6,1.65,1.48,16,8.433,31.338,26.9,9
2026-08-21T18:51:17,2982.7,11.3,1.65,1.48,16,8.433,31.338,26.9,9
2026-08-21T18:51:19,2984.7,13.5,1.65,1.48,16,8.426,31.338,26.9,9
2026-08-21T18:51:21,2986.7,13.7,1.6,1.47,16,8.426,31.338,26.9,9
2026-08-21T18:51:23,2988.7,13.7,1.6,1.47,16,8.43,31.338,26.9,9
2026-08-21T18:51:25,2990.7,13.5,1.55,1.47,16,8.427,31.338,26.9,9
2026-08-21T18:51:27,2992.7,13.7,1.55,1.47,16,8.429,31.338,26.9,9
2026-08-21T18:51:29,2994.7,13.4,1.55,1.47,16,8.423,31.338,26.9,9
2026-08-21T18:51:31,2996.7,13.4,1.75,1.51,16,8.425,31.338,26.9,9
2026-08-21T18:51:33,2998.7,13.4,1.75,1.51,16,8.428,31.338,26.9,9
2026-08-21T18:51:35,3000.7,13.5,1.77,1.52,16,8.425,31.338,26.9,9
2026-08-21T18:51:37,3002.7,13.0,1.77,1.52,16,8.469,31.338,27.0,9
2026-08-21T18:51:39,3004.7,11.0,1.77,1.52,16,8.461,31.338,27.0,9
2026-08-21T18:51:41,3006.7,13.3,1.71,1.51,16,8.444,31.338,26.9,9
2026-08-21T18:51:43,3008.7,13.4,1.71,1.51,16,8.443,31.338,26.9,9
2026-08-21T18:51:45,3010.7,13.4,1.81,1.53,16,8.439,31.338,26.9,9
2026-08-21T18:51:47,3012.7,13.5,1.81,1.53,16,8.443,31.338,26.9,9
2026-08-21T18:51:49,3014.7,13.4,1.81,1.53,16,8.444,31.338,26.9,9
2026-08-21T18:51:51,3016.7,13.5,1.99,1.57,16,8.446,31.338,26.9,9
2026-08-21T18:51:53,3018.7,13.5,1.99,1.57,16,8.441,31.338,26.9,9
2026-08-21T18:51:55,3020.7,13.8,1.91,1.56,16,8.436,31.338,26.9,9
2026-08-21T18:51:57,3022.7,13.6,1.91,1.56,16,8.434,31.338,26.9,9
2026-08-21T18:51:59,3024.7,13.5,1.91,1.56,16,8.435,31.338,26.9,9
2026-08-21T18:52:01,3026.7,13.5,2.08,1.6,16,8.435,31.338,26.9,9
2026-08-21T18:52:03,3028.7,13.5,2.08,1.6,16,8.436,31.338,26.9,9
2026-08-21T18:52:05,3030.7,12.0,1.99,1.59,16,8.434,31.338,26.9,9
2026-08-21T18:52:07,3032.7,13.2,1.99,1.59,16,8.434,31.338,26.9,9
2026-08-21T18:52:09,3034.7,13.1,1.99,1.59,16,8.434,31.338,26.9,9
2026-08-21T18:52:11,3036.7,13.3,1.91,1.58,16,8.433,31.338,26.9,9
2026-08-21T18:52:13,3038.7,12.0,1.91,1.58,16,8.43,31.338,26.9,9
2026-08-21T18:52:15,3040.7,13.3,1.84,1.57,16,8.426,31.338,26.9,9
2026-08-21T18:52:17,3042.7,13.4,1.84,1.57,16,8.429,31.338,26.9,9
2026-08-21T18:52:19,3044.7,14.0,1.84,1.57,16,8.433,31.338,26.9,9
2026-08-21T18:52:21,3046.7,14.2,2.01,1.61,16,8.432,31.338,26.9,9
2026-08-21T18:52:23,3048.7,13.8,2.01,1.61,16,8.433,31.338,26.9,9
2026-08-21T18:52:25,3050.7,13.9,2.17,1.65,16,8.436,31.338,26.9,9
2026-08-21T18:52:27,3052.7,13.5,2.17,1.65,16,8.436,31.338,26.9,9
2026-08-21T18:52:29,3054.7,13.5,2.17,1.65,16,8.44,31.338,26.9,9
2026-08-21T18:52:31,3056.7,13.4,2.08,1.64,16,8.44,31.338,26.9,9
2026-08-21T18:52:33,3058.7,13.4,2.08,1.64,16,8.442,31.338,26.9,9
2026-08-21T18:52:35,3060.7,13.6,1.99,1.63,16,8.436,31.338,26.9,9
2026-08-21T18:52:37,3062.7,13.3,1.99,1.63,16,8.436,31.338,26.9,9
2026-08-21T18:52:39,3064.7,13.4,1.99,1.63,16,8.441,31.338,26.9,9
2026-08-21T18:52:41,3066.7,13.6,2.23,1.69,16,8.436,31.338,26.9,9
2026-08-21T18:52:43,3068.7,13.2,2.23,1.69,16,8.437,31.338,26.9,9
2026-08-21T18:52:45,3070.7,13.4,2.13,1.68,16,8.438,31.338,26.9,9
2026-08-21T18:52:47,3072.7,12.3,2.13,1.68,16,8.438,31.338,26.9,9
2026-08-21T18:52:49,3074.7,13.0,2.13,1.68,16,8.433,31.338,26.9,9
2026-08-21T18:52:51,3076.7,13.2,2.28,1.72,16,8.436,31.338,26.9,9
2026-08-21T18:52:53,3078.7,13.1,2.28,1.72,16,8.435,31.338,26.9,9
2026-08-21T18:52:55,3080.7,13.4,2.42,1.75,16,8.435,31.338,26.9,9
2026-08-21T18:52:57,3082.7,13.1,2.42,1.75,16,8.43,31.338,26.9,9
2026-08-21T18:52:59,3084.7,13.2,2.42,1.75,16,8.43,31.338,26.9,9
2026-08-21T18:53:01,3086.7,13.1,2.55,1.79,16,8.43,31.338,26.9,9
2026-08-21T18:53:03,3088.7,13.4,2.55,1.79,16,8.431,31.338,26.9,9
2026-08-21T18:53:05,3090.7,11.9,2.66,1.83,16,8.432,31.338,26.9,9
2026-08-21T18:53:07,3092.7,13.2,2.66,1.83,16,8.43,31.338,26.9,9
2026-08-21T18:53:09,3094.7,13.1,2.66,1.83,16,8.429,31.338,26.9,9
2026-08-21T18:53:11,3096.7,13.2,2.53,1.81,16,8.428,31.338,26.9,9
2026-08-21T18:53:13,3098.7,13.4,2.53,1.81,16,8.429,31.338,26.9,9
2026-08-21T18:53:15,3100.7,13.1,2.49,1.82,16,8.429,31.338,26.9,9
2026-08-21T18:53:17,3102.7,13.3,2.49,1.82,16,8.426,31.338,26.9,9
2026-08-21T18:53:19,3104.7,13.2,2.49,1.82,16,8.433,31.338,26.9,9
2026-08-21T18:53:21,3106.7,13.2,2.61,1.85,16,8.429,31.338,26.9,9
2026-08-21T18:53:23,3108.7,8.2,2.61,1.85,16,8.43,31.338,26.9,9
2026-08-21T18:53:25,3110.7,6.6,2.48,1.84,16,8.428,31.338,26.9,9
2026-08-21T18:53:27,3112.7,6.6,2.48,1.84,16,8.428,31.338,26.9,9
2026-08-21T18:53:29,3114.7,6.7,2.48,1.84,16,8.428,31.338,26.9,9
2026-08-21T18:53:31,3116.7,6.5,2.36,1.83,16,8.428,31.338,26.9,9
2026-08-21T18:53:33,3118.7,6.6,2.36,1.83,16,8.429,31.338,26.9,9
2026-08-21T18:53:35,3120.7,6.6,2.25,1.81,16,8.426,31.338,26.9,9
2026-08-21T18:53:37,3122.7,6.1,2.25,1.81,16,6.71,31.338,21.4,5
2026-08-21T18:53:39,3124.7,41.8,2.25,1.81,16,9.268,31.338,29.6,13
2026-08-21T18:53:41,3126.7,44.4,2.71,1.91,16,10.148,31.338,32.4,13
2026-08-21T18:53:43,3128.7,21.9,2.71,1.91,16,10.151,31.338,32.4,13
2026-08-21T18:53:45,3130.7,20.6,2.82,1.95,16,10.153,31.338,32.4,13
2026-08-21T18:53:47,3132.7,20.4,2.82,1.95,16,10.154,31.338,32.4,13
2026-08-21T18:53:49,3134.7,20.2,2.82,1.95,16,10.155,31.338,32.4,13
2026-08-21T18:53:51,3136.7,20.1,2.67,1.93,16,10.155,31.338,32.4,13
2026-08-21T18:53:53,3138.7,20.3,2.67,1.93,16,10.152,31.338,32.4,13
2026-08-21T18:53:55,3140.7,19.7,2.54,1.92,16,10.151,31.338,32.4,13
2026-08-21T18:53:57,3142.7,20.1,2.54,1.92,16,10.145,31.338,32.4,13
2026-08-21T18:53:59,3144.7,20.1,2.54,1.92,16,10.145,31.338,32.4,13
2026-08-21T18:54:01,3146.7,20.2,2.65,1.95,16,10.144,31.338,32.4,13
2026-08-21T18:54:03,3148.7,17.2,2.65,1.95,16,10.14,31.338,32.4,13
2026-08-21T18:54:05,3150.7,12.6,2.52,1.94,16,10.132,31.338,32.3,13
2026-08-21T18:54:07,3152.7,20.0,2.52,1.94,16,10.127,31.338,32.3,13
2026-08-21T18:54:09,3154.7,19.5,2.52,1.94,16,10.115,31.338,32.3,13
2026-08-21T18:54:11,3156.7,19.6,2.4,1.92,16,10.113,31.338,32.3,13
2026-08-21T18:54:13,3158.7,19.5,2.4,1.92,16,10.113,31.338,32.3,13
2026-08-21T18:54:15,3160.7,19.9,2.29,1.9,16,10.112,31.338,32.3,13
2026-08-21T18:54:17,3162.7,19.9,2.29,1.9,16,10.112,31.338,32.3,13
2026-08-21T18:54:19,3164.7,19.6,2.29,1.9,16,10.112,31.338,32.3,13
2026-08-21T18:54:21,3166.7,19.7,2.34,1.92,16,10.112,31.338,32.3,13
2026-08-21T18:54:23,3168.7,20.0,2.34,1.92,16,10.116,31.338,32.3,13
2026-08-21T18:54:25,3170.7,19.5,2.8,2.02,16,10.112,31.338,32.3,13
2026-08-21T18:54:27,3172.7,18.1,2.8,2.02,16,10.105,31.338,32.2,13
2026-08-21T18:54:29,3174.7,15.1,2.8,2.02,16,10.106,31.338,32.2,13
2026-08-21T18:54:31,3176.7,20.1,2.65,2.01,16,10.106,31.338,32.2,13
2026-08-21T18:54:33,3178.7,20.0,2.65,2.01,16,10.109,31.338,32.3,13
2026-08-21T18:54:36,3180.7,17.8,2.52,1.99,16,10.109,31.338,32.3,13
2026-08-21T18:54:38,3182.7,20.3,2.52,1.99,16,10.103,31.338,32.2,13
2026-08-21T18:54:40,3184.7,19.8,2.52,1.99,16,10.101,31.338,32.2,13
2026-08-21T18:54:42,3186.7,20.1,2.4,1.97,16,10.102,31.338,32.2,13
2026-08-21T18:54:44,3188.7,19.9,2.4,1.97,16,10.104,31.338,32.2,13
2026-08-21T18:54:46,3190.7,20.1,2.29,1.96,16,10.106,31.338,32.2,13
2026-08-21T18:54:48,3192.7,20.1,2.29,1.96,16,10.107,31.338,32.3,13
2026-08-21T18:54:50,3194.7,20.1,2.29,1.96,16,10.112,31.338,32.3,13
2026-08-21T18:54:52,3196.7,17.6,2.18,1.94,16,10.11,31.338,32.3,13
2026-08-21T18:54:54,3198.7,16.5,2.18,1.94,16,10.108,31.338,32.3,13
2026-08-21T18:54:56,3200.7,19.7,2.65,2.04,16,10.107,31.338,32.2,13
2026-08-21T18:54:58,3202.7,19.7,2.65,2.04,16,10.107,31.338,32.3,13
2026-08-21T18:55:00,3204.7,19.9,2.65,2.04,16,10.108,31.338,32.3,13
2026-08-21T18:55:02,3206.7,19.9,2.68,2.06,16,10.109,31.338,32.3,13
2026-08-21T18:55:04,3208.7,19.9,2.68,2.06,16,10.107,31.338,32.3,13
2026-08-21T18:55:06,3210.7,19.4,2.54,2.04,16,10.107,31.338,32.3,13
2026-08-21T18:55:08,3212.7,19.8,2.54,2.04,16,10.107,31.338,32.3,13
2026-08-21T18:55:10,3214.7,19.5,2.54,2.04,16,10.103,31.338,32.2,13
2026-08-21T18:55:12,3216.7,19.9,2.66,2.07,16,10.228,31.338,32.6,13
2026-08-21T18:55:14,3218.7,20.0,2.66,2.07,16,10.177,31.338,32.5,13
2026-08-21T18:55:16,3220.7,14.6,2.53,2.05,16,10.171,31.338,32.5,13
2026-08-21T18:55:18,3222.7,13.6,2.53,2.05,16,10.162,31.338,32.4,13
2026-08-21T18:55:20,3224.7,19.9,2.53,2.05,16,10.156,31.338,32.4,13
2026-08-21T18:55:22,3226.7,19.6,2.48,2.05,16,10.153,31.338,32.4,13
2026-08-21T18:55:24,3228.7,20.0,2.48,2.05,16,10.153,31.338,32.4,13
2026-08-21T18:55:26,3230.7,19.6,2.36,2.04,16,10.153,31.338,32.4,13
2026-08-21T18:55:28,3232.7,19.3,2.36,2.04,16,10.154,31.338,32.4,13
2026-08-21T18:55:30,3234.7,19.8,2.36,2.04,16,10.15,31.338,32.4,13
2026-08-21T18:55:32,3236.7,19.1,2.26,2.02,16,10.149,31.338,32.4,13
2026-08-21T18:55:34,3238.7,19.7,2.26,2.02,16,10.154,31.338,32.4,13
2026-08-21T18:55:36,3240.7,19.7,2.15,2.0,16,10.154,31.338,32.4,13
2026-08-21T18:55:38,3242.7,19.5,2.15,2.0,16,10.153,31.338,32.4,13
2026-08-21T18:55:40,3244.7,18.3,2.15,2.0,16,10.153,31.338,32.4,13
2026-08-21T18:55:42,3246.7,6.8,2.06,1.98,16,10.152,31.338,32.4,13
2026-08-21T18:55:44,3248.7,6.8,2.06,1.98,16,10.15,31.338,32.4,13
2026-08-21T18:55:46,3250.7,6.8,2.06,1.98,16,10.146,31.338,32.4,13
2026-08-21T18:55:48,3252.7,6.7,2.06,1.98,16,10.142,31.338,32.4,13
2026-08-21T18:55:50,3254.7,6.8,2.06,1.98,16,10.141,31.338,32.4,13
2026-08-21T18:55:52,3256.7,6.7,1.97,1.97,16,10.143,31.338,32.4,13
2026-08-21T18:55:54,3258.7,6.7,1.97,1.97,16,10.146,31.338,32.4,13
2026-08-21T18:55:56,3260.7,6.8,1.89,1.95,16,12.833,31.338,40.9,13
2026-08-21T18:55:58,3262.7,6.7,1.89,1.95,16,12.795,31.338,40.8,13
2026-08-21T18:56:00,3264.7,6.7,1.89,1.95,16,12.818,31.338,40.9,13
2026-08-21T18:56:02,3266.7,6.6,1.82,1.94,16,12.849,31.338,41.0,13
2026-08-21T18:56:04,3268.7,6.7,1.82,1.94,16,12.862,31.338,41.0,13
2026-08-21T18:56:06,3270.7,6.7,1.76,1.92,16,12.885,31.338,41.1,13
2026-08-21T18:56:08,3272.7,6.7,1.76,1.92,16,12.908,31.338,41.2,13
2026-08-21T18:56:10,3274.7,6.8,1.76,1.92,16,12.931,31.338,41.3,13
2026-08-21T18:56:12,3276.8,6.7,1.7,1.9,16,12.961,31.338,41.4,13
2026-08-21T18:56:14,3278.8,6.6,1.7,1.9,16,12.96,31.338,41.4,13
2026-08-21T18:56:16,3280.8,6.7,1.64,1.89,16,12.92,31.338,41.2,13
2026-08-21T18:56:18,3282.8,6.7,1.64,1.89,16,12.944,31.338,41.3,13
2026-08-21T18:56:20,3284.8,6.7,1.64,1.89,16,12.948,31.338,41.3,13
2026-08-21T18:56:22,3286.8,6.8,1.59,1.87,16,12.987,31.338,41.4,13
2026-08-21T18:56:24,3288.8,6.7,1.59,1.87,16,12.977,31.338,41.4,13
2026-08-21T18:56:26,3290.8,6.7,1.54,1.86,16,12.976,31.338,41.4,13
2026-08-21T18:56:28,3292.8,6.7,1.54,1.86,16,13.007,31.338,41.5,13
2026-08-21T18:56:30,3294.8,6.7,1.54,1.86,16,13.049,31.338,41.6,13
2026-08-21T18:56:32,3296.8,6.7,1.5,1.85,16,13.076,31.338,41.7,13
2026-08-21T18:56:34,3298.8,6.7,1.5,1.85,16,11.994,31.338,38.3,13
2026-08-21T18:56:36,3300.8,5.6,1.46,1.83,16,6.77,31.338,21.6,5
2026-08-21T18:56:38,3302.8,6.5,1.46,1.83,16,6.757,31.338,21.6,5
2026-08-21T18:56:40,3304.8,6.6,1.46,1.83,16,6.747,31.338,21.5,5
2026-08-21T18:56:42,3306.8,6.6,1.42,1.82,16,6.711,31.338,21.4,5
2026-08-21T18:56:44,3308.8,6.5,1.42,1.82,16,6.714,31.338,21.4,5
2026-08-21T18:56:46,3310.8,6.6,1.39,1.8,16,6.719,31.338,21.4,5
2026-08-21T18:56:48,3312.8,6.6,1.39,1.8,16,6.708,31.338,21.4,5
2026-08-21T18:56:50,3314.8,6.5,1.39,1.8,16,6.708,31.338,21.4,5
2026-08-21T18:56:52,3316.8,6.5,1.36,1.79,16,6.711,31.338,21.4,5
2026-08-21T18:56:54,3318.8,6.6,1.36,1.79,16,6.711,31.338,21.4,5
2026-08-21T18:56:56,3320.8,6.6,1.33,1.78,16,6.717,31.338,21.4,5
2026-08-21T18:56:58,3322.8,43.8,1.33,1.78,16,9.754,31.338,31.1,20
2026-08-21T18:57:00,3324.8,99.2,1.33,1.78,16,12.321,31.338,39.3,21
2026-08-21T18:57:02,3326.8,84.9,2.5,2.01,16,13.563,31.338,43.3,21
2026-08-21T18:57:04,3328.8,30.2,2.5,2.01,16,13.575,31.338,43.3,21
2026-08-21T18:57:06,3330.8,28.5,3.18,2.16,16,13.594,31.338,43.4,21
2026-08-21T18:57:08,3332.8,28.4,3.18,2.16,16,13.587,31.338,43.4,21
2026-08-21T18:57:10,3334.8,22.7,3.18,2.16,16,13.588,31.338,43.4,21
2026-08-21T18:57:12,3336.8,28.6,3.17,2.18,16,13.588,31.338,43.4,21
2026-08-21T18:57:14,3338.8,28.8,3.17,2.18,16,13.579,31.338,43.3,21
2026-08-21T18:57:16,3340.8,28.2,3.23,2.21,16,13.582,31.338,43.3,21
2026-08-21T18:57:18,3342.8,28.4,3.23,2.21,16,13.58,31.338,43.3,21
2026-08-21T18:57:20,3344.8,27.5,3.23,2.21,16,13.583,31.338,43.3,21
2026-08-21T18:57:22,3346.8,28.3,3.06,2.19,16,13.578,31.338,43.3,21
2026-08-21T18:57:24,3348.8,28.4,3.06,2.19,16,13.564,31.338,43.3,21
2026-08-21T18:57:26,3350.8,28.5,2.97,2.18,16,13.542,31.338,43.2,21
2026-08-21T18:57:28,3352.8,25.8,2.97,2.18,16,13.529,31.338,43.2,21
2026-08-21T18:57:30,3354.8,28.8,2.97,2.18,16,13.513,31.338,43.1,21
2026-08-21T18:57:32,3356.8,28.8,2.97,2.2,16,13.516,31.338,43.1,21
2026-08-21T18:57:34,3358.8,28.9,2.97,2.2,16,13.516,31.338,43.1,21
2026-08-21T18:57:36,3360.8,28.1,3.06,2.23,16,13.517,31.338,43.1,21
2026-08-21T18:57:38,3362.8,23.0,3.06,2.23,16,13.514,31.338,43.1,21
2026-08-21T18:57:40,3364.8,28.5,3.06,2.23,16,13.51,31.338,43.1,21
2026-08-21T18:57:42,3366.8,28.8,3.05,2.24,16,13.504,31.338,43.1,21
2026-08-21T18:57:44,3368.8,28.5,3.05,2.24,16,13.507,31.338,43.1,21
2026-08-21T18:57:46,3370.8,28.5,3.13,2.27,16,13.507,31.338,43.1,21
2026-08-21T18:57:48,3372.8,28.2,3.13,2.27,16,13.511,31.338,43.1,21
2026-08-21T18:57:50,3374.8,28.2,3.13,2.27,16,13.511,31.338,43.1,21
2026-08-21T18:57:52,3376.8,24.5,2.96,2.25,16,13.511,31.338,43.1,21
2026-08-21T18:57:54,3378.8,28.0,2.96,2.25,16,13.506,31.338,43.1,21
2026-08-21T18:57:56,3380.8,14.1,2.8,2.23,16,13.507,31.338,43.1,21
2026-08-21T18:57:58,3382.8,28.4,2.8,2.23,16,13.503,31.338,43.1,21
2026-08-21T18:58:00,3384.8,27.9,2.8,2.23,16,13.503,31.338,43.1,21
2026-08-21T18:58:02,3386.8,28.2,2.66,2.21,16,13.504,31.338,43.1,21
2026-08-21T18:58:04,3388.8,28.1,2.66,2.21,16,13.504,31.338,43.1,21
2026-08-21T18:58:06,3390.8,28.4,2.52,2.19,16,13.485,31.338,43.0,21
2026-08-21T18:58:08,3392.8,27.9,2.52,2.19,16,13.489,31.338,43.0,21
2026-08-21T18:58:10,3394.8,28.2,2.52,2.19,16,13.492,31.338,43.1,21
2026-08-21T18:58:12,3396.8,27.7,3.92,2.48,16,13.492,31.338,43.1,21
2026-08-21T18:58:14,3398.8,23.3,3.92,2.48,16,13.492,31.338,43.1,21
2026-08-21T18:58:16,3400.8,28.2,3.69,2.46,16,13.493,31.338,43.1,21
2026-08-21T18:58:18,3402.8,27.9,3.69,2.46,16,13.494,31.338,43.1,21
2026-08-21T18:58:20,3404.8,27.7,3.69,2.46,16,13.492,31.338,43.1,21
2026-08-21T18:58:22,3406.8,24.5,3.87,2.52,16,13.49,31.338,43.0,21
2026-08-21T18:58:24,3408.8,28.0,3.87,2.52,16,13.493,31.338,43.1,21
2026-08-21T18:58:26,3410.8,28.1,3.72,2.51,16,13.494,31.338,43.1,21
2026-08-21T18:58:28,3412.8,28.1,3.72,2.51,16,13.492,31.338,43.1,21
2026-08-21T18:58:30,3414.8,27.8,3.72,2.51,16,13.489,31.338,43.0,21
2026-08-21T18:58:32,3416.8,15.6,3.67,2.52,16,13.485,31.338,43.0,21
2026-08-21T18:58:34,3418.8,6.9,3.67,2.52,16,13.487,31.338,43.0,21
2026-08-21T18:58:36,3420.8,6.9,3.53,2.51,16,13.482,31.338,43.0,21
2026-08-21T18:58:38,3422.8,7.0,3.53,2.51,16,13.524,31.338,43.2,21
2026-08-21T18:58:40,3424.8,6.9,3.53,2.51,16,13.525,31.338,43.2,21
2026-08-21T18:58:42,3426.8,6.8,3.33,2.48,16,13.502,31.338,43.1,21
2026-08-21T18:58:44,3428.8,6.9,3.33,2.48,16,13.503,31.338,43.1,21
2026-08-21T18:58:46,3430.8,6.9,3.14,2.46,16,13.498,31.338,43.1,21
2026-08-21T18:58:48,3432.8,6.8,3.14,2.46,16,13.492,31.338,43.1,21
2026-08-21T18:58:50,3434.8,6.9,3.14,2.46,16,13.492,31.338,43.1,21
2026-08-21T18:58:52,3436.8,6.9,2.97,2.43,16,13.484,31.338,43.0,21
2026-08-21T18:58:54,3438.8,6.9,2.97,2.43,16,13.484,31.338,43.0,21
2026-08-21T18:58:56,3440.8,6.9,2.81,2.41,16,13.484,31.338,43.0,21
2026-08-21T18:58:58,3442.8,12.0,2.81,2.41,16,6.716,31.338,21.4,5
2026-08-21T18:59:00,3444.8,6.5,2.81,2.41,16,6.715,31.338,21.4,5
2026-08-21T18:59:02,3446.8,6.6,2.67,2.38,16,6.718,31.338,21.4,5
2026-08-21T18:59:04,3448.8,6.6,2.67,2.38,16,6.721,31.338,21.4,5
