timestamp,elapsed_sec,cpu_pct,load1,load5,nproc,mem_used_gb,mem_total_gb,mem_pct,ray_procs
2026-08-21T23:31:18,0.0,15.2,0.53,0.45,8,9.31,15.406,60.4,1
2026-08-21T23:31:20,2.0,54.5,0.53,0.45,8,10.079,15.406,65.4,13
2026-08-21T23:31:22,4.0,74.6,1.36,0.63,8,11.113,15.406,72.1,21
2026-08-21T23:31:24,6.0,58.3,1.36,0.63,8,11.565,15.406,75.1,21
2026-08-21T23:31:26,8.0,30.6,1.36,0.63,8,11.793,15.406,76.5,21
2026-08-21T23:31:28,10.0,58.0,1.66,0.7,8,11.846,15.406,76.9,21
2026-08-21T23:31:30,12.0,67.7,1.66,0.7,8,11.809,15.406,76.7,21
2026-08-21T23:31:32,14.0,68.9,1.92,0.77,8,11.967,15.406,77.7,21
2026-08-21T23:31:34,16.0,70.7,1.92,0.77,8,11.942,15.406,77.5,21
2026-08-21T23:31:36,18.0,68.4,1.92,0.77,8,11.94,15.406,77.5,21
2026-08-21T23:31:38,20.0,68.0,2.17,0.84,8,11.975,15.406,77.7,21
2026-08-21T23:31:40,22.0,66.2,2.17,0.84,8,11.975,15.406,77.7,21
2026-08-21T23:31:42,24.0,70.6,2.4,0.91,8,12.113,15.406,78.6,21
2026-08-21T23:31:44,26.0,65.7,2.4,0.91,8,12.107,15.406,78.6,21
2026-08-21T23:31:46,28.0,66.0,2.4,0.91,8,12.111,15.406,78.6,21
2026-08-21T23:31:48,30.0,67.7,2.69,0.99,8,12.064,15.406,78.3,21
2026-08-21T23:31:50,32.0,67.5,2.69,0.99,8,12.041,15.406,78.2,21
2026-08-21T23:31:52,34.0,69.2,3.11,1.11,8,12.035,15.406,78.1,21
2026-08-21T23:31:54,36.0,76.9,3.11,1.11,8,12.068,15.406,78.3,21
2026-08-21T23:31:56,38.0,82.3,3.11,1.11,8,12.342,15.406,80.1,21
2026-08-21T23:31:58,40.0,73.3,3.34,1.19,8,12.383,15.406,80.4,21
2026-08-21T23:32:00,42.0,80.4,3.34,1.19,8,12.287,15.406,79.8,21
2026-08-21T23:32:02,44.0,89.9,4.28,1.42,8,12.325,15.406,80.0,21
2026-08-21T23:32:04,46.0,88.6,4.28,1.42,8,12.22,15.406,79.3,21
2026-08-21T23:32:06,48.0,80.3,4.28,1.42,8,12.326,15.406,80.0,21
2026-08-21T23:32:08,50.0,86.7,4.82,1.58,8,12.189,15.406,79.1,21
2026-08-21T23:32:10,52.0,83.3,4.82,1.58,8,12.12,15.406,78.7,21
2026-08-21T23:32:12,54.0,82.2,4.91,1.66,8,12.144,15.406,78.8,21
2026-08-21T23:32:14,56.0,86.7,4.91,1.66,8,12.181,15.406,79.1,21
2026-08-21T23:32:16,58.0,70.6,4.91,1.66,8,12.209,15.406,79.3,21
2026-08-21T23:32:18,60.0,72.9,5.08,1.74,8,12.224,15.406,79.4,21
2026-08-21T23:32:20,62.0,81.5,5.08,1.74,8,12.214,15.406,79.3,21
2026-08-21T23:32:22,64.0,79.4,5.31,1.85,8,12.221,15.406,79.3,21
2026-08-21T23:32:24,66.0,79.9,5.31,1.85,8,12.259,15.406,79.6,21
2026-08-21T23:32:26,68.0,82.5,5.31,1.85,8,12.254,15.406,79.5,21
2026-08-21T23:32:28,70.0,77.1,5.45,1.93,8,12.255,15.406,79.6,21
2026-08-21T23:32:30,72.0,83.4,5.45,1.93,8,12.239,15.406,79.4,21
2026-08-21T23:32:32,74.0,82.1,5.81,2.07,8,12.222,15.406,79.3,21
2026-08-21T23:32:34,76.0,67.3,5.81,2.07,8,12.183,15.406,79.1,21
2026-08-21T23:32:36,78.0,68.5,5.81,2.07,8,12.148,15.406,78.9,21
2026-08-21T23:32:38,80.0,72.5,6.23,2.22,8,12.242,15.406,79.5,21
2026-08-21T23:32:40,82.0,68.3,6.23,2.22,8,12.236,15.406,79.4,21
2026-08-21T23:32:42,84.0,74.0,6.37,2.31,8,12.101,15.406,78.6,21
2026-08-21T23:32:44,86.0,66.6,6.37,2.31,8,12.029,15.406,78.1,21
2026-08-21T23:32:46,88.0,63.1,6.37,2.31,8,11.923,15.406,77.4,21
2026-08-21T23:32:48,90.0,68.0,6.66,2.44,8,11.899,15.406,77.2,21
2026-08-21T23:32:50,92.0,65.8,6.66,2.44,8,11.893,15.406,77.2,21
2026-08-21T23:32:52,94.0,71.3,6.45,2.47,8,11.949,15.406,77.6,21
2026-08-21T23:32:54,96.0,65.4,6.45,2.47,8,11.944,15.406,77.5,21
2026-08-21T23:32:56,98.0,68.0,6.45,2.47,8,11.975,15.406,77.7,21
2026-08-21T23:32:58,100.0,70.6,6.33,2.51,8,11.892,15.406,77.2,21
2026-08-21T23:33:00,102.0,65.3,6.33,2.51,8,11.848,15.406,76.9,21
2026-08-21T23:33:02,104.0,70.5,6.22,2.55,8,11.847,15.406,76.9,21
2026-08-21T23:33:04,106.0,67.8,6.22,2.55,8,11.894,15.406,77.2,21
2026-08-21T23:33:06,108.0,65.5,6.22,2.55,8,11.893,15.406,77.2,21
2026-08-21T23:33:08,110.0,67.0,6.29,2.63,8,11.893,15.406,77.2,21
2026-08-21T23:33:10,112.0,61.9,6.29,2.63,8,11.948,15.406,77.6,21
2026-08-21T23:33:12,114.0,67.7,6.26,2.68,8,11.943,15.406,77.5,21
2026-08-21T23:33:14,116.0,66.7,6.26,2.68,8,11.941,15.406,77.5,21
2026-08-21T23:33:16,118.0,68.1,6.26,2.68,8,11.939,15.406,77.5,21
2026-08-21T23:33:18,120.0,64.6,6.24,2.74,8,11.937,15.406,77.5,21
2026-08-21T23:33:20,122.0,69.9,6.24,2.74,8,11.933,15.406,77.5,21
2026-08-21T23:33:22,124.0,74.8,6.3,2.81,8,11.972,15.406,77.7,21
2026-08-21T23:33:24,126.0,67.4,6.3,2.81,8,11.986,15.406,77.8,21
2026-08-21T23:33:26,128.0,66.5,6.3,2.81,8,11.982,15.406,77.8,21
2026-08-21T23:33:28,130.0,69.1,6.12,2.83,8,11.981,15.406,77.8,21
2026-08-21T23:33:30,132.0,68.7,6.12,2.83,8,11.951,15.406,77.6,21
2026-08-21T23:33:32,134.0,67.7,5.95,2.85,8,11.941,15.406,77.5,21
2026-08-21T23:33:34,136.0,62.9,5.95,2.85,8,11.913,15.406,77.3,21
2026-08-21T23:33:36,138.0,66.5,5.95,2.85,8,11.918,15.406,77.4,21
2026-08-21T23:33:38,140.0,63.9,6.35,2.98,8,11.918,15.406,77.4,21
2026-08-21T23:33:40,142.0,68.7,6.35,2.98,8,11.844,15.406,76.9,21
2026-08-21T23:33:42,144.0,71.1,6.25,3.02,8,11.861,15.406,77.0,21
2026-08-21T23:33:44,146.0,66.0,6.25,3.02,8,11.855,15.406,77.0,21
2026-08-21T23:33:46,148.0,72.5,6.25,3.02,8,11.942,15.406,77.5,21
2026-08-21T23:33:48,150.0,68.7,6.31,3.08,8,11.95,15.406,77.6,21
2026-08-21T23:33:50,152.0,66.1,6.31,3.08,8,11.947,15.406,77.5,21
2026-08-21T23:33:52,154.0,70.9,6.44,3.17,8,11.98,15.406,77.8,21
2026-08-21T23:33:54,156.0,66.1,6.44,3.17,8,11.98,15.406,77.8,21
2026-08-21T23:33:56,158.0,68.2,6.44,3.17,8,11.99,15.406,77.8,21
2026-08-21T23:33:58,160.0,64.3,6.33,3.2,8,11.985,15.406,77.8,21
2026-08-21T23:34:00,162.0,66.8,6.33,3.2,8,11.97,15.406,77.7,21
2026-08-21T23:34:02,164.0,68.6,6.22,3.23,8,11.962,15.406,77.6,21
2026-08-21T23:34:04,166.0,66.9,6.22,3.23,8,11.957,15.406,77.6,21
2026-08-21T23:34:06,168.0,68.9,6.22,3.23,8,11.868,15.406,77.0,21
2026-08-21T23:34:08,170.0,64.9,6.28,3.29,8,11.868,15.406,77.0,21
2026-08-21T23:34:10,172.0,66.7,6.28,3.29,8,11.891,15.406,77.2,21
2026-08-21T23:34:12,174.0,70.2,6.18,3.32,8,11.921,15.406,77.4,21
2026-08-21T23:34:14,176.0,65.3,6.18,3.32,8,11.91,15.406,77.3,21
2026-08-21T23:34:16,178.1,65.5,6.18,3.32,8,11.908,15.406,77.3,21
2026-08-21T23:34:18,180.1,67.1,6.08,3.35,8,11.854,15.406,76.9,21
2026-08-21T23:34:20,182.1,65.9,6.08,3.35,8,11.857,15.406,77.0,21
2026-08-21T23:34:22,184.1,72.7,6.08,3.39,8,11.922,15.406,77.4,21
2026-08-21T23:34:24,186.1,67.1,6.08,3.39,8,11.951,15.406,77.6,21
2026-08-21T23:34:26,188.1,66.2,6.08,3.39,8,11.95,15.406,77.6,21
2026-08-21T23:34:28,190.1,66.1,6.71,3.57,8,11.95,15.406,77.6,21
2026-08-21T23:34:30,192.1,71.7,6.71,3.57,8,11.933,15.406,77.5,21
2026-08-21T23:34:32,194.1,67.7,6.58,3.59,8,11.932,15.406,77.5,21
2026-08-21T23:34:34,196.1,68.3,6.58,3.59,8,11.929,15.406,77.4,21
2026-08-21T23:34:36,198.1,68.4,6.58,3.59,8,11.918,15.406,77.4,21
2026-08-21T23:34:38,200.1,65.1,6.37,3.6,8,11.919,15.406,77.4,21
2026-08-21T23:34:40,202.1,64.6,6.37,3.6,8,11.919,15.406,77.4,21
2026-08-21T23:34:42,204.1,73.1,6.18,3.6,8,11.908,15.406,77.3,21
2026-08-21T23:34:44,206.1,64.7,6.18,3.6,8,11.906,15.406,77.3,21
2026-08-21T23:34:46,208.1,67.3,6.18,3.6,8,11.898,15.406,77.2,21
2026-08-21T23:34:48,210.1,60.7,5.92,3.59,8,11.892,15.406,77.2,21
2026-08-21T23:34:50,212.1,67.7,5.92,3.59,8,11.893,15.406,77.2,21
2026-08-21T23:34:52,214.1,68.6,5.85,3.62,8,11.896,15.406,77.2,21
2026-08-21T23:34:54,216.1,67.9,5.85,3.62,8,11.896,15.406,77.2,21
2026-08-21T23:34:56,218.1,69.7,5.85,3.62,8,11.895,15.406,77.2,21
2026-08-21T23:34:58,220.1,65.4,5.78,3.64,8,11.896,15.406,77.2,21
2026-08-21T23:35:00,222.1,72.8,5.78,3.64,8,11.835,15.406,76.8,21
2026-08-21T23:35:02,224.1,69.1,5.72,3.66,8,11.841,15.406,76.9,21
2026-08-21T23:35:04,226.1,68.2,5.72,3.66,8,11.837,15.406,76.8,21
2026-08-21T23:35:06,228.1,68.0,5.72,3.66,8,11.907,15.406,77.3,21
2026-08-21T23:35:08,230.1,66.1,5.58,3.67,8,11.907,15.406,77.3,21
2026-08-21T23:35:10,232.1,66.9,5.58,3.67,8,11.909,15.406,77.3,21
2026-08-21T23:35:12,234.1,64.6,5.53,3.69,8,11.928,15.406,77.4,21
2026-08-21T23:35:14,236.1,65.7,5.53,3.69,8,11.93,15.406,77.4,21
2026-08-21T23:35:16,238.1,65.3,5.53,3.69,8,11.931,15.406,77.4,21
2026-08-21T23:35:18,240.1,69.1,5.49,3.71,8,11.931,15.406,77.4,21
2026-08-21T23:35:20,242.1,66.3,5.49,3.71,8,11.94,15.406,77.5,21
2026-08-21T23:35:22,244.1,74.8,5.45,3.74,8,11.986,15.406,77.8,21
2026-08-21T23:35:24,246.1,71.0,5.45,3.74,8,11.994,15.406,77.9,21
2026-08-21T23:35:26,248.1,67.0,5.45,3.74,8,11.989,15.406,77.8,21
2026-08-21T23:35:28,250.1,66.2,5.42,3.76,8,11.99,15.406,77.8,21
2026-08-21T23:35:30,252.1,70.1,5.42,3.76,8,12.004,15.406,77.9,21
2026-08-21T23:35:32,254.1,78.0,5.62,3.83,8,11.971,15.406,77.7,21
2026-08-21T23:35:34,256.1,72.7,5.62,3.83,8,11.989,15.406,77.8,21
2026-08-21T23:35:36,258.1,66.7,5.62,3.83,8,11.99,15.406,77.8,21
2026-08-21T23:35:38,260.1,64.5,5.81,3.9,8,11.941,15.406,77.5,21
2026-08-21T23:35:40,262.1,65.6,5.81,3.9,8,11.939,15.406,77.5,21
2026-08-21T23:35:42,264.1,67.7,6.07,3.98,8,11.936,15.406,77.5,21
2026-08-21T23:35:44,266.1,69.7,6.07,3.98,8,11.955,15.406,77.6,21
2026-08-21T23:35:46,268.1,67.0,6.07,3.98,8,11.983,15.406,77.8,21
2026-08-21T23:35:48,270.1,70.8,6.38,4.08,8,11.998,15.406,77.9,21
2026-08-21T23:35:50,272.1,71.0,6.38,4.08,8,12.034,15.406,78.1,21
2026-08-21T23:35:52,274.1,68.5,6.51,4.15,8,12.035,15.406,78.1,21
2026-08-21T23:35:54,276.1,65.1,6.51,4.15,8,12.037,15.406,78.1,21
2026-08-21T23:35:56,278.1,74.2,6.51,4.15,8,11.887,15.406,77.2,21
2026-08-21T23:35:58,280.1,65.1,6.39,4.16,8,11.887,15.406,77.2,21
2026-08-21T23:36:00,282.1,70.6,6.39,4.16,8,11.873,15.406,77.1,21
2026-08-21T23:36:02,284.1,69.7,6.28,4.18,8,11.883,15.406,77.1,21
2026-08-21T23:36:04,286.1,68.8,6.28,4.18,8,11.877,15.406,77.1,21
2026-08-21T23:36:06,288.1,66.4,6.28,4.18,8,11.872,15.406,77.1,21
2026-08-21T23:36:08,290.1,70.3,6.1,4.17,8,11.866,15.406,77.0,21
2026-08-21T23:36:10,292.1,65.4,6.1,4.17,8,11.864,15.406,77.0,21
2026-08-21T23:36:12,294.1,70.2,6.33,4.25,8,11.854,15.406,76.9,21
2026-08-21T23:36:14,296.1,67.0,6.33,4.25,8,11.852,15.406,76.9,21
2026-08-21T23:36:16,298.1,66.0,6.33,4.25,8,11.854,15.406,76.9,21
2026-08-21T23:36:18,300.1,65.3,6.7,4.37,8,11.856,15.406,77.0,21
2026-08-21T23:36:20,302.1,70.1,6.7,4.37,8,11.956,15.406,77.6,21
2026-08-21T23:36:22,304.1,72.9,7.05,4.48,8,12.007,15.406,77.9,21
2026-08-21T23:36:24,306.1,68.8,7.05,4.48,8,12.028,15.406,78.1,21
2026-08-21T23:36:26,308.1,63.3,7.05,4.48,8,12.015,15.406,78.0,21
2026-08-21T23:36:28,310.1,65.7,6.88,4.48,8,12.019,15.406,78.0,21
2026-08-21T23:36:30,312.1,67.7,6.88,4.48,8,12.001,15.406,77.9,21
2026-08-21T23:36:32,314.1,68.1,7.21,4.59,8,11.986,15.406,77.8,21
2026-08-21T23:36:34,316.1,67.3,7.21,4.59,8,11.981,15.406,77.8,21
2026-08-21T23:36:36,318.1,67.3,7.21,4.59,8,11.972,15.406,77.7,21
2026-08-21T23:36:38,320.1,67.5,7.12,4.62,8,11.987,15.406,77.8,21
2026-08-21T23:36:40,322.1,65.4,7.12,4.62,8,11.986,15.406,77.8,21
2026-08-21T23:36:42,324.1,68.1,6.95,4.62,8,11.983,15.406,77.8,21
2026-08-21T23:36:44,326.1,67.2,6.95,4.62,8,11.916,15.406,77.3,21
2026-08-21T23:36:46,328.1,65.7,6.95,4.62,8,11.913,15.406,77.3,21
2026-08-21T23:36:48,330.1,68.2,7.03,4.68,8,11.912,15.406,77.3,21
2026-08-21T23:36:50,332.1,65.2,7.03,4.68,8,11.813,15.406,76.7,21
2026-08-21T23:36:52,334.1,67.8,6.87,4.69,8,11.807,15.406,76.6,21
2026-08-21T23:36:54,336.1,65.6,6.87,4.69,8,11.807,15.406,76.6,21
2026-08-21T23:36:56,338.1,69.7,6.87,4.69,8,11.871,15.406,77.1,21
2026-08-21T23:36:58,340.1,68.1,6.8,4.71,8,11.904,15.406,77.3,21
2026-08-21T23:37:00,342.1,72.7,6.8,4.71,8,11.919,15.406,77.4,21
2026-08-21T23:37:02,344.1,68.3,6.89,4.76,8,11.9,15.406,77.2,21
2026-08-21T23:37:04,346.1,70.9,6.89,4.76,8,11.894,15.406,77.2,21
2026-08-21T23:37:06,348.1,66.7,6.89,4.76,8,11.893,15.406,77.2,21
2026-08-21T23:37:08,350.1,65.1,6.9,4.8,8,11.892,15.406,77.2,21
2026-08-21T23:37:10,352.1,68.5,6.9,4.8,8,11.903,15.406,77.3,21
2026-08-21T23:37:12,354.1,68.6,6.75,4.8,8,11.905,15.406,77.3,21
2026-08-21T23:37:14,356.1,66.6,6.75,4.8,8,11.902,15.406,77.3,21
2026-08-21T23:37:16,358.1,63.2,6.75,4.8,8,11.901,15.406,77.3,21
2026-08-21T23:37:18,360.1,67.0,6.61,4.81,8,11.901,15.406,77.3,21
2026-08-21T23:37:20,362.1,69.2,6.61,4.81,8,11.897,15.406,77.2,21
2026-08-21T23:37:22,364.1,75.9,6.64,4.84,8,11.964,15.406,77.7,21
2026-08-21T23:37:24,366.1,68.2,6.64,4.84,8,11.994,15.406,77.9,21
2026-08-21T23:37:26,368.1,66.1,6.64,4.84,8,11.988,15.406,77.8,21
2026-08-21T23:37:28,370.1,67.4,6.51,4.85,8,11.976,15.406,77.7,21
2026-08-21T23:37:30,372.1,68.5,6.51,4.85,8,11.965,15.406,77.7,21
2026-08-21T23:37:32,374.1,67.9,6.31,4.83,8,11.956,15.406,77.6,21
2026-08-21T23:37:34,376.1,68.0,6.31,4.83,8,11.959,15.406,77.6,21
2026-08-21T23:37:36,378.1,68.3,6.31,4.83,8,11.956,15.406,77.6,21
2026-08-21T23:37:38,380.1,66.2,6.2,4.83,8,11.944,15.406,77.5,21
2026-08-21T23:37:40,382.1,62.2,6.2,4.83,8,11.831,15.406,76.8,21
2026-08-21T23:37:42,384.1,59.2,6.11,4.84,8,11.942,15.406,77.5,21
2026-08-21T23:37:44,386.1,65.3,6.11,4.84,8,11.942,15.406,77.5,21
2026-08-21T23:37:46,388.1,65.1,6.11,4.84,8,11.944,15.406,77.5,21
2026-08-21T23:37:48,390.1,71.8,6.82,5.01,8,12.03,15.406,78.1,21
2026-08-21T23:37:50,392.1,65.1,6.82,5.01,8,12.031,15.406,78.1,21
2026-08-21T23:37:52,394.1,68.5,6.67,5.01,8,12.027,15.406,78.1,21
2026-08-21T23:37:54,396.1,68.2,6.67,5.01,8,12.049,15.406,78.2,21
2026-08-21T23:37:56,398.1,65.7,6.67,5.01,8,12.046,15.406,78.2,21
2026-08-21T23:37:58,400.1,69.5,6.62,5.02,8,12.062,15.406,78.3,21
2026-08-21T23:38:00,402.1,73.0,6.62,5.02,8,12.09,15.406,78.5,21
2026-08-21T23:38:02,404.1,69.3,6.49,5.02,8,12.09,15.406,78.5,21
2026-08-21T23:38:04,406.1,68.8,6.49,5.02,8,12.09,15.406,78.5,21
2026-08-21T23:38:06,408.1,64.0,6.49,5.02,8,12.107,15.406,78.6,21
2026-08-21T23:38:08,410.1,64.0,6.37,5.02,8,12.106,15.406,78.6,21
2026-08-21T23:38:10,412.1,65.9,6.37,5.02,8,12.106,15.406,78.6,21
2026-08-21T23:38:12,414.1,66.0,6.26,5.02,8,12.105,15.406,78.6,21
2026-08-21T23:38:14,416.1,67.8,6.26,5.02,8,12.038,15.406,78.1,21
2026-08-21T23:38:16,418.1,65.5,6.26,5.02,8,12.038,15.406,78.1,21
2026-08-21T23:38:18,420.1,66.7,6.16,5.02,8,12.036,15.406,78.1,21
2026-08-21T23:38:20,422.1,69.4,6.16,5.02,8,12.051,15.406,78.2,21
2026-08-21T23:38:22,424.1,71.0,7.03,5.22,8,12.098,15.406,78.5,21
2026-08-21T23:38:24,426.1,68.6,7.03,5.22,8,12.111,15.406,78.6,21
2026-08-21T23:38:26,428.1,66.8,7.03,5.22,8,12.12,15.406,78.7,21
2026-08-21T23:38:28,430.1,65.8,6.78,5.2,8,12.128,15.406,78.7,21
2026-08-21T23:38:30,432.1,69.3,6.78,5.2,8,12.126,15.406,78.7,21
2026-08-21T23:38:32,434.1,68.0,6.64,5.2,8,11.992,15.406,77.8,21
2026-08-21T23:38:34,436.1,67.2,6.64,5.2,8,11.985,15.406,77.8,21
2026-08-21T23:38:36,438.1,66.2,6.64,5.2,8,11.978,15.406,77.8,21
2026-08-21T23:38:38,440.1,69.1,6.43,5.18,8,12.121,15.406,78.7,21
2026-08-21T23:38:40,442.1,66.3,6.43,5.18,8,12.122,15.406,78.7,21
2026-08-21T23:38:42,444.1,69.2,6.64,5.24,8,12.12,15.406,78.7,21
2026-08-21T23:38:44,446.1,68.3,6.64,5.24,8,12.116,15.406,78.6,21
2026-08-21T23:38:46,448.1,65.2,6.64,5.24,8,12.115,15.406,78.6,21
2026-08-21T23:38:48,450.1,69.7,6.5,5.24,8,12.104,15.406,78.6,21
2026-08-21T23:38:50,452.1,68.8,6.5,5.24,8,12.096,15.406,78.5,21
2026-08-21T23:38:52,454.1,68.2,6.38,5.23,8,12.097,15.406,78.5,21
2026-08-21T23:38:54,456.1,65.2,6.38,5.23,8,12.095,15.406,78.5,21
2026-08-21T23:38:56,458.1,60.3,6.38,5.23,8,12.174,15.406,79.0,21
2026-08-21T23:38:58,460.1,72.9,6.27,5.23,8,12.143,15.406,78.8,21
2026-08-21T23:39:00,462.1,65.8,6.27,5.23,8,12.142,15.406,78.8,21
2026-08-21T23:39:02,464.1,72.3,6.33,5.26,8,12.143,15.406,78.8,21
2026-08-21T23:39:04,466.1,68.3,6.33,5.26,8,12.14,15.406,78.8,21
2026-08-21T23:39:06,468.1,68.2,6.33,5.26,8,12.133,15.406,78.8,21
2026-08-21T23:39:08,470.1,65.7,6.22,5.25,8,12.137,15.406,78.8,21
2026-08-21T23:39:10,472.1,70.2,6.22,5.25,8,12.047,15.406,78.2,21
2026-08-21T23:39:12,474.1,68.2,6.13,5.25,8,12.046,15.406,78.2,21
2026-08-21T23:39:14,476.1,68.2,6.13,5.25,8,12.035,15.406,78.1,21
2026-08-21T23:39:16,478.1,67.8,6.13,5.25,8,12.036,15.406,78.1,21
2026-08-21T23:39:18,480.1,66.2,6.04,5.24,8,12.038,15.406,78.1,21
2026-08-21T23:39:20,482.1,65.1,6.04,5.24,8,12.048,15.406,78.2,21
2026-08-21T23:39:22,484.1,69.9,5.95,5.24,8,12.098,15.406,78.5,21
2026-08-21T23:39:24,486.1,69.1,5.95,5.24,8,12.113,15.406,78.6,21
2026-08-21T23:39:26,488.1,65.1,5.95,5.24,8,12.113,15.406,78.6,21
2026-08-21T23:39:28,490.1,68.0,6.2,5.3,8,12.024,15.406,78.1,21
2026-08-21T23:39:30,492.1,66.3,6.2,5.3,8,11.99,15.406,77.8,21
2026-08-21T23:39:32,494.1,67.8,6.18,5.31,8,11.99,15.406,77.8,21
2026-08-21T23:39:34,496.1,70.8,6.18,5.31,8,12.053,15.406,78.2,21
2026-08-21T23:39:36,498.1,65.1,6.18,5.31,8,12.054,15.406,78.2,21
2026-08-21T23:39:38,500.1,66.1,6.09,5.31,8,12.039,15.406,78.1,21
2026-08-21T23:39:40,502.1,69.5,6.09,5.31,8,12.054,15.406,78.2,21
2026-08-21T23:39:42,504.1,67.0,6.0,5.3,8,12.053,15.406,78.2,21
2026-08-21T23:39:44,506.1,65.7,6.0,5.3,8,12.049,15.406,78.2,21
2026-08-21T23:39:46,508.1,64.4,6.0,5.3,8,12.051,15.406,78.2,21
2026-08-21T23:39:48,510.1,67.6,5.92,5.3,8,12.054,15.406,78.2,21
2026-08-21T23:39:50,512.1,65.5,5.92,5.3,8,12.053,15.406,78.2,21
2026-08-21T23:39:52,514.1,71.3,5.84,5.29,8,12.114,15.406,78.6,21
2026-08-21T23:39:54,516.1,65.5,5.84,5.29,8,12.113,15.406,78.6,21
2026-08-21T23:39:56,518.1,67.2,5.84,5.29,8,12.112,15.406,78.6,21
2026-08-21T23:39:58,520.1,73.7,5.78,5.29,8,12.128,15.406,78.7,21
2026-08-21T23:40:00,522.1,68.6,5.78,5.29,8,12.14,15.406,78.8,21
2026-08-21T23:40:02,524.1,71.2,5.63,5.27,8,12.141,15.406,78.8,21
2026-08-21T23:40:04,526.1,67.6,5.63,5.27,8,12.135,15.406,78.8,21
2026-08-21T23:40:06,528.1,68.5,5.63,5.27,8,12.128,15.406,78.7,21
2026-08-21T23:40:08,530.1,68.1,5.58,5.26,8,12.139,15.406,78.8,21
2026-08-21T23:40:10,532.1,63.8,5.58,5.26,8,11.967,15.406,77.7,21
2026-08-21T23:40:12,534.1,68.8,5.54,5.26,8,11.97,15.406,77.7,21
2026-08-21T23:40:14,536.1,68.8,5.54,5.26,8,11.958,15.406,77.6,21
2026-08-21T23:40:16,538.1,65.3,5.54,5.26,8,12.018,15.406,78.0,21
2026-08-21T23:40:18,540.1,71.3,5.89,5.34,8,12.109,15.406,78.6,21
2026-08-21T23:40:20,542.1,65.5,5.89,5.34,8,12.114,15.406,78.6,21
2026-08-21T23:40:22,544.1,72.4,5.82,5.33,8,12.151,15.406,78.9,21
2026-08-21T23:40:24,546.1,70.6,5.82,5.33,8,12.121,15.406,78.7,21
2026-08-21T23:40:26,548.1,65.4,5.82,5.33,8,12.116,15.406,78.6,21
2026-08-21T23:40:28,550.1,65.5,5.68,5.31,8,12.114,15.406,78.6,21
2026-08-21T23:40:30,552.1,69.0,5.68,5.31,8,12.128,15.406,78.7,21
2026-08-21T23:40:32,554.1,74.4,6.1,5.4,8,12.174,15.406,79.0,21
2026-08-21T23:40:34,556.1,74.1,6.1,5.4,8,12.158,15.406,78.9,21
2026-08-21T23:40:36,558.1,69.8,6.1,5.4,8,12.153,15.406,78.9,21
2026-08-21T23:40:38,560.1,75.3,6.01,5.4,8,12.157,15.406,78.9,21
2026-08-21T23:40:40,562.1,76.1,6.01,5.4,8,12.152,15.406,78.9,21
2026-08-21T23:40:42,564.1,85.4,5.85,5.37,8,12.46,15.406,80.9,21
2026-08-21T23:40:44,566.1,69.9,5.85,5.37,8,12.285,15.406,79.7,21
2026-08-21T23:40:46,568.1,67.2,5.85,5.37,8,12.321,15.406,80.0,21
2026-08-21T23:40:48,570.1,71.3,5.87,5.38,8,12.326,15.406,80.0,21
2026-08-21T23:40:50,572.1,68.1,5.87,5.38,8,12.337,15.406,80.1,21
2026-08-21T23:40:52,574.1,66.9,6.2,5.46,8,12.335,15.406,80.1,21
2026-08-21T23:40:54,576.1,68.5,6.2,5.46,8,12.347,15.406,80.1,21
2026-08-21T23:40:56,578.1,67.1,6.2,5.46,8,12.42,15.406,80.6,21
2026-08-21T23:40:58,580.1,66.9,6.1,5.45,8,12.426,15.406,80.7,21
2026-08-21T23:41:00,582.1,69.1,6.1,5.45,8,12.351,15.406,80.2,21
2026-08-21T23:41:02,584.1,68.5,5.93,5.43,8,12.324,15.406,80.0,21
2026-08-21T23:41:04,586.1,67.2,5.93,5.43,8,12.252,15.406,79.5,21
2026-08-21T23:41:06,588.1,68.4,5.93,5.43,8,12.236,15.406,79.4,21
2026-08-21T23:41:08,590.1,64.7,6.02,5.45,8,12.223,15.406,79.3,21
2026-08-21T23:41:10,592.1,68.8,6.02,5.45,8,12.221,15.406,79.3,21
2026-08-21T23:41:12,594.1,67.4,5.86,5.43,8,12.221,15.406,79.3,21
2026-08-21T23:41:14,596.1,64.9,5.86,5.43,8,12.221,15.406,79.3,21
2026-08-21T23:41:16,598.1,72.8,5.86,5.43,8,12.357,15.406,80.2,21
2026-08-21T23:41:18,600.1,65.3,5.79,5.42,8,12.352,15.406,80.2,21
2026-08-21T23:41:20,602.1,68.5,5.79,5.42,8,12.35,15.406,80.2,21
2026-08-21T23:41:22,604.1,79.2,6.12,5.5,8,12.163,15.406,79.0,21
2026-08-21T23:41:24,606.1,71.4,6.12,5.5,8,12.192,15.406,79.1,21
2026-08-21T23:41:26,608.1,66.3,6.12,5.5,8,12.213,15.406,79.3,21
2026-08-21T23:41:28,610.1,72.4,6.03,5.49,8,12.346,15.406,80.1,21
2026-08-21T23:41:30,612.1,69.1,6.03,5.49,8,12.193,15.406,79.1,21
2026-08-21T23:41:32,614.1,67.0,5.87,5.46,8,12.183,15.406,79.1,21
2026-08-21T23:41:34,616.1,67.0,5.87,5.46,8,12.176,15.406,79.0,21
2026-08-21T23:41:36,618.1,79.1,5.87,5.46,8,12.469,15.406,80.9,21
2026-08-21T23:41:38,620.1,65.6,6.2,5.54,8,12.419,15.406,80.6,21
2026-08-21T23:41:40,622.1,65.5,6.2,5.54,8,12.405,15.406,80.5,21
2026-08-21T23:41:42,624.2,76.9,6.11,5.53,8,12.359,15.406,80.2,21
2026-08-21T23:41:44,626.2,66.2,6.11,5.53,8,12.342,15.406,80.1,21
2026-08-21T23:41:46,628.2,64.5,6.11,5.53,8,12.326,15.406,80.0,21
2026-08-21T23:41:48,630.2,80.7,6.5,5.62,8,12.24,15.406,79.5,21
2026-08-21T23:41:50,632.2,65.4,6.5,5.62,8,12.214,15.406,79.3,21
2026-08-21T23:41:52,634.2,67.4,6.38,5.61,8,12.209,15.406,79.3,21
2026-08-21T23:41:54,636.2,70.7,6.38,5.61,8,12.497,15.406,81.1,21
2026-08-21T23:41:56,638.2,66.0,6.38,5.61,8,12.451,15.406,80.8,21
2026-08-21T23:41:58,640.2,68.7,6.43,5.63,8,12.412,15.406,80.6,21
2026-08-21T23:42:00,642.2,66.5,6.43,5.63,8,12.497,15.406,81.1,21
2026-08-21T23:42:02,644.2,77.7,6.23,5.61,8,12.364,15.406,80.3,21
2026-08-21T23:42:04,646.2,66.4,6.23,5.61,8,12.315,15.406,79.9,21
2026-08-21T23:42:06,648.2,65.3,6.23,5.61,8,12.278,15.406,79.7,21
2026-08-21T23:42:08,650.2,74.2,6.62,5.7,8,12.235,15.406,79.4,21
2026-08-21T23:42:10,652.2,65.1,6.62,5.7,8,12.184,15.406,79.1,21
2026-08-21T23:42:12,654.2,66.0,6.49,5.69,8,12.164,15.406,79.0,21
2026-08-21T23:42:14,656.2,76.3,6.49,5.69,8,12.239,15.406,79.4,21
2026-08-21T23:42:16,658.2,65.4,6.49,5.69,8,12.231,15.406,79.4,21
2026-08-21T23:42:18,660.2,65.7,6.37,5.67,8,12.216,15.406,79.3,21
2026-08-21T23:42:20,662.2,76.6,6.37,5.67,8,12.403,15.406,80.5,21
2026-08-21T23:42:22,664.2,73.3,6.18,5.65,8,12.456,15.406,80.9,21
2026-08-21T23:42:24,666.2,71.3,6.18,5.65,8,12.434,15.406,80.7,21
2026-08-21T23:42:26,668.2,67.1,6.18,5.65,8,12.582,15.406,81.7,21
2026-08-21T23:42:28,670.2,76.2,6.56,5.74,8,12.328,15.406,80.0,21
2026-08-21T23:42:30,672.2,68.3,6.56,5.74,8,12.273,15.406,79.7,21
2026-08-21T23:42:32,674.2,67.5,6.44,5.72,8,12.338,15.406,80.1,21
2026-08-21T23:42:34,676.2,73.3,6.44,5.72,8,12.153,15.406,78.9,21
2026-08-21T23:42:36,678.2,65.2,6.44,5.72,8,12.103,15.406,78.6,21
2026-08-21T23:42:38,680.2,64.8,6.32,5.71,8,12.075,15.406,78.4,21
2026-08-21T23:42:40,682.2,67.1,6.32,5.71,8,11.871,15.406,77.1,21
2026-08-21T23:42:42,684.2,66.4,6.14,5.68,8,11.841,15.406,76.9,21
2026-08-21T23:42:44,686.2,67.2,6.14,5.68,8,11.812,15.406,76.7,21
2026-08-21T23:42:46,688.2,63.2,6.14,5.68,8,11.891,15.406,77.2,21
2026-08-21T23:42:48,690.2,69.8,5.97,5.65,8,11.888,15.406,77.2,21
2026-08-21T23:42:50,692.2,64.7,5.97,5.65,8,11.884,15.406,77.1,21
2026-08-21T23:42:52,694.2,68.3,5.81,5.63,8,11.884,15.406,77.1,21
2026-08-21T23:42:54,696.2,68.5,5.81,5.63,8,11.899,15.406,77.2,21
2026-08-21T23:42:56,698.2,66.0,5.81,5.63,8,11.896,15.406,77.2,21
2026-08-21T23:42:58,700.2,70.4,5.9,5.65,8,11.8,15.406,76.6,21
2026-08-21T23:43:00,702.2,66.8,5.9,5.65,8,11.8,15.406,76.6,21
2026-08-21T23:43:02,704.2,68.8,5.83,5.64,8,11.797,15.406,76.6,21
2026-08-21T23:43:04,706.2,67.7,5.83,5.64,8,11.906,15.406,77.3,21
2026-08-21T23:43:06,708.2,67.1,5.83,5.64,8,11.906,15.406,77.3,21
2026-08-21T23:43:08,710.2,64.4,5.76,5.63,8,11.906,15.406,77.3,21
2026-08-21T23:43:10,712.2,65.3,5.76,5.63,8,11.905,15.406,77.3,21
2026-08-21T23:43:12,714.2,68.1,5.7,5.62,8,11.902,15.406,77.3,21
2026-08-21T23:43:14,716.2,64.3,5.7,5.62,8,11.897,15.406,77.2,21
2026-08-21T23:43:16,718.2,66.7,5.7,5.62,8,11.896,15.406,77.2,21
2026-08-21T23:43:18,720.2,65.2,6.13,5.71,8,11.896,15.406,77.2,21
2026-08-21T23:43:20,722.2,68.8,6.13,5.71,8,11.897,15.406,77.2,21
2026-08-21T23:43:22,724.2,74.7,6.12,5.71,8,11.949,15.406,77.6,21
2026-08-21T23:43:24,726.2,68.2,6.12,5.71,8,11.969,15.406,77.7,21
2026-08-21T23:43:26,728.2,65.5,6.12,5.71,8,11.968,15.406,77.7,21
2026-08-21T23:43:28,730.2,69.3,6.03,5.7,8,11.972,15.406,77.7,21
2026-08-21T23:43:30,732.2,68.5,6.03,5.7,8,11.94,15.406,77.5,21
2026-08-21T23:43:32,734.2,69.0,6.02,5.7,8,11.943,15.406,77.5,21
2026-08-21T23:43:34,736.2,70.1,6.02,5.7,8,12.152,15.406,78.9,21
2026-08-21T23:43:36,738.2,66.6,6.02,5.7,8,12.132,15.406,78.7,21
2026-08-21T23:43:38,740.2,64.5,5.94,5.69,8,12.09,15.406,78.5,21
2026-08-21T23:43:40,742.2,64.7,5.94,5.69,8,12.167,15.406,79.0,21
2026-08-21T23:43:42,744.2,74.8,5.87,5.68,8,12.161,15.406,78.9,21
2026-08-21T23:43:44,746.2,65.3,5.87,5.68,8,12.146,15.406,78.8,21
2026-08-21T23:43:46,748.2,64.4,5.87,5.68,8,12.123,15.406,78.7,21
2026-08-21T23:43:48,750.2,80.7,6.2,5.75,8,12.22,15.406,79.3,21
2026-08-21T23:43:50,752.2,66.9,6.2,5.75,8,12.177,15.406,79.0,21
2026-08-21T23:43:52,754.2,68.3,6.82,5.89,8,12.162,15.406,78.9,21
2026-08-21T23:43:54,756.2,70.1,6.82,5.89,8,12.076,15.406,78.4,21
2026-08-21T23:43:56,758.2,66.1,6.82,5.89,8,12.065,15.406,78.3,21
2026-08-21T23:43:58,760.2,65.1,6.6,5.86,8,12.042,15.406,78.2,21
2026-08-21T23:44:00,762.2,60.2,6.6,5.86,8,12.145,15.406,78.8,21
2026-08-21T23:44:02,764.2,67.5,6.39,5.83,8,12.154,15.406,78.9,21
2026-08-21T23:44:04,766.2,66.0,6.39,5.83,8,12.125,15.406,78.7,21
2026-08-21T23:44:06,768.2,68.6,6.39,5.83,8,12.085,15.406,78.4,21
2026-08-21T23:44:08,770.2,70.6,6.28,5.81,8,12.007,15.406,77.9,21
2026-08-21T23:44:10,772.2,66.0,6.28,5.81,8,11.996,15.406,77.9,21
2026-08-21T23:44:12,774.2,65.8,6.58,5.88,8,11.985,15.406,77.8,21
2026-08-21T23:44:14,776.2,72.3,6.58,5.88,8,12.287,15.406,79.8,21
2026-08-21T23:44:16,778.2,64.8,6.58,5.88,8,12.283,15.406,79.7,21
2026-08-21T23:44:18,780.2,64.7,6.45,5.87,8,12.28,15.406,79.7,21
2026-08-21T23:44:20,782.2,73.8,6.45,5.87,8,12.427,15.406,80.7,21
2026-08-21T23:44:22,784.2,71.7,6.33,5.85,8,12.453,15.406,80.8,21
2026-08-21T23:44:24,786.2,68.9,6.33,5.85,8,12.408,15.406,80.5,21
2026-08-21T23:44:26,788.2,70.6,6.33,5.85,8,12.367,15.406,80.3,21
2026-08-21T23:44:28,790.2,64.8,6.23,5.84,8,12.348,15.406,80.2,21
2026-08-21T23:44:30,792.2,68.9,6.23,5.84,8,12.312,15.406,79.9,21
2026-08-21T23:44:32,794.2,73.3,6.21,5.84,8,12.474,15.406,81.0,21
2026-08-21T23:44:34,796.2,74.5,6.21,5.84,8,12.44,15.406,80.8,21
2026-08-21T23:44:36,798.2,65.7,6.21,5.84,8,12.386,15.406,80.4,21
2026-08-21T23:44:38,800.2,66.7,6.03,5.81,8,12.485,15.406,81.0,21
2026-08-21T23:44:40,802.2,74.5,6.03,5.81,8,12.378,15.406,80.3,21
2026-08-21T23:44:42,804.2,67.2,5.95,5.8,8,12.347,15.406,80.1,21
2026-08-21T23:44:44,806.2,64.8,5.95,5.8,8,12.317,15.406,80.0,21
2026-08-21T23:44:46,808.2,76.0,5.95,5.8,8,12.543,15.406,81.4,21
2026-08-21T23:44:48,810.2,69.0,5.79,5.77,8,12.512,15.406,81.2,21
2026-08-21T23:44:50,812.2,66.2,5.79,5.77,8,12.469,15.406,80.9,21
2026-08-21T23:44:52,814.2,72.9,5.73,5.75,8,12.706,15.406,82.5,21
2026-08-21T23:44:54,816.2,70.7,5.73,5.75,8,12.692,15.406,82.4,21
2026-08-21T23:44:56,818.2,67.9,5.73,5.75,8,12.671,15.406,82.3,21
2026-08-21T23:44:58,820.2,62.6,5.91,5.79,8,12.637,15.406,82.0,21
2026-08-21T23:45:00,822.2,82.7,5.91,5.79,8,12.491,15.406,81.1,21
2026-08-21T23:45:02,824.2,68.0,5.84,5.78,8,12.491,15.406,81.1,21
2026-08-21T23:45:04,826.2,65.3,5.84,5.78,8,12.475,15.406,81.0,21
2026-08-21T23:45:06,828.2,79.9,5.84,5.78,8,12.536,15.406,81.4,21
2026-08-21T23:45:08,830.2,68.6,6.01,5.81,8,12.483,15.406,81.0,21
2026-08-21T23:45:10,832.2,65.8,6.01,5.81,8,12.454,15.406,80.8,21
2026-08-21T23:45:12,834.2,79.1,6.25,5.87,8,12.778,15.406,82.9,21
2026-08-21T23:45:14,836.2,67.2,6.25,5.87,8,12.533,15.406,81.4,21
2026-08-21T23:45:16,838.2,64.6,6.25,5.87,8,12.501,15.406,81.1,21
2026-08-21T23:45:18,840.2,62.4,6.07,5.84,8,12.504,15.406,81.2,21
2026-08-21T23:45:20,842.2,75.1,6.07,5.84,8,12.356,15.406,80.2,21
2026-08-21T23:45:22,844.2,73.2,6.06,5.84,8,12.347,15.406,80.1,21
2026-08-21T23:45:24,846.2,68.8,6.06,5.84,8,12.345,15.406,80.1,21
2026-08-21T23:45:26,848.2,71.8,6.06,5.84,8,12.25,15.406,79.5,21
2026-08-21T23:45:28,850.2,65.6,5.98,5.83,8,12.227,15.406,79.4,21
2026-08-21T23:45:30,852.2,67.3,5.98,5.83,8,12.157,15.406,78.9,21
2026-08-21T23:45:32,854.2,73.1,5.9,5.81,8,12.212,15.406,79.3,21
2026-08-21T23:45:34,856.2,66.0,5.9,5.81,8,12.199,15.406,79.2,21
2026-08-21T23:45:36,858.2,64.6,5.9,5.81,8,12.175,15.406,79.0,21
2026-08-21T23:45:38,860.2,75.0,6.31,5.9,8,12.353,15.406,80.2,21
2026-08-21T23:45:40,862.2,65.4,6.31,5.9,8,12.318,15.406,80.0,21
2026-08-21T23:45:42,864.2,68.3,6.2,5.88,8,12.29,15.406,79.8,21
2026-08-21T23:45:44,866.2,72.7,6.2,5.88,8,12.368,15.406,80.3,21
2026-08-21T23:45:46,868.2,65.0,6.2,5.88,8,12.345,15.406,80.1,21
2026-08-21T23:45:48,870.2,69.4,6.19,5.88,8,12.325,15.406,80.0,21
2026-08-21T23:45:50,872.2,68.1,6.19,5.88,8,12.655,15.406,82.1,21
2026-08-21T23:45:52,874.2,77.8,6.09,5.87,8,12.384,15.406,80.4,21
2026-08-21T23:45:54,876.2,68.8,6.09,5.87,8,12.386,15.406,80.4,21
2026-08-21T23:45:56,878.2,67.2,6.09,5.87,8,12.371,15.406,80.3,21
2026-08-21T23:45:58,880.2,74.8,6.32,5.92,8,12.245,15.406,79.5,21
2026-08-21T23:46:00,882.2,65.9,6.32,5.92,8,12.231,15.406,79.4,21
2026-08-21T23:46:02,884.2,70.9,6.3,5.92,8,12.213,15.406,79.3,21
2026-08-21T23:46:04,886.2,71.9,6.3,5.92,8,12.2,15.406,79.2,21
2026-08-21T23:46:06,888.2,67.4,6.3,5.92,8,12.187,15.406,79.1,21
2026-08-21T23:46:08,890.2,65.1,6.19,5.91,8,12.168,15.406,79.0,21
2026-08-21T23:46:10,892.2,71.6,6.19,5.91,8,12.177,15.406,79.0,21
2026-08-21T23:46:12,894.2,67.2,6.02,5.88,8,12.166,15.406,79.0,21
2026-08-21T23:46:14,896.2,65.9,6.02,5.88,8,12.157,15.406,78.9,21
2026-08-21T23:46:16,898.2,73.1,6.02,5.88,8,12.435,15.406,80.7,21
2026-08-21T23:46:18,900.2,65.1,5.94,5.86,8,12.394,15.406,80.5,21
2026-08-21T23:46:20,902.2,66.0,5.94,5.86,8,12.374,15.406,80.3,21
2026-08-21T23:46:22,904.2,73.0,5.86,5.85,8,12.547,15.406,81.4,21
2026-08-21T23:46:24,906.2,72.5,5.86,5.85,8,12.423,15.406,80.6,21
2026-08-21T23:46:26,908.2,64.9,5.86,5.85,8,12.377,15.406,80.3,21
2026-08-21T23:46:28,910.2,67.3,5.95,5.87,8,12.632,15.406,82.0,21
2026-08-21T23:46:30,912.2,72.4,5.95,5.87,8,12.278,15.406,79.7,21
2026-08-21T23:46:32,914.2,67.8,5.88,5.85,8,12.257,15.406,79.6,21
2026-08-21T23:46:34,916.2,66.3,5.88,5.85,8,12.224,15.406,79.3,21
2026-08-21T23:46:36,918.2,69.3,5.88,5.85,8,12.414,15.406,80.6,21
2026-08-21T23:46:38,920.2,64.2,5.81,5.84,8,12.383,15.406,80.4,21
2026-08-21T23:46:40,922.2,65.2,5.81,5.84,8,12.356,15.406,80.2,21
2026-08-21T23:46:42,924.2,74.7,5.74,5.82,8,12.352,15.406,80.2,21
2026-08-21T23:46:44,926.2,65.3,5.74,5.82,8,12.328,15.406,80.0,21
2026-08-21T23:46:46,928.2,65.8,5.74,5.82,8,12.295,15.406,79.8,21
2026-08-21T23:46:48,930.2,79.2,5.68,5.81,8,12.448,15.406,80.8,21
2026-08-21T23:46:50,932.2,65.2,5.68,5.81,8,12.42,15.406,80.6,21
2026-08-21T23:46:52,934.2,67.0,5.55,5.78,8,12.395,15.406,80.5,21
2026-08-21T23:46:54,936.2,66.8,5.55,5.78,8,12.695,15.406,82.4,21
2026-08-21T23:46:56,938.2,77.5,5.55,5.78,8,12.484,15.406,81.0,21
2026-08-21T23:46:58,940.2,67.1,5.42,5.75,8,12.48,15.406,81.0,21
2026-08-21T23:47:00,942.2,65.2,5.42,5.75,8,12.469,15.406,80.9,21
2026-08-21T23:47:02,944.2,78.3,5.39,5.74,8,12.452,15.406,80.8,21
2026-08-21T23:47:04,946.2,67.3,5.39,5.74,8,12.415,15.406,80.6,21
2026-08-21T23:47:06,948.2,66.2,5.39,5.74,8,12.392,15.406,80.4,21
2026-08-21T23:47:08,950.2,82.5,5.28,5.71,8,12.636,15.406,82.0,21
2026-08-21T23:47:10,952.2,65.4,5.28,5.71,8,12.605,15.406,81.8,21
2026-08-21T23:47:12,954.2,66.9,5.25,5.7,8,12.558,15.406,81.5,21
2026-08-21T23:47:14,956.2,68.8,5.25,5.7,8,12.823,15.406,83.2,21
2026-08-21T23:47:16,958.2,78.4,5.25,5.7,8,12.709,15.406,82.5,21
2026-08-21T23:47:18,960.2,65.2,5.23,5.68,8,12.682,15.406,82.3,21
2026-08-21T23:47:20,962.2,70.0,5.23,5.68,8,12.624,15.406,81.9,21
2026-08-21T23:47:22,964.2,86.6,5.3,5.69,8,12.884,15.406,83.6,21
2026-08-21T23:47:24,966.2,69.6,5.3,5.69,8,12.853,15.406,83.4,21
2026-08-21T23:47:26,968.2,65.3,5.3,5.69,8,12.806,15.406,83.1,21
2026-08-21T23:47:28,970.2,77.2,5.27,5.68,8,12.736,15.406,82.7,21
2026-08-21T23:47:30,972.2,68.6,5.27,5.68,8,12.7,15.406,82.4,21
2026-08-21T23:47:32,974.2,66.2,5.17,5.65,8,12.669,15.406,82.2,21
2026-08-21T23:47:34,976.2,72.0,5.17,5.65,8,13.219,15.406,85.8,21
2026-08-21T23:47:36,978.2,78.7,5.17,5.65,8,12.561,15.406,81.5,21
2026-08-21T23:47:38,980.2,79.0,5.24,5.65,8,12.695,15.406,82.4,21
2026-08-21T23:47:40,982.2,73.9,5.24,5.65,8,12.748,15.406,82.8,21
2026-08-21T23:47:42,984.2,82.5,5.7,5.74,8,12.775,15.406,82.9,21
2026-08-21T23:47:44,986.2,65.5,5.7,5.74,8,12.757,15.406,82.8,21
2026-08-21T23:47:46,988.2,66.3,5.7,5.74,8,12.645,15.406,82.1,21
2026-08-21T23:47:48,990.2,74.0,5.64,5.73,8,12.852,15.406,83.4,21
2026-08-21T23:47:50,992.2,74.0,5.64,5.73,8,12.568,15.406,81.6,21
2026-08-21T23:47:52,994.2,68.8,5.59,5.72,8,12.543,15.406,81.4,21
2026-08-21T23:47:54,996.2,63.1,5.59,5.72,8,12.591,15.406,81.7,21
2026-08-21T23:47:56,998.2,76.0,5.59,5.72,8,12.756,15.406,82.8,21
2026-08-21T23:47:58,1000.2,66.6,5.54,5.71,8,12.662,15.406,82.2,21
2026-08-21T23:48:00,1002.2,70.1,5.54,5.71,8,12.637,15.406,82.0,21
2026-08-21T23:48:02,1004.2,74.2,5.5,5.69,8,12.419,15.406,80.6,21
2026-08-21T23:48:04,1006.2,66.5,5.5,5.69,8,12.384,15.406,80.4,21
2026-08-21T23:48:06,1008.2,65.4,5.5,5.69,8,12.325,15.406,80.0,21
2026-08-21T23:48:08,1010.2,68.8,5.46,5.68,8,12.25,15.406,79.5,21
2026-08-21T23:48:10,1012.2,66.5,5.46,5.68,8,12.223,15.406,79.3,21
2026-08-21T23:48:12,1014.2,67.0,5.42,5.67,8,12.192,15.406,79.1,21
2026-08-21T23:48:14,1016.2,68.2,5.42,5.67,8,12.207,15.406,79.2,21
2026-08-21T23:48:16,1018.2,65.4,5.42,5.67,8,12.187,15.406,79.1,21
2026-08-21T23:48:18,1020.2,65.0,5.39,5.66,8,12.168,15.406,79.0,21
2026-08-21T23:48:20,1022.2,66.5,5.39,5.66,8,12.146,15.406,78.8,21
2026-08-21T23:48:22,1024.2,70.3,5.36,5.65,8,12.155,15.406,78.9,21
2026-08-21T23:48:24,1026.2,68.3,5.36,5.65,8,12.148,15.406,78.9,21
2026-08-21T23:48:26,1028.2,70.5,5.36,5.65,8,12.409,15.406,80.6,21
2026-08-21T23:48:28,1030.2,65.2,5.33,5.64,8,12.394,15.406,80.5,21
2026-08-21T23:48:30,1032.2,68.7,5.33,5.64,8,12.348,15.406,80.2,21
2026-08-21T23:48:32,1034.2,71.9,5.78,5.73,8,12.185,15.406,79.1,21
2026-08-21T23:48:34,1036.2,68.6,5.78,5.73,8,12.16,15.406,78.9,21
2026-08-21T23:48:36,1038.2,67.1,5.78,5.73,8,12.147,15.406,78.8,21
2026-08-21T23:48:38,1040.2,69.2,5.64,5.7,8,12.37,15.406,80.3,21
2026-08-21T23:48:40,1042.2,70.0,5.64,5.7,8,12.249,15.406,79.5,21
2026-08-21T23:48:42,1044.2,66.6,5.59,5.69,8,12.222,15.406,79.3,21
2026-08-21T23:48:44,1046.2,65.6,5.59,5.69,8,12.535,15.406,81.4,21
2026-08-21T23:48:46,1048.2,74.4,5.59,5.69,8,12.593,15.406,81.7,21
2026-08-21T23:48:48,1050.2,66.4,5.54,5.67,8,12.575,15.406,81.6,21
2026-08-21T23:48:50,1052.3,67.7,5.54,5.67,8,12.552,15.406,81.5,21
2026-08-21T23:48:52,1054.3,82.8,5.74,5.71,8,12.688,15.406,82.4,21
2026-08-21T23:48:54,1056.3,64.7,5.74,5.71,8,12.646,15.406,82.1,21
2026-08-21T23:48:56,1058.3,66.0,5.74,5.71,8,12.617,15.406,81.9,21
2026-08-21T23:48:58,1060.3,82.5,6.0,5.77,8,12.58,15.406,81.7,21
2026-08-21T23:49:00,1062.3,70.3,6.0,5.77,8,12.542,15.406,81.4,21
2026-08-21T23:49:02,1064.3,67.5,5.92,5.75,8,12.482,15.406,81.0,21
2026-08-21T23:49:04,1066.3,66.7,5.92,5.75,8,12.658,15.406,82.2,21
2026-08-21T23:49:06,1068.3,82.1,5.92,5.75,8,12.648,15.406,82.1,21
2026-08-21T23:49:08,1070.3,65.3,6.01,5.78,8,12.625,15.406,82.0,21
2026-08-21T23:49:10,1072.3,65.5,6.01,5.78,8,12.57,15.406,81.6,21
2026-08-21T23:49:12,1074.3,74.4,5.93,5.76,8,12.47,15.406,80.9,21
2026-08-21T23:49:14,1076.3,64.6,5.93,5.76,8,12.465,15.406,80.9,21
2026-08-21T23:49:16,1078.3,66.5,5.93,5.76,8,12.462,15.406,80.9,21
2026-08-21T23:49:18,1080.3,75.2,5.77,5.73,8,12.852,15.406,83.4,21
2026-08-21T23:49:20,1082.3,69.8,5.77,5.73,8,12.598,15.406,81.8,21
2026-08-21T23:49:22,1084.3,72.2,5.71,5.72,8,12.616,15.406,81.9,21
2026-08-21T23:49:24,1086.3,67.0,5.71,5.72,8,12.753,15.406,82.8,21
2026-08-21T23:49:26,1088.3,80.7,5.71,5.72,8,12.595,15.406,81.8,21
2026-08-21T23:49:28,1090.3,67.0,5.65,5.71,8,12.581,15.406,81.7,21
2026-08-21T23:49:30,1092.3,67.7,5.65,5.71,8,12.568,15.406,81.6,21
2026-08-21T23:49:32,1094.3,78.5,5.92,5.76,8,12.592,15.406,81.7,21
2026-08-21T23:49:34,1096.3,67.9,5.92,5.76,8,12.568,15.406,81.6,21
2026-08-21T23:49:36,1098.3,66.0,5.92,5.76,8,12.552,15.406,81.5,21
2026-08-21T23:49:38,1100.3,74.5,5.85,5.75,8,12.756,15.406,82.8,21
2026-08-21T23:49:40,1102.3,70.4,5.85,5.75,8,12.567,15.406,81.6,21
2026-08-21T23:49:42,1104.3,66.7,5.78,5.74,8,12.55,15.406,81.5,21
2026-08-21T23:49:44,1106.3,66.2,5.78,5.74,8,12.893,15.406,83.7,21
2026-08-21T23:49:46,1108.3,77.4,5.78,5.74,8,12.538,15.406,81.4,21
2026-08-21T23:49:48,1110.3,64.8,5.72,5.73,8,12.485,15.406,81.0,21
2026-08-21T23:49:50,1112.3,68.2,5.72,5.73,8,12.456,15.406,80.9,21
2026-08-21T23:49:52,1114.3,79.7,5.66,5.71,8,12.705,15.406,82.5,21
2026-08-21T23:49:54,1116.3,64.9,5.66,5.71,8,12.67,15.406,82.2,21
2026-08-21T23:49:56,1118.3,64.7,5.66,5.71,8,12.622,15.406,81.9,21
2026-08-21T23:49:58,1120.3,81.3,5.77,5.73,8,12.706,15.406,82.5,21
2026-08-21T23:50:00,1122.3,66.2,5.77,5.73,8,12.626,15.406,82.0,21
2026-08-21T23:50:02,1124.3,70.0,5.7,5.72,8,12.578,15.406,81.6,21
2026-08-21T23:50:04,1126.3,74.4,5.7,5.72,8,12.506,15.406,81.2,21
2026-08-21T23:50:06,1128.3,66.7,5.7,5.72,8,12.392,15.406,80.4,21
2026-08-21T23:50:08,1130.3,68.0,5.81,5.74,8,12.374,15.406,80.3,21
2026-08-21T23:50:10,1132.3,63.1,5.81,5.74,8,12.506,15.406,81.2,21
2026-08-21T23:50:12,1134.3,79.1,5.66,5.71,8,12.507,15.406,81.2,21
2026-08-21T23:50:14,1136.3,64.8,5.66,5.71,8,12.49,15.406,81.1,21
2026-08-21T23:50:16,1138.3,65.5,5.66,5.71,8,12.474,15.406,81.0,21
2026-08-21T23:50:18,1140.3,77.4,5.53,5.69,8,12.557,15.406,81.5,21
2026-08-21T23:50:20,1142.3,65.9,5.53,5.69,8,12.516,15.406,81.2,21
2026-08-21T23:50:22,1144.3,71.5,5.41,5.66,8,12.534,15.406,81.4,21
2026-08-21T23:50:24,1146.3,75.9,5.41,5.66,8,12.804,15.406,83.1,21
2026-08-21T23:50:26,1148.3,67.4,5.41,5.66,8,12.583,15.406,81.7,21
2026-08-21T23:50:28,1150.3,66.4,5.46,5.66,8,12.551,15.406,81.5,21
2026-08-21T23:50:30,1152.3,63.0,5.46,5.66,8,12.642,15.406,82.1,21
2026-08-21T23:50:32,1154.3,60.2,5.42,5.65,8,12.51,15.406,81.2,21
2026-08-21T23:50:34,1156.3,66.6,5.42,5.65,8,12.487,15.406,81.1,21
2026-08-21T23:50:36,1158.3,66.0,5.42,5.65,8,12.468,15.406,80.9,21
2026-08-21T23:50:38,1160.3,76.5,5.31,5.62,8,12.469,15.406,80.9,21
2026-08-21T23:50:40,1162.3,64.4,5.31,5.62,8,12.459,15.406,80.9,21
2026-08-21T23:50:42,1164.3,68.1,5.28,5.61,8,12.432,15.406,80.7,21
2026-08-21T23:50:44,1166.3,70.5,5.28,5.61,8,12.736,15.406,82.7,21
2026-08-21T23:50:46,1168.3,73.9,5.28,5.61,8,12.519,15.406,81.3,21
2026-08-21T23:50:48,1170.3,67.4,5.18,5.59,8,12.499,15.406,81.1,21
2026-08-21T23:50:50,1172.3,67.7,5.18,5.59,8,12.767,15.406,82.9,21
2026-08-21T23:50:52,1174.3,78.3,5.16,5.58,8,12.532,15.406,81.3,21
2026-08-21T23:50:54,1176.3,64.7,5.16,5.58,8,12.516,15.406,81.2,21
2026-08-21T23:50:56,1178.3,67.8,5.16,5.58,8,12.525,15.406,81.3,21
2026-08-21T23:50:58,1180.3,77.9,5.31,5.6,8,12.84,15.406,83.3,21
2026-08-21T23:51:00,1182.3,66.4,5.31,5.6,8,12.809,15.406,83.1,21
2026-08-21T23:51:02,1184.3,69.4,5.61,5.66,8,12.777,15.406,82.9,21
2026-08-21T23:51:04,1186.3,73.4,5.61,5.66,8,13.15,15.406,85.4,21
2026-08-21T23:51:06,1188.3,75.9,5.61,5.66,8,12.709,15.406,82.5,21
2026-08-21T23:51:08,1190.3,66.7,5.56,5.65,8,12.683,15.406,82.3,21
2026-08-21T23:51:10,1192.3,63.4,5.56,5.65,8,12.707,15.406,82.5,21
2026-08-21T23:51:12,1194.3,83.1,5.51,5.64,8,12.626,15.406,82.0,21
2026-08-21T23:51:14,1196.3,65.0,5.51,5.64,8,12.608,15.406,81.8,21
2026-08-21T23:51:16,1198.3,65.4,5.51,5.64,8,12.58,15.406,81.7,21
2026-08-21T23:51:18,1200.3,79.7,5.87,5.71,8,12.588,15.406,81.7,21
2026-08-21T23:51:20,1202.3,65.4,5.87,5.71,8,12.564,15.406,81.6,21
2026-08-21T23:51:22,1204.3,72.1,5.88,5.71,8,12.597,15.406,81.8,21
2026-08-21T23:51:24,1206.3,70.5,5.88,5.71,8,12.996,15.406,84.4,21
2026-08-21T23:51:26,1208.3,79.9,5.88,5.71,8,12.997,15.406,84.4,21
2026-08-21T23:51:28,1210.3,65.5,5.73,5.68,8,12.943,15.406,84.0,21
2026-08-21T23:51:30,1212.3,68.0,5.73,5.68,8,12.89,15.406,83.7,21
2026-08-21T23:51:32,1214.3,83.1,5.99,5.74,8,12.846,15.406,83.4,21
2026-08-21T23:51:34,1216.3,65.0,5.99,5.74,8,12.78,15.406,83.0,21
2026-08-21T23:51:36,1218.3,66.6,5.99,5.74,8,12.731,15.406,82.6,21
2026-08-21T23:51:38,1220.3,67.7,5.91,5.73,8,13.166,15.406,85.5,21
2026-08-21T23:51:40,1222.3,76.2,5.91,5.73,8,12.696,15.406,82.4,21
2026-08-21T23:51:42,1224.3,68.7,5.84,5.71,8,12.673,15.406,82.3,21
2026-08-21T23:51:44,1226.3,65.1,5.84,5.71,8,12.645,15.406,82.1,21
2026-08-21T23:51:46,1228.3,79.8,5.84,5.71,8,12.784,15.406,83.0,21
2026-08-21T23:51:48,1230.3,66.3,5.69,5.69,8,12.738,15.406,82.7,21
2026-08-21T23:51:50,1232.3,68.5,5.69,5.69,8,12.723,15.406,82.6,21
2026-08-21T23:51:52,1234.3,77.7,5.96,5.74,8,13.074,15.406,84.9,21
2026-08-21T23:51:54,1236.3,67.5,5.96,5.74,8,12.786,15.406,83.0,21
2026-08-21T23:51:56,1238.3,65.3,5.96,5.74,8,12.753,15.406,82.8,21
2026-08-21T23:51:58,1240.3,70.9,5.96,5.75,8,12.983,15.406,84.3,21
2026-08-21T23:52:00,1242.3,81.0,5.96,5.75,8,12.769,15.406,82.9,21
2026-08-21T23:52:02,1244.3,66.9,5.88,5.73,8,12.719,15.406,82.6,21
2026-08-21T23:52:04,1246.3,65.8,5.88,5.73,8,12.694,15.406,82.4,21
2026-08-21T23:52:06,1248.3,79.0,5.88,5.73,8,12.997,15.406,84.4,21
2026-08-21T23:52:08,1250.3,70.7,6.29,5.82,8,12.814,15.406,83.2,21
2026-08-21T23:52:10,1252.3,66.1,6.29,5.82,8,12.783,15.406,83.0,21
2026-08-21T23:52:12,1254.3,71.4,6.03,5.77,8,13.038,15.406,84.6,21
2026-08-21T23:52:14,1256.3,79.1,6.03,5.77,8,12.688,15.406,82.4,21
2026-08-21T23:52:16,1258.3,67.0,6.03,5.77,8,12.664,15.406,82.2,21
2026-08-21T23:52:18,1260.3,65.2,6.43,5.86,8,12.648,15.406,82.1,21
2026-08-21T23:52:20,1262.3,76.9,6.43,5.86,8,12.859,15.406,83.5,21
2026-08-21T23:52:22,1264.3,72.2,6.31,5.85,8,12.865,15.406,83.5,21
2026-08-21T23:52:24,1266.3,66.9,6.31,5.85,8,12.828,15.406,83.3,21
2026-08-21T23:52:26,1268.3,65.3,6.31,5.85,8,13.067,15.406,84.8,21
2026-08-21T23:52:28,1270.3,79.9,6.61,5.92,8,12.728,15.406,82.6,21
2026-08-21T23:52:30,1272.3,67.7,6.61,5.92,8,12.704,15.406,82.5,21
2026-08-21T23:52:32,1274.3,66.5,7.28,6.07,8,12.695,15.406,82.4,21
2026-08-21T23:52:34,1276.3,81.7,7.28,6.07,8,12.938,15.406,84.0,21
2026-08-21T23:52:36,1278.3,66.4,7.28,6.07,8,12.886,15.406,83.6,21
2026-08-21T23:52:38,1280.3,63.8,7.1,6.05,8,12.849,15.406,83.4,21
2026-08-21T23:52:40,1282.3,80.7,7.1,6.05,8,12.885,15.406,83.6,21
2026-08-21T23:52:42,1284.3,68.1,6.93,6.03,8,12.737,15.406,82.7,21
2026-08-21T23:52:44,1286.3,64.2,6.93,6.03,8,12.711,15.406,82.5,21
2026-08-21T23:52:46,1288.3,64.9,6.93,6.03,8,12.879,15.406,83.6,21
2026-08-21T23:52:48,1290.3,73.1,7.18,6.1,8,12.7,15.406,82.4,21
2026-08-21T23:52:50,1292.3,67.3,7.18,6.1,8,12.679,15.406,82.3,21
2026-08-21T23:52:52,1294.3,70.8,7.0,6.08,8,12.656,15.406,82.2,21
2026-08-21T23:52:54,1296.3,77.7,7.0,6.08,8,12.619,15.406,81.9,21
2026-08-21T23:52:56,1298.3,64.8,7.0,6.08,8,12.587,15.406,81.7,21
2026-08-21T23:52:58,1300.3,67.2,6.92,6.08,8,12.575,15.406,81.6,21
2026-08-21T23:53:00,1302.3,76.5,6.92,6.08,8,12.893,15.406,83.7,21
2026-08-21T23:53:02,1304.3,73.2,6.77,6.06,8,12.847,15.406,83.4,21
2026-08-21T23:53:04,1306.3,64.8,6.77,6.06,8,12.827,15.406,83.3,21
2026-08-21T23:53:06,1308.3,67.8,6.77,6.06,8,12.992,15.406,84.3,21
2026-08-21T23:53:08,1310.3,81.6,6.87,6.09,8,12.868,15.406,83.5,21
2026-08-21T23:53:10,1312.3,68.1,6.87,6.09,8,12.797,15.406,83.1,21
2026-08-21T23:53:12,1314.3,69.4,6.64,6.06,8,12.769,15.406,82.9,21
2026-08-21T23:53:14,1316.3,77.7,6.64,6.06,8,13.023,15.406,84.5,21
2026-08-21T23:53:16,1318.3,67.4,6.64,6.06,8,12.978,15.406,84.2,21
2026-08-21T23:53:18,1320.3,65.9,6.42,6.02,8,12.909,15.406,83.8,21
2026-08-21T23:53:20,1322.3,70.9,6.42,6.02,8,13.043,15.406,84.7,21
2026-08-21T23:53:22,1324.3,87.1,6.31,6.0,8,13.019,15.406,84.5,21
2026-08-21T23:53:24,1326.3,67.9,6.31,6.0,8,12.979,15.406,84.2,21
2026-08-21T23:53:26,1328.3,64.3,6.31,6.0,8,12.939,15.406,84.0,21
2026-08-21T23:53:28,1330.3,77.5,6.21,5.99,8,13.064,15.406,84.8,21
2026-08-21T23:53:30,1332.3,73.2,6.21,5.99,8,12.784,15.406,83.0,21
2026-08-21T23:53:32,1334.3,67.9,6.67,6.09,8,12.769,15.406,82.9,21
2026-08-21T23:53:34,1336.3,69.7,6.67,6.09,8,13.199,15.406,85.7,21
2026-08-21T23:53:36,1338.3,78.4,6.67,6.09,8,12.862,15.406,83.5,21
2026-08-21T23:53:38,1340.3,64.9,6.54,6.07,8,12.844,15.406,83.4,21
2026-08-21T23:53:40,1342.3,63.9,6.54,6.07,8,12.818,15.406,83.2,21
2026-08-21T23:53:42,1344.3,74.8,6.81,6.14,8,12.917,15.406,83.8,21
2026-08-21T23:53:44,1346.3,66.1,6.81,6.14,8,12.852,15.406,83.4,21
2026-08-21T23:53:46,1348.3,64.1,6.81,6.14,8,12.811,15.406,83.2,21
2026-08-21T23:53:48,1350.3,77.3,6.59,6.1,8,13.03,15.406,84.6,21
2026-08-21T23:53:50,1352.3,69.3,6.59,6.1,8,12.809,15.406,83.1,21
2026-08-21T23:53:52,1354.3,69.3,6.46,6.08,8,12.771,15.406,82.9,21
2026-08-21T23:53:54,1356.3,67.4,6.46,6.08,8,12.948,15.406,84.0,21
2026-08-21T23:53:56,1358.3,77.4,6.46,6.08,8,12.805,15.406,83.1,21
2026-08-21T23:53:58,1360.3,68.9,6.34,6.06,8,12.794,15.406,83.0,21
2026-08-21T23:54:00,1362.3,65.6,6.34,6.06,8,12.773,15.406,82.9,21
2026-08-21T23:54:02,1364.3,81.2,6.56,6.11,8,12.697,15.406,82.4,21
2026-08-21T23:54:04,1366.3,65.1,6.56,6.11,8,12.672,15.406,82.3,21
2026-08-21T23:54:06,1368.3,66.5,6.56,6.11,8,12.648,15.406,82.1,21
2026-08-21T23:54:08,1370.3,71.2,6.83,6.18,8,12.957,15.406,84.1,21
2026-08-21T23:54:10,1372.3,73.0,6.83,6.18,8,12.923,15.406,83.9,21
2026-08-21T23:54:12,1374.3,66.7,6.69,6.16,8,12.859,15.406,83.5,21
2026-08-21T23:54:14,1376.3,63.8,6.69,6.16,8,12.846,15.406,83.4,21
2026-08-21T23:54:16,1378.3,86.3,6.69,6.16,8,13.017,15.406,84.5,21
2026-08-21T23:54:18,1380.3,66.6,6.55,6.14,8,12.967,15.406,84.2,21
2026-08-21T23:54:20,1382.3,66.2,6.55,6.14,8,12.907,15.406,83.8,21
2026-08-21T23:54:22,1384.3,89.1,6.51,6.13,8,13.339,15.406,86.6,21
2026-08-21T23:54:24,1386.3,71.1,6.51,6.13,8,13.059,15.406,84.8,21
2026-08-21T23:54:26,1388.3,65.4,6.51,6.13,8,12.982,15.406,84.3,21
2026-08-21T23:54:28,1390.3,68.8,6.39,6.12,8,13.091,15.406,85.0,21
2026-08-21T23:54:30,1392.3,81.8,6.39,6.12,8,12.932,15.406,83.9,21
2026-08-21T23:54:32,1394.3,66.7,6.27,6.1,8,12.898,15.406,83.7,21
2026-08-21T23:54:34,1396.3,66.3,6.27,6.1,8,12.835,15.406,83.3,21
2026-08-21T23:54:36,1398.3,81.8,6.27,6.1,8,12.943,15.406,84.0,21
2026-08-21T23:54:38,1400.3,64.6,6.09,6.06,8,12.894,15.406,83.7,21
2026-08-21T23:54:40,1402.3,65.2,6.09,6.06,8,12.869,15.406,83.5,21
2026-08-21T23:54:42,1404.3,76.9,6.0,6.04,8,13.097,15.406,85.0,21
2026-08-21T23:54:44,1406.3,73.8,6.0,6.04,8,12.94,15.406,84.0,21
2026-08-21T23:54:46,1408.3,65.2,6.0,6.04,8,12.889,15.406,83.7,21
2026-08-21T23:54:48,1410.3,63.9,5.92,6.03,8,12.853,15.406,83.4,21
2026-08-21T23:54:50,1412.3,86.7,5.92,6.03,8,12.955,15.406,84.1,21
2026-08-21T23:54:52,1414.3,68.2,6.09,6.06,8,12.919,15.406,83.9,21
2026-08-21T23:54:54,1416.3,64.3,6.09,6.06,8,12.89,15.406,83.7,21
2026-08-21T23:54:56,1418.3,78.4,6.09,6.06,8,13.115,15.406,85.1,21
2026-08-21T23:54:58,1420.3,72.8,6.0,6.04,8,12.881,15.406,83.6,21
2026-08-21T23:55:00,1422.3,65.6,6.0,6.04,8,12.818,15.406,83.2,21
2026-08-21T23:55:02,1424.3,67.7,5.84,6.01,8,12.996,15.406,84.4,21
2026-08-21T23:55:04,1426.3,78.9,5.84,6.01,8,12.902,15.406,83.8,21
2026-08-21T23:55:06,1428.3,68.9,5.84,6.01,8,12.867,15.406,83.5,21
2026-08-21T23:55:08,1430.3,66.8,6.25,6.09,8,12.824,15.406,83.2,21
2026-08-21T23:55:10,1432.3,81.6,6.25,6.09,8,12.694,15.406,82.4,21
2026-08-21T23:55:12,1434.3,67.0,6.15,6.07,8,12.685,15.406,82.3,21
2026-08-21T23:55:14,1436.3,64.8,6.15,6.07,8,12.665,15.406,82.2,21
2026-08-21T23:55:16,1438.3,66.8,6.15,6.07,8,13.014,15.406,84.5,21
2026-08-21T23:55:18,1440.3,80.6,6.46,6.14,8,12.83,15.406,83.3,21
2026-08-21T23:55:20,1442.3,69.6,6.46,6.14,8,12.789,15.406,83.0,21
2026-08-21T23:55:22,1444.3,74.8,6.43,6.13,8,12.779,15.406,82.9,21
2026-08-21T23:55:24,1446.3,81.2,6.43,6.13,8,12.832,15.406,83.3,21
2026-08-21T23:55:26,1448.3,68.7,6.43,6.13,8,12.79,15.406,83.0,21
2026-08-21T23:55:28,1450.3,65.3,6.31,6.12,8,12.761,15.406,82.8,21
2026-08-21T23:55:30,1452.3,75.4,6.31,6.12,8,13.074,15.406,84.9,21
2026-08-21T23:55:32,1454.3,69.3,6.13,6.08,8,12.857,15.406,83.5,21
2026-08-21T23:55:34,1456.3,64.2,6.13,6.08,8,12.824,15.406,83.2,21
2026-08-21T23:55:36,1458.3,71.1,6.13,6.08,8,13.114,15.406,85.1,21
2026-08-21T23:55:38,1460.3,80.5,6.36,6.13,8,13.009,15.406,84.4,21
2026-08-21T23:55:40,1462.3,66.1,6.36,6.13,8,12.969,15.406,84.2,21
2026-08-21T23:55:42,1464.3,65.9,6.25,6.11,8,12.917,15.406,83.8,21
2026-08-21T23:55:44,1466.3,77.9,6.25,6.11,8,12.659,15.406,82.2,21
2026-08-21T23:55:46,1468.3,66.8,6.25,6.11,8,12.628,15.406,82.0,21
2026-08-21T23:55:48,1470.3,65.1,6.39,6.14,8,12.599,15.406,81.8,21
2026-08-21T23:55:50,1472.3,80.4,6.39,6.14,8,12.798,15.406,83.1,21
2026-08-21T23:55:52,1474.3,67.4,6.28,6.12,8,12.77,15.406,82.9,21
2026-08-21T23:55:54,1476.3,64.3,6.28,6.12,8,12.724,15.406,82.6,21
2026-08-21T23:55:56,1478.3,67.0,6.28,6.12,8,12.761,15.406,82.8,21
2026-08-21T23:55:58,1480.3,70.0,6.17,6.1,8,12.721,15.406,82.6,21
2026-08-21T23:56:00,1482.3,66.1,6.17,6.1,8,12.692,15.406,82.4,21
2026-08-21T23:56:02,1484.3,70.9,6.08,6.09,8,12.643,15.406,82.1,21
2026-08-21T23:56:04,1486.3,76.9,6.08,6.09,8,12.692,15.406,82.4,21
2026-08-21T23:56:06,1488.3,68.3,6.08,6.09,8,12.649,15.406,82.1,21
2026-08-21T23:56:08,1490.3,66.6,5.99,6.07,8,12.62,15.406,81.9,21
2026-08-21T23:56:10,1492.3,76.4,5.99,6.07,8,12.833,15.406,83.3,21
2026-08-21T23:56:12,1494.3,67.3,5.91,6.05,8,12.802,15.406,83.1,21
2026-08-21T23:56:14,1496.3,64.9,5.91,6.05,8,12.759,15.406,82.8,21
2026-08-21T23:56:16,1498.3,76.1,5.91,6.05,8,12.898,15.406,83.7,21
2026-08-21T23:56:18,1500.3,66.4,6.0,6.07,8,12.854,15.406,83.4,21
2026-08-21T23:56:20,1502.3,65.8,6.0,6.07,8,12.783,15.406,83.0,21
2026-08-21T23:56:22,1504.3,75.0,6.32,6.13,8,12.857,15.406,83.5,21
2026-08-21T23:56:24,1506.3,73.3,6.32,6.13,8,12.724,15.406,82.6,21
2026-08-21T23:56:26,1508.3,71.1,6.32,6.13,8,12.714,15.406,82.5,21
2026-08-21T23:56:28,1510.4,65.3,6.21,6.11,8,12.7,15.406,82.4,21
2026-08-21T23:56:30,1512.4,84.1,6.21,6.11,8,12.92,15.406,83.9,21
2026-08-21T23:56:32,1514.4,68.6,6.04,6.08,8,12.885,15.406,83.6,21
2026-08-21T23:56:34,1516.4,65.4,6.04,6.08,8,12.857,15.406,83.5,21
2026-08-21T23:56:36,1518.4,71.0,6.04,6.08,8,13.326,15.406,86.5,21
2026-08-21T23:56:38,1520.4,76.2,6.27,6.13,8,13.019,15.406,84.5,21
2026-08-21T23:56:40,1522.4,65.6,6.27,6.13,8,12.962,15.406,84.1,21
2026-08-21T23:56:42,1524.4,66.7,6.09,6.09,8,12.916,15.406,83.8,21
2026-08-21T23:56:44,1526.4,81.4,6.09,6.09,8,12.88,15.406,83.6,21
2026-08-21T23:56:46,1528.4,65.9,6.09,6.09,8,12.84,15.406,83.3,21
2026-08-21T23:56:48,1530.4,64.6,5.92,6.05,8,12.81,15.406,83.1,21
2026-08-21T23:56:50,1532.4,79.9,5.92,6.05,8,12.809,15.406,83.1,21
2026-08-21T23:56:52,1534.4,69.1,5.77,6.02,8,12.778,15.406,82.9,21
2026-08-21T23:56:54,1536.4,64.5,5.77,6.02,8,12.742,15.406,82.7,21
2026-08-21T23:56:56,1538.4,67.2,5.77,6.02,8,13.022,15.406,84.5,21
2026-08-21T23:56:58,1540.4,81.7,6.03,6.07,8,13.125,15.406,85.2,21
2026-08-21T23:57:00,1542.4,66.5,6.03,6.07,8,13.063,15.406,84.8,21
2026-08-21T23:57:02,1544.4,66.3,5.87,6.04,8,13.006,15.406,84.4,21
2026-08-21T23:57:04,1546.4,77.9,5.87,6.04,8,12.828,15.406,83.3,21
2026-08-21T23:57:06,1548.4,67.1,5.87,6.04,8,12.809,15.406,83.1,21
2026-08-21T23:57:08,1550.4,67.2,5.8,6.02,8,12.778,15.406,82.9,21
2026-08-21T23:57:10,1552.4,78.2,5.8,6.02,8,12.865,15.406,83.5,21
2026-08-21T23:57:12,1554.4,71.2,5.73,6.0,8,12.666,15.406,82.2,21
2026-08-21T23:57:14,1556.4,65.9,5.73,6.0,8,12.633,15.406,82.0,21
2026-08-21T23:57:16,1558.4,64.6,5.73,6.0,8,12.977,15.406,84.2,21
2026-08-21T23:57:18,1560.4,63.3,5.59,5.97,8,12.661,15.406,82.2,21
2026-08-21T23:57:20,1562.4,66.0,5.59,5.97,8,12.662,15.406,82.2,21
2026-08-21T23:57:22,1564.4,70.8,5.87,6.02,8,12.709,15.406,82.5,21
2026-08-21T23:57:24,1566.4,75.3,5.87,6.02,8,13.012,15.406,84.5,21
2026-08-21T23:57:26,1568.4,71.3,5.87,6.02,8,12.869,15.406,83.5,21
2026-08-21T23:57:28,1570.4,65.2,5.8,6.0,8,12.841,15.406,83.4,21
2026-08-21T23:57:30,1572.4,69.4,5.8,6.0,8,12.919,15.406,83.9,21
2026-08-21T23:57:32,1574.4,81.9,5.97,6.03,8,12.81,15.406,83.1,21
2026-08-21T23:57:34,1576.4,67.9,5.97,6.03,8,12.779,15.406,82.9,21
2026-08-21T23:57:36,1578.4,66.0,5.97,6.03,8,12.744,15.406,82.7,21
2026-08-21T23:57:38,1580.4,79.9,6.62,6.17,8,12.765,15.406,82.9,21
2026-08-21T23:57:40,1582.4,64.8,6.62,6.17,8,12.75,15.406,82.8,21
2026-08-21T23:57:42,1584.4,66.9,6.57,6.16,8,12.734,15.406,82.7,21
2026-08-21T23:57:44,1586.4,67.0,6.57,6.16,8,13.097,15.406,85.0,21
2026-08-21T23:57:46,1588.4,74.1,6.57,6.16,8,12.804,15.406,83.1,21
2026-08-21T23:57:48,1590.4,65.3,6.44,6.14,8,12.778,15.406,82.9,21
2026-08-21T23:57:50,1592.4,67.7,6.44,6.14,8,12.855,15.406,83.4,21
2026-08-21T23:57:52,1594.4,82.3,6.25,6.11,8,12.769,15.406,82.9,21
2026-08-21T23:57:54,1596.4,68.1,6.25,6.11,8,12.773,15.406,82.9,21
2026-08-21T23:57:56,1598.4,65.3,6.25,6.11,8,12.747,15.406,82.7,21
2026-08-21T23:57:58,1600.4,77.2,6.15,6.09,8,13.217,15.406,85.8,21
2026-08-21T23:58:00,1602.4,67.5,6.15,6.09,8,12.936,15.406,84.0,21
2026-08-21T23:58:02,1604.4,67.4,6.05,6.07,8,12.909,15.406,83.8,21
2026-08-21T23:58:04,1606.4,68.3,6.05,6.07,8,13.22,15.406,85.8,21
2026-08-21T23:58:06,1608.4,78.0,6.05,6.07,8,12.974,15.406,84.2,21
2026-08-21T23:58:08,1610.4,64.5,5.89,6.04,8,12.943,15.406,84.0,21
2026-08-21T23:58:10,1612.4,64.9,5.89,6.04,8,12.851,15.406,83.4,21
2026-08-21T23:58:12,1614.4,77.3,5.9,6.04,8,12.837,15.406,83.3,21
2026-08-21T23:58:14,1616.4,66.8,5.9,6.04,8,12.815,15.406,83.2,21
2026-08-21T23:58:16,1618.4,65.7,5.9,6.04,8,12.8,15.406,83.1,21
2026-08-21T23:58:18,1620.4,81.5,5.75,6.0,8,12.667,15.406,82.2,21
2026-08-21T23:58:20,1622.4,68.9,5.75,6.0,8,12.668,15.406,82.2,21
2026-08-21T23:58:22,1624.4,71.5,5.61,5.97,8,12.669,15.406,82.2,21
2026-08-21T23:58:24,1626.4,72.7,5.61,5.97,8,13.105,15.406,85.1,21
2026-08-21T23:58:26,1628.4,73.9,5.61,5.97,8,12.656,15.406,82.2,21
2026-08-21T23:58:28,1630.4,64.7,5.48,5.94,8,12.638,15.406,82.0,21
2026-08-21T23:58:30,1632.4,67.8,5.48,5.94,8,12.593,15.406,81.7,21
2026-08-21T23:58:32,1634.4,78.9,5.44,5.92,8,12.634,15.406,82.0,21
2026-08-21T23:58:34,1636.4,65.8,5.44,5.92,8,12.604,15.406,81.8,21
2026-08-21T23:58:36,1638.4,68.3,5.44,5.92,8,12.586,15.406,81.7,21
2026-08-21T23:58:38,1640.4,72.9,5.4,5.9,8,12.682,15.406,82.3,21
2026-08-21T23:58:40,1642.4,66.5,5.4,5.9,8,12.644,15.406,82.1,21
2026-08-21T23:58:42,1644.4,65.9,6.17,6.06,8,12.619,15.406,81.9,21
2026-08-21T23:58:44,1646.4,77.8,6.17,6.06,8,12.526,15.406,81.3,21
2026-08-21T23:58:46,1648.4,65.5,6.17,6.06,8,12.51,15.406,81.2,21
2026-08-21T23:58:48,1650.4,64.7,6.64,6.15,8,12.499,15.406,81.1,21
2026-08-21T23:58:50,1652.4,75.0,6.64,6.15,8,12.722,15.406,82.6,21
2026-08-21T23:58:52,1654.4,68.2,6.51,6.13,8,12.551,15.406,81.5,21
2026-08-21T23:58:54,1656.4,68.5,6.51,6.13,8,12.527,15.406,81.3,21
2026-08-21T23:58:56,1658.4,67.5,6.51,6.13,8,12.886,15.406,83.6,21
2026-08-21T23:58:58,1660.4,74.2,6.39,6.12,8,12.545,15.406,81.4,21
2026-08-21T23:59:00,1662.4,66.3,6.39,6.12,8,12.508,15.406,81.2,21
2026-08-21T23:59:02,1664.4,68.2,6.27,6.1,8,12.491,15.406,81.1,21
2026-08-21T23:59:04,1666.4,69.6,6.27,6.1,8,12.594,15.406,81.8,21
2026-08-21T23:59:06,1668.4,64.9,6.27,6.1,8,12.551,15.406,81.5,21
2026-08-21T23:59:08,1670.4,66.1,6.17,6.08,8,12.519,15.406,81.3,21
2026-08-21T23:59:10,1672.4,75.9,6.17,6.08,8,12.639,15.406,82.0,21
2026-08-21T23:59:12,1674.4,68.0,6.08,6.06,8,12.601,15.406,81.8,21
2026-08-21T23:59:14,1676.4,66.7,6.08,6.06,8,12.563,15.406,81.5,21
2026-08-21T23:59:16,1678.4,73.8,6.08,6.06,8,12.988,15.406,84.3,21
2026-08-21T23:59:18,1680.4,72.0,6.47,6.14,8,12.788,15.406,83.0,21
2026-08-21T23:59:20,1682.4,66.3,6.47,6.14,8,12.762,15.406,82.8,21
2026-08-21T23:59:22,1684.4,75.0,6.43,6.14,8,12.764,15.406,82.9,21
2026-08-21T23:59:24,1686.4,83.5,6.43,6.14,8,12.897,15.406,83.7,21
2026-08-21T23:59:26,1688.4,66.8,6.43,6.14,8,12.847,15.406,83.4,21
2026-08-21T23:59:28,1690.4,65.8,6.32,6.12,8,12.816,15.406,83.2,21
2026-08-21T23:59:30,1692.4,73.6,6.32,6.12,8,12.923,15.406,83.9,21
2026-08-21T23:59:32,1694.4,76.1,6.21,6.1,8,13.046,15.406,84.7,21
2026-08-21T23:59:34,1696.4,64.9,6.21,6.1,8,13.012,15.406,84.5,21
2026-08-21T23:59:36,1698.4,64.8,6.21,6.1,8,12.958,15.406,84.1,21
2026-08-21T23:59:38,1700.4,82.6,6.68,6.2,8,12.933,15.406,83.9,21
2026-08-21T23:59:40,1702.4,67.2,6.68,6.2,8,12.898,15.406,83.7,21
2026-08-21T23:59:42,1704.4,66.8,6.86,6.25,8,12.877,15.406,83.6,21
2026-08-21T23:59:44,1706.4,73.8,6.86,6.25,8,13.015,15.406,84.5,21
2026-08-21T23:59:46,1708.4,72.8,6.86,6.25,8,13.104,15.406,85.1,21
2026-08-21T23:59:48,1710.4,64.2,6.71,6.23,8,13.066,15.406,84.8,21
2026-08-21T23:59:50,1712.4,66.7,6.71,6.23,8,13.08,15.406,84.9,21
2026-08-21T23:59:52,1714.4,87.0,6.58,6.21,8,13.123,15.406,85.2,21
2026-08-21T23:59:54,1716.4,68.6,6.58,6.21,8,13.072,15.406,84.9,21
2026-08-21T23:59:56,1718.4,65.1,6.58,6.21,8,13.02,15.406,84.5,21
2026-08-21T23:59:58,1720.4,72.2,6.61,6.22,8,13.111,15.406,85.1,21
2026-08-22T00:00:00,1722.4,74.3,6.61,6.22,8,13.08,15.406,84.9,21
2026-08-22T00:00:02,1724.4,69.9,6.48,6.2,8,13.033,15.406,84.6,21
2026-08-22T00:00:04,1726.4,69.0,6.48,6.2,8,12.977,15.406,84.2,21
2026-08-22T00:00:06,1728.4,79.8,6.48,6.2,8,12.924,15.406,83.9,21
2026-08-22T00:00:08,1730.4,66.8,6.36,6.18,8,12.876,15.406,83.6,21
2026-08-22T00:00:10,1732.4,65.8,6.36,6.18,8,12.856,15.406,83.5,21
2026-08-22T00:00:12,1734.4,73.5,6.25,6.16,8,13.217,15.406,85.8,21
2026-08-22T00:00:14,1736.4,73.8,6.25,6.16,8,12.893,15.406,83.7,21
2026-08-22T00:00:16,1738.4,65.0,6.25,6.16,8,12.849,15.406,83.4,21
2026-08-22T00:00:18,1740.4,69.6,6.15,6.14,8,13.126,15.406,85.2,21
2026-08-22T00:00:20,1742.4,83.0,6.15,6.14,8,13.056,15.406,84.8,21
2026-08-22T00:00:22,1744.4,73.4,5.98,6.1,8,13.051,15.406,84.7,21
2026-08-22T00:00:24,1746.4,67.8,5.98,6.1,8,13.013,15.406,84.5,21
2026-08-22T00:00:26,1748.4,68.5,5.98,6.1,8,13.01,15.406,84.4,21
2026-08-22T00:00:28,1750.4,70.1,5.9,6.08,8,12.823,15.406,83.2,21
2026-08-22T00:00:30,1752.4,68.6,5.9,6.08,8,12.79,15.406,83.0,21
2026-08-22T00:00:32,1754.4,66.0,5.75,6.05,8,12.733,15.406,82.6,21
2026-08-22T00:00:34,1756.4,83.4,5.75,6.05,8,13.006,15.406,84.4,21
2026-08-22T00:00:36,1758.4,66.8,5.75,6.05,8,12.97,15.406,84.2,21
2026-08-22T00:00:38,1760.4,65.0,5.61,6.02,8,12.939,15.406,84.0,21
2026-08-22T00:00:40,1762.4,81.6,5.61,6.02,8,13.016,15.406,84.5,21
2026-08-22T00:00:42,1764.4,66.2,5.56,6.0,8,12.974,15.406,84.2,21
2026-08-22T00:00:44,1766.4,66.8,5.56,6.0,8,12.935,15.406,84.0,21
2026-08-22T00:00:46,1768.4,69.8,5.56,6.0,8,13.393,15.406,86.9,21
2026-08-22T00:00:48,1770.4,76.6,5.84,6.05,8,12.854,15.406,83.4,21
2026-08-22T00:00:50,1772.4,71.1,5.84,6.05,8,12.829,15.406,83.3,21
2026-08-22T00:00:52,1774.4,67.4,5.77,6.03,8,12.78,15.406,83.0,21
2026-08-22T00:00:54,1776.4,76.5,5.77,6.03,8,12.71,15.406,82.5,21
2026-08-22T00:00:56,1778.4,68.4,5.77,6.03,8,12.734,15.406,82.7,21
2026-08-22T00:00:58,1780.4,71.4,5.71,6.01,8,12.769,15.406,82.9,21
2026-08-22T00:01:00,1782.4,71.0,5.71,6.01,8,13.401,15.406,87.0,21
2026-08-22T00:01:02,1784.4,77.9,5.65,6.0,8,13.203,15.406,85.7,21
2026-08-22T00:01:04,1786.4,69.0,5.65,6.0,8,13.139,15.406,85.3,21
2026-08-22T00:01:06,1788.4,66.9,5.65,6.0,8,13.08,15.406,84.9,21
2026-08-22T00:01:08,1790.4,80.8,6.0,6.06,8,13.019,15.406,84.5,21
2026-08-22T00:01:10,1792.4,65.3,6.0,6.06,8,12.981,15.406,84.3,21
2026-08-22T00:01:12,1794.4,65.9,5.92,6.05,8,12.94,15.406,84.0,21
2026-08-22T00:01:14,1796.4,78.0,5.92,6.05,8,12.94,15.406,84.0,21
2026-08-22T00:01:16,1798.4,67.8,5.92,6.05,8,12.916,15.406,83.8,21
2026-08-22T00:01:18,1800.4,66.3,5.84,6.03,8,12.895,15.406,83.7,21
2026-08-22T00:01:20,1802.4,64.4,5.84,6.03,8,13.011,15.406,84.5,21
2026-08-22T00:01:22,1804.4,82.2,5.78,6.01,8,12.796,15.406,83.1,21
2026-08-22T00:01:24,1806.4,74.2,5.78,6.01,8,12.77,15.406,82.9,21
2026-08-22T00:01:26,1808.4,67.5,5.78,6.01,8,12.759,15.406,82.8,21
2026-08-22T00:01:28,1810.4,72.8,5.71,5.99,8,13.124,15.406,85.2,21
2026-08-22T00:01:30,1812.4,72.8,5.71,5.99,8,12.874,15.406,83.6,21
2026-08-22T00:01:32,1814.4,68.8,5.66,5.98,8,12.841,15.406,83.4,21
2026-08-22T00:01:34,1816.4,66.2,5.66,5.98,8,12.996,15.406,84.4,21
2026-08-22T00:01:36,1818.4,81.4,5.66,5.98,8,12.809,15.406,83.1,21
2026-08-22T00:01:38,1820.4,64.6,5.6,5.96,8,12.794,15.406,83.0,21
2026-08-22T00:01:40,1822.4,65.1,5.6,5.96,8,12.779,15.406,82.9,21
2026-08-22T00:01:42,1824.4,80.7,5.64,5.96,8,12.873,15.406,83.6,21
2026-08-22T00:01:44,1826.4,64.8,5.64,5.96,8,12.839,15.406,83.3,21
2026-08-22T00:01:46,1828.4,66.2,5.64,5.96,8,12.808,15.406,83.1,21
2026-08-22T00:01:48,1830.4,70.5,5.58,5.95,8,13.055,15.406,84.7,21
2026-08-22T00:01:50,1832.4,73.4,5.58,5.95,8,12.82,15.406,83.2,21
2026-08-22T00:01:52,1834.4,67.5,5.54,5.93,8,12.793,15.406,83.0,21
2026-08-22T00:01:54,1836.4,64.6,5.54,5.93,8,12.769,15.406,82.9,21
2026-08-22T00:01:56,1838.4,82.7,5.54,5.93,8,12.699,15.406,82.4,21
2026-08-22T00:01:58,1840.4,67.4,5.49,5.91,8,12.682,15.406,82.3,21
2026-08-22T00:02:00,1842.4,66.8,5.49,5.91,8,12.664,15.406,82.2,21
2026-08-22T00:02:02,1844.4,79.1,5.94,6.0,8,13.085,15.406,84.9,21
2026-08-22T00:02:04,1846.4,71.8,5.94,6.0,8,13.069,15.406,84.8,21
2026-08-22T00:02:06,1848.4,65.6,5.94,6.0,8,13.024,15.406,84.5,21
2026-08-22T00:02:08,1850.4,69.9,5.86,5.98,8,13.396,15.406,87.0,21
2026-08-22T00:02:10,1852.4,74.8,5.86,5.98,8,12.925,15.406,83.9,21
2026-08-22T00:02:12,1854.4,67.2,5.79,5.97,8,12.883,15.406,83.6,21
2026-08-22T00:02:14,1856.4,63.8,5.79,5.97,8,12.844,15.406,83.4,21
2026-08-22T00:02:16,1858.4,76.4,5.79,5.97,8,13.254,15.406,86.0,21
2026-08-22T00:02:18,1860.4,66.0,5.73,5.95,8,13.212,15.406,85.8,21
2026-08-22T00:02:20,1862.4,66.5,5.73,5.95,8,13.143,15.406,85.3,21
2026-08-22T00:02:22,1864.4,82.6,5.99,6.0,8,13.046,15.406,84.7,21
2026-08-22T00:02:24,1866.4,69.4,5.99,6.0,8,12.998,15.406,84.4,21
2026-08-22T00:02:26,1868.4,64.4,5.99,6.0,8,12.958,15.406,84.1,21
2026-08-22T00:02:28,1870.4,70.4,5.83,5.97,8,13.239,15.406,85.9,21
2026-08-22T00:02:30,1872.4,78.1,5.83,5.97,8,12.953,15.406,84.1,21
2026-08-22T00:02:32,1874.4,66.4,5.76,5.95,8,12.899,15.406,83.7,21
2026-08-22T00:02:34,1876.4,67.7,5.76,5.95,8,12.843,15.406,83.4,21
2026-08-22T00:02:36,1878.4,81.8,5.76,5.95,8,12.875,15.406,83.6,21
2026-08-22T00:02:38,1880.4,64.8,5.7,5.93,8,12.849,15.406,83.4,21
2026-08-22T00:02:40,1882.4,65.0,5.7,5.93,8,12.815,15.406,83.2,21
2026-08-22T00:02:42,1884.4,75.3,5.97,5.99,8,12.811,15.406,83.2,21
2026-08-22T00:02:44,1886.4,68.6,5.97,5.99,8,12.667,15.406,82.2,21
2026-08-22T00:02:46,1888.4,64.5,5.97,5.99,8,12.656,15.406,82.2,21
2026-08-22T00:02:48,1890.4,66.5,5.89,5.97,8,12.882,15.406,83.6,21
2026-08-22T00:02:50,1892.4,79.1,5.89,5.97,8,12.633,15.406,82.0,21
2026-08-22T00:02:52,1894.4,67.5,5.82,5.95,8,12.611,15.406,81.9,21
2026-08-22T00:02:54,1896.4,66.7,5.82,5.95,8,12.593,15.406,81.7,21
2026-08-22T00:02:56,1898.4,80.2,5.82,5.95,8,12.785,15.406,83.0,21
2026-08-22T00:02:58,1900.4,66.7,5.75,5.94,8,12.753,15.406,82.8,21
2026-08-22T00:03:00,1902.4,67.7,5.75,5.94,8,12.735,15.406,82.7,21
2026-08-22T00:03:02,1904.4,76.8,6.01,5.99,8,13.037,15.406,84.6,21
2026-08-22T00:03:04,1906.4,71.3,6.01,5.99,8,12.878,15.406,83.6,21
2026-08-22T00:03:06,1908.4,64.9,6.01,5.99,8,12.837,15.406,83.3,21
2026-08-22T00:03:08,1910.4,67.2,6.01,5.99,8,12.785,15.406,83.0,21
2026-08-22T00:03:10,1912.4,80.4,6.01,5.99,8,12.949,15.406,84.1,21
2026-08-22T00:03:12,1914.4,69.9,5.93,5.97,8,12.991,15.406,84.3,21
2026-08-22T00:03:14,1916.4,66.4,5.93,5.97,8,12.961,15.406,84.1,21
2026-08-22T00:03:16,1918.4,93.6,5.93,5.97,8,13.501,15.406,87.6,21
2026-08-22T00:03:18,1920.4,94.5,6.42,6.07,8,13.293,15.406,86.3,21
2026-08-22T00:03:20,1922.4,80.2,6.42,6.07,8,13.123,15.406,85.2,21
2026-08-22T00:03:22,1924.4,84.3,6.94,6.19,8,13.162,15.406,85.4,21
2026-08-22T00:03:24,1926.4,81.5,6.94,6.19,8,13.435,15.406,87.2,21
2026-08-22T00:03:26,1928.4,82.5,6.94,6.19,8,13.511,15.406,87.7,21
2026-08-22T00:03:28,1930.4,85.6,7.83,6.38,8,13.074,15.406,84.9,21
2026-08-22T00:03:30,1932.4,73.0,7.83,6.38,8,12.854,15.406,83.4,21
2026-08-22T00:03:32,1934.4,72.5,7.6,6.36,8,12.78,15.406,83.0,21
2026-08-22T00:03:34,1936.5,70.7,7.6,6.36,8,13.024,15.406,84.5,21
2026-08-22T00:03:36,1938.5,78.1,7.6,6.36,8,12.894,15.406,83.7,21
2026-08-22T00:03:38,1940.5,67.3,7.39,6.34,8,12.868,15.406,83.5,21
2026-08-22T00:03:40,1942.5,71.0,7.39,6.34,8,12.819,15.406,83.2,21
2026-08-22T00:03:42,1944.5,72.2,7.2,6.31,8,12.727,15.406,82.6,21
2026-08-22T00:03:44,1946.5,71.3,7.2,6.31,8,12.673,15.406,82.3,21
2026-08-22T00:03:46,1948.5,71.6,7.2,6.31,8,12.66,15.406,82.2,21
2026-08-22T00:03:48,1950.5,80.1,7.27,6.34,8,12.798,15.406,83.1,21
2026-08-22T00:03:50,1952.5,84.2,7.27,6.34,8,12.805,15.406,83.1,21
2026-08-22T00:03:52,1954.5,68.3,7.08,6.32,8,12.726,15.406,82.6,21
2026-08-22T00:03:54,1956.5,72.5,7.08,6.32,8,12.677,15.406,82.3,21
2026-08-22T00:03:56,1958.5,75.0,7.08,6.32,8,12.759,15.406,82.8,21
2026-08-22T00:03:58,1960.5,78.8,7.32,6.38,8,12.643,15.406,82.1,21
2026-08-22T00:04:00,1962.5,67.3,7.32,6.38,8,12.627,15.406,82.0,21
2026-08-22T00:04:02,1964.5,69.1,7.13,6.36,8,12.591,15.406,81.7,21
2026-08-22T00:04:04,1966.5,76.4,7.13,6.36,8,12.651,15.406,82.1,21
2026-08-22T00:04:06,1968.5,65.6,7.13,6.36,8,12.609,15.406,81.8,21
2026-08-22T00:04:08,1970.5,67.7,6.96,6.34,8,12.582,15.406,81.7,21
2026-08-22T00:04:10,1972.5,67.1,6.96,6.34,8,12.831,15.406,83.3,21
2026-08-22T00:04:12,1974.5,67.5,6.72,6.3,8,12.801,15.406,83.1,21
2026-08-22T00:04:14,1976.5,67.3,6.72,6.3,8,12.745,15.406,82.7,21
2026-08-22T00:04:16,1978.5,64.6,6.72,6.3,8,12.872,15.406,83.6,21
2026-08-22T00:04:18,1980.5,76.1,7.07,6.38,8,12.795,15.406,83.1,21
2026-08-22T00:04:20,1982.5,66.8,7.07,6.38,8,12.75,15.406,82.8,21
2026-08-22T00:04:22,1984.5,74.3,7.54,6.49,8,12.752,15.406,82.8,21
2026-08-22T00:04:24,1986.5,76.6,7.54,6.49,8,12.785,15.406,83.0,21
2026-08-22T00:04:26,1988.5,66.4,7.54,6.49,8,12.742,15.406,82.7,21
2026-08-22T00:04:28,1990.5,65.6,7.5,6.49,8,12.681,15.406,82.3,21
2026-08-22T00:04:30,1992.5,74.3,7.5,6.49,8,12.726,15.406,82.6,21
2026-08-22T00:04:32,1994.5,69.2,7.3,6.47,8,12.668,15.406,82.2,21
2026-08-22T00:04:34,1996.5,68.9,7.3,6.47,8,12.597,15.406,81.8,21
2026-08-22T00:04:36,1998.5,68.4,7.3,6.47,8,12.586,15.406,81.7,21
2026-08-22T00:04:38,2000.5,67.6,7.11,6.45,8,12.409,15.406,80.5,21
2026-08-22T00:04:40,2002.5,65.9,7.11,6.45,8,12.394,15.406,80.4,21
2026-08-22T00:04:42,2004.5,71.5,6.94,6.42,8,12.379,15.406,80.4,21
2026-08-22T00:04:44,2006.5,74.7,6.94,6.42,8,12.568,15.406,81.6,21
2026-08-22T00:04:46,2008.5,65.9,6.94,6.42,8,12.55,15.406,81.5,21
2026-08-22T00:04:48,2010.5,65.4,6.79,6.4,8,12.519,15.406,81.3,21
2026-08-22T00:04:50,2012.5,77.9,6.79,6.4,8,12.514,15.406,81.2,21
2026-08-22T00:04:52,2014.5,68.2,6.65,6.37,8,12.485,15.406,81.0,21
2026-08-22T00:04:54,2016.5,66.0,6.65,6.37,8,12.468,15.406,80.9,21
2026-08-22T00:04:56,2018.5,76.8,6.65,6.37,8,12.585,15.406,81.7,21
2026-08-22T00:04:58,2020.5,65.8,6.51,6.35,8,12.558,15.406,81.5,21
2026-08-22T00:05:00,2022.5,69.7,6.51,6.35,8,12.525,15.406,81.3,21
2026-08-22T00:05:02,2024.5,74.3,6.79,6.41,8,12.566,15.406,81.6,21
2026-08-22T00:05:04,2026.5,70.2,6.79,6.41,8,12.545,15.406,81.4,21
2026-08-22T00:05:06,2028.5,66.4,6.79,6.41,8,12.51,15.406,81.2,21
2026-08-22T00:05:08,2030.5,68.1,6.73,6.4,8,12.626,15.406,82.0,21
2026-08-22T00:05:10,2032.5,70.1,6.73,6.4,8,12.466,15.406,80.9,21
2026-08-22T00:05:12,2034.5,67.6,6.59,6.38,8,12.39,15.406,80.4,21
2026-08-22T00:05:14,2036.5,63.9,6.59,6.38,8,12.382,15.406,80.4,21
2026-08-22T00:05:16,2038.5,72.3,6.59,6.38,8,12.627,15.406,82.0,21
2026-08-22T00:05:18,2040.5,66.8,6.38,6.34,8,12.59,15.406,81.7,21
2026-08-22T00:05:20,2042.5,66.7,6.38,6.34,8,12.567,15.406,81.6,21
2026-08-22T00:05:22,2044.5,74.5,6.43,6.35,8,12.465,15.406,80.9,21
2026-08-22T00:05:24,2046.5,69.2,6.43,6.35,8,12.427,15.406,80.7,21
2026-08-22T00:05:26,2048.5,67.5,6.43,6.35,8,12.404,15.406,80.5,21
2026-08-22T00:05:28,2050.5,65.9,6.24,6.31,8,12.411,15.406,80.6,21
2026-08-22T00:05:30,2052.5,69.1,6.24,6.31,8,12.406,15.406,80.5,21
2026-08-22T00:05:32,2054.5,67.5,6.06,6.27,8,12.398,15.406,80.5,21
2026-08-22T00:05:34,2056.5,68.2,6.06,6.27,8,12.462,15.406,80.9,21
2026-08-22T00:05:36,2058.5,68.3,6.06,6.27,8,12.421,15.406,80.6,21
2026-08-22T00:05:38,2060.5,67.4,6.37,6.34,8,12.397,15.406,80.5,21
2026-08-22T00:05:40,2062.5,69.7,6.37,6.34,8,12.361,15.406,80.2,21
2026-08-22T00:05:42,2064.5,70.0,6.26,6.31,8,12.354,15.406,80.2,21
2026-08-22T00:05:44,2066.5,65.3,6.26,6.31,8,12.342,15.406,80.1,21
2026-08-22T00:05:46,2068.5,69.3,6.26,6.31,8,12.384,15.406,80.4,21
2026-08-22T00:05:48,2070.5,64.7,6.16,6.29,8,12.375,15.406,80.3,21
2026-08-22T00:05:50,2072.5,68.2,6.16,6.29,8,12.372,15.406,80.3,21
2026-08-22T00:05:52,2074.5,68.2,5.99,6.25,8,12.372,15.406,80.3,21
2026-08-22T00:05:54,2076.5,63.7,5.99,6.25,8,12.304,15.406,79.9,21
2026-08-22T00:05:56,2078.5,67.3,5.99,6.25,8,12.305,15.406,79.9,21
2026-08-22T00:05:58,2080.5,66.4,5.91,6.23,8,12.313,15.406,79.9,21
2026-08-22T00:06:00,2082.5,71.8,5.91,6.23,8,12.508,15.406,81.2,21
2026-08-22T00:06:02,2084.5,68.2,5.84,6.21,8,12.509,15.406,81.2,21
2026-08-22T00:06:04,2086.5,68.3,5.84,6.21,8,12.521,15.406,81.3,21
2026-08-22T00:06:06,2088.5,70.5,5.84,6.21,8,12.355,15.406,80.2,21
2026-08-22T00:06:08,2090.5,72.4,5.69,6.18,8,12.329,15.406,80.0,21
2026-08-22T00:06:10,2092.5,72.4,5.69,6.18,8,12.318,15.406,80.0,21
2026-08-22T00:06:12,2094.5,70.5,5.63,6.16,8,12.383,15.406,80.4,21
2026-08-22T00:06:14,2096.5,66.3,5.63,6.16,8,12.387,15.406,80.4,21
2026-08-22T00:06:16,2098.5,66.2,5.63,6.16,8,12.386,15.406,80.4,21
2026-08-22T00:06:18,2100.5,53.2,5.58,6.14,8,12.405,15.406,80.5,21
2026-08-22T00:06:20,2102.5,28.3,5.58,6.14,8,12.481,15.406,81.0,21
2026-08-22T00:06:22,2104.5,18.8,5.38,6.08,8,13.671,15.406,88.7,21
2026-08-22T00:06:24,2106.5,41.8,5.38,6.08,8,13.823,15.406,89.7,17
2026-08-22T00:06:26,2108.5,68.1,5.38,6.08,8,14.224,15.406,92.3,17
2026-08-22T00:06:28,2110.5,59.9,5.35,6.07,8,14.504,15.406,94.1,17
2026-08-22T00:06:30,2112.5,19.8,5.35,6.07,8,14.479,15.406,94.0,17
2026-08-22T00:06:32,2114.5,14.3,5.0,5.98,8,14.431,15.406,93.7,17
2026-08-22T00:06:34,2116.5,15.3,5.0,5.98,8,14.409,15.406,93.5,17
2026-08-22T00:06:36,2118.5,14.5,5.0,5.98,8,14.402,15.406,93.5,17
2026-08-22T00:06:38,2120.5,13.8,4.68,5.9,8,14.403,15.406,93.5,17
2026-08-22T00:06:40,2122.5,13.8,4.68,5.9,8,14.398,15.406,93.5,17
2026-08-22T00:06:42,2124.5,16.1,4.38,5.82,8,14.416,15.406,93.6,17
2026-08-22T00:06:44,2126.5,14.2,4.38,5.82,8,14.442,15.406,93.7,17
2026-08-22T00:06:46,2128.5,16.0,4.38,5.82,8,14.463,15.406,93.9,17
2026-08-22T00:06:48,2130.5,22.2,4.19,5.75,8,12.206,15.406,79.2,9
2026-08-22T00:06:50,2132.5,63.9,4.19,5.75,8,11.678,15.406,75.8,0
2026-08-22T00:06:52,2134.5,52.1,4.18,5.72,8,11.667,15.406,75.7,0
2026-08-22T00:06:54,2136.5,33.1,4.18,5.72,8,11.68,15.406,75.8,0
2026-08-22T00:06:56,2138.5,16.0,4.18,5.72,8,11.774,15.406,76.4,1
2026-08-22T00:06:58,2140.5,54.1,3.92,5.65,8,12.453,15.406,80.8,10
2026-08-22T00:07:00,2142.5,39.1,3.92,5.65,8,13.343,15.406,86.6,21
2026-08-22T00:07:02,2144.5,49.7,3.93,5.62,8,14.211,15.406,92.2,21
2026-08-22T00:07:04,2146.5,38.9,3.93,5.62,8,14.479,15.406,94.0,21
2026-08-22T00:07:06,2148.5,30.2,3.93,5.62,8,14.493,15.406,94.1,21
2026-08-22T00:07:08,2150.5,46.7,3.93,5.59,8,14.5,15.406,94.1,21
2026-08-22T00:07:10,2152.5,45.2,3.93,5.59,8,14.51,15.406,94.2,21
2026-08-22T00:07:12,2154.5,38.3,4.18,5.61,8,14.537,15.406,94.4,21
2026-08-22T00:07:14,2156.5,39.6,4.18,5.61,8,14.524,15.406,94.3,21
2026-08-22T00:07:16,2158.5,37.5,4.18,5.61,8,14.531,15.406,94.3,21
2026-08-22T00:07:18,2160.5,38.0,4.41,5.64,8,14.539,15.406,94.4,21
2026-08-22T00:07:20,2162.5,41.5,4.41,5.64,8,14.536,15.406,94.4,21
2026-08-22T00:07:22,2164.5,41.2,4.13,5.56,8,14.604,15.406,94.8,21
2026-08-22T00:07:24,2166.5,45.6,4.13,5.56,8,14.144,15.406,91.8,19
2026-08-22T00:07:26,2168.5,28.6,4.13,5.56,8,14.453,15.406,93.8,19
2026-08-22T00:07:28,2170.5,32.8,4.04,5.52,8,14.55,15.406,94.4,19
2026-08-22T00:07:30,2172.5,27.2,4.04,5.52,8,14.53,15.406,94.3,19
2026-08-22T00:07:32,2174.5,37.6,4.12,5.51,8,14.505,15.406,94.2,19
2026-08-22T00:07:34,2176.5,37.6,4.12,5.51,8,14.5,15.406,94.1,19
2026-08-22T00:07:36,2178.5,38.2,4.12,5.51,8,14.494,15.406,94.1,19
2026-08-22T00:07:38,2180.5,36.9,4.67,5.6,8,14.488,15.406,94.0,19
2026-08-22T00:07:40,2182.5,37.7,4.67,5.6,8,14.486,15.406,94.0,19
2026-08-22T00:07:42,2184.5,35.2,4.38,5.52,8,14.488,15.406,94.0,19
2026-08-22T00:07:44,2186.5,37.8,4.38,5.52,8,14.496,15.406,94.1,19
2026-08-22T00:07:46,2188.5,38.2,4.38,5.52,8,14.495,15.406,94.1,19
2026-08-22T00:07:48,2190.5,35.9,4.35,5.5,8,14.495,15.406,94.1,19
2026-08-22T00:07:50,2192.5,40.8,4.35,5.5,8,14.49,15.406,94.1,19
2026-08-22T00:07:52,2194.5,39.1,4.32,5.47,8,14.49,15.406,94.1,19
2026-08-22T00:07:54,2196.5,38.3,4.32,5.47,8,14.49,15.406,94.1,19
2026-08-22T00:07:56,2198.5,37.3,4.32,5.47,8,14.487,15.406,94.0,19
2026-08-22T00:07:58,2200.5,39.8,4.05,5.4,8,14.499,15.406,94.1,19
2026-08-22T00:08:00,2202.5,39.8,4.05,5.4,8,14.505,15.406,94.2,19
2026-08-22T00:08:02,2204.5,37.5,4.13,5.39,8,14.505,15.406,94.2,19
2026-08-22T00:08:04,2206.5,39.2,4.13,5.39,8,14.492,15.406,94.1,19
2026-08-22T00:08:06,2208.5,38.0,4.13,5.39,8,14.532,15.406,94.3,19
2026-08-22T00:08:08,2210.5,37.6,4.12,5.37,8,14.531,15.406,94.3,19
2026-08-22T00:08:10,2212.5,37.6,4.12,5.37,8,14.517,15.406,94.2,19
2026-08-22T00:08:12,2214.5,38.4,4.27,5.38,8,14.519,15.406,94.2,19
2026-08-22T00:08:14,2216.5,36.9,4.27,5.38,8,14.52,15.406,94.3,19
2026-08-22T00:08:16,2218.5,39.5,4.27,5.38,8,14.512,15.406,94.2,19
2026-08-22T00:08:18,2220.5,38.3,4.17,5.34,8,14.514,15.406,94.2,19
2026-08-22T00:08:20,2222.5,37.5,4.17,5.34,8,14.528,15.406,94.3,19
2026-08-22T00:08:22,2224.5,41.3,4.07,5.3,8,14.61,15.406,94.8,19
2026-08-22T00:08:24,2226.5,51.2,4.07,5.3,8,14.195,15.406,92.1,17
2026-08-22T00:08:26,2228.5,32.3,4.07,5.3,8,14.469,15.406,93.9,17
2026-08-22T00:08:28,2230.5,28.1,3.99,5.26,8,14.566,15.406,94.5,17
2026-08-22T00:08:30,2232.5,28.3,3.99,5.26,8,14.557,15.406,94.5,17
2026-08-22T00:08:32,2234.5,38.8,3.99,5.24,8,14.52,15.406,94.3,17
2026-08-22T00:08:34,2236.5,38.1,3.99,5.24,8,14.515,15.406,94.2,17
2026-08-22T00:08:36,2238.5,37.3,3.99,5.24,8,14.514,15.406,94.2,17
2026-08-22T00:08:38,2240.5,36.8,3.75,5.17,8,14.487,15.406,94.0,17
2026-08-22T00:08:40,2242.5,36.3,3.75,5.17,8,14.483,15.406,94.0,17
2026-08-22T00:08:42,2244.5,37.1,3.53,5.1,8,14.487,15.406,94.0,17
2026-08-22T00:08:44,2246.5,36.3,3.53,5.1,8,14.494,15.406,94.1,17
2026-08-22T00:08:46,2248.5,36.0,3.53,5.1,8,14.487,15.406,94.0,17
2026-08-22T00:08:48,2250.5,37.1,3.81,5.13,8,14.487,15.406,94.0,17
2026-08-22T00:08:50,2252.5,39.5,3.81,5.13,8,14.496,15.406,94.1,17
2026-08-22T00:08:52,2254.5,37.4,3.98,5.15,8,14.496,15.406,94.1,17
2026-08-22T00:08:54,2256.5,38.2,3.98,5.15,8,14.496,15.406,94.1,17
2026-08-22T00:08:56,2258.5,40.3,3.98,5.15,8,14.485,15.406,94.0,17
2026-08-22T00:08:58,2260.5,40.1,3.98,5.13,8,14.501,15.406,94.1,17
2026-08-22T00:09:00,2262.5,41.7,3.98,5.13,8,14.489,15.406,94.1,17
2026-08-22T00:09:02,2264.5,35.7,4.23,5.16,8,14.488,15.406,94.0,17
2026-08-22T00:09:04,2266.5,39.1,4.23,5.16,8,14.492,15.406,94.1,17
2026-08-22T00:09:06,2268.5,36.0,4.23,5.16,8,14.48,15.406,94.0,17
2026-08-22T00:09:08,2270.5,37.2,4.05,5.11,8,14.476,15.406,94.0,17
2026-08-22T00:09:10,2272.5,37.8,4.05,5.11,8,14.48,15.406,94.0,17
2026-08-22T00:09:12,2274.5,36.7,4.2,5.12,8,14.478,15.406,94.0,17
2026-08-22T00:09:14,2276.5,36.9,4.2,5.12,8,14.472,15.406,93.9,17
2026-08-22T00:09:16,2278.5,36.3,4.2,5.12,8,14.472,15.406,93.9,17
2026-08-22T00:09:18,2280.5,37.5,3.95,5.05,8,14.475,15.406,94.0,17
2026-08-22T00:09:20,2282.5,37.4,3.95,5.05,8,14.477,15.406,94.0,17
2026-08-22T00:09:22,2284.5,40.7,3.95,5.04,8,14.525,15.406,94.3,17
2026-08-22T00:09:24,2286.5,40.1,3.95,5.04,8,14.551,15.406,94.5,17
2026-08-22T00:09:26,2288.5,37.5,3.95,5.04,8,14.55,15.406,94.4,17
2026-08-22T00:09:28,2290.5,38.7,4.04,5.03,8,14.552,15.406,94.5,17
2026-08-22T00:09:30,2292.5,39.9,4.04,5.03,8,14.532,15.406,94.3,17
2026-08-22T00:09:32,2294.5,36.3,3.87,4.98,8,14.533,15.406,94.3,17
2026-08-22T00:09:34,2296.5,36.2,3.87,4.98,8,14.52,15.406,94.3,17
2026-08-22T00:09:36,2298.5,36.9,3.87,4.98,8,14.516,15.406,94.2,17
2026-08-22T00:09:38,2300.5,36.9,3.64,4.92,8,14.516,15.406,94.2,17
2026-08-22T00:09:40,2302.5,36.9,3.64,4.92,8,14.507,15.406,94.2,17
2026-08-22T00:09:42,2304.5,37.6,3.43,4.85,8,14.503,15.406,94.1,17
2026-08-22T00:09:44,2306.5,35.0,3.43,4.85,8,14.51,15.406,94.2,17
2026-08-22T00:09:46,2308.5,36.4,3.43,4.85,8,14.508,15.406,94.2,17
2026-08-22T00:09:48,2310.5,36.3,3.48,4.84,8,14.501,15.406,94.1,17
2026-08-22T00:09:50,2312.5,41.4,3.48,4.84,8,14.501,15.406,94.1,17
2026-08-22T00:09:52,2314.5,37.9,3.44,4.81,8,14.499,15.406,94.1,17
2026-08-22T00:09:54,2316.5,37.6,3.44,4.81,8,14.518,15.406,94.2,17
2026-08-22T00:09:56,2318.5,38.2,3.44,4.81,8,14.522,15.406,94.3,17
2026-08-22T00:09:58,2320.5,39.4,3.48,4.79,8,14.532,15.406,94.3,17
2026-08-22T00:10:00,2322.5,42.8,3.48,4.79,8,14.533,15.406,94.3,17
2026-08-22T00:10:02,2324.5,38.0,3.52,4.78,8,14.532,15.406,94.3,17
2026-08-22T00:10:04,2326.5,38.3,3.52,4.78,8,14.531,15.406,94.3,17
2026-08-22T00:10:06,2328.5,39.3,3.52,4.78,8,14.527,15.406,94.3,17
2026-08-22T00:10:08,2330.5,36.3,3.32,4.72,8,14.523,15.406,94.3,17
2026-08-22T00:10:10,2332.5,37.8,3.32,4.72,8,14.517,15.406,94.2,17
2026-08-22T00:10:12,2334.5,36.7,3.22,4.67,8,14.535,15.406,94.3,17
2026-08-22T00:10:14,2336.5,36.5,3.22,4.67,8,14.531,15.406,94.3,17
2026-08-22T00:10:16,2338.5,37.5,3.22,4.67,8,14.531,15.406,94.3,17
2026-08-22T00:10:18,2340.5,36.7,3.44,4.69,8,14.53,15.406,94.3,17
2026-08-22T00:10:20,2342.5,37.9,3.44,4.69,8,14.532,15.406,94.3,17
2026-08-22T00:10:22,2344.5,38.5,3.24,4.63,8,14.581,15.406,94.7,17
2026-08-22T00:10:24,2346.5,39.0,3.24,4.63,8,14.597,15.406,94.8,17
2026-08-22T00:10:26,2348.5,36.4,3.24,4.63,8,14.603,15.406,94.8,17
2026-08-22T00:10:28,2350.5,40.3,3.06,4.57,8,14.614,15.406,94.9,17
2026-08-22T00:10:30,2352.5,39.1,3.06,4.57,8,14.588,15.406,94.7,17
2026-08-22T00:10:32,2354.5,38.2,3.46,4.63,8,14.571,15.406,94.6,17
2026-08-22T00:10:34,2356.5,38.7,3.46,4.63,8,14.571,15.406,94.6,17
2026-08-22T00:10:36,2358.5,36.7,3.46,4.63,8,14.57,15.406,94.6,17
2026-08-22T00:10:38,2360.5,37.1,3.58,4.64,8,14.57,15.406,94.6,17
2026-08-22T00:10:40,2362.5,36.4,3.58,4.64,8,14.557,15.406,94.5,17
2026-08-22T00:10:42,2364.5,36.9,3.62,4.62,8,14.562,15.406,94.5,17
2026-08-22T00:10:44,2366.5,37.4,3.62,4.62,8,14.565,15.406,94.5,17
2026-08-22T00:10:46,2368.5,34.4,3.62,4.62,8,14.557,15.406,94.5,17
2026-08-22T00:10:48,2370.5,36.9,3.41,4.56,8,14.558,15.406,94.5,17
2026-08-22T00:10:50,2372.5,37.5,3.41,4.56,8,14.559,15.406,94.5,17
2026-08-22T00:10:52,2374.5,38.3,3.21,4.5,8,14.56,15.406,94.5,17
2026-08-22T00:10:54,2376.5,37.1,3.21,4.5,8,14.56,15.406,94.5,17
2026-08-22T00:10:56,2378.5,37.3,3.21,4.5,8,14.561,15.406,94.5,17
2026-08-22T00:10:58,2380.5,38.9,3.04,4.45,8,14.588,15.406,94.7,17
2026-08-22T00:11:00,2382.5,39.3,3.04,4.45,8,14.629,15.406,95.0,17
2026-08-22T00:11:02,2384.5,36.8,3.19,4.46,8,14.621,15.406,94.9,17
2026-08-22T00:11:04,2386.5,37.7,3.19,4.46,8,14.601,15.406,94.8,17
2026-08-22T00:11:06,2388.5,41.7,3.19,4.46,8,14.591,15.406,94.7,17
2026-08-22T00:11:08,2390.5,37.6,3.02,4.4,8,14.593,15.406,94.7,17
2026-08-22T00:11:10,2392.5,42.5,3.02,4.4,8,14.604,15.406,94.8,17
2026-08-22T00:11:12,2394.5,35.7,3.02,4.37,8,14.611,15.406,94.8,17
2026-08-22T00:11:14,2396.5,39.4,3.02,4.37,8,14.606,15.406,94.8,17
2026-08-22T00:11:16,2398.5,36.9,3.02,4.37,8,14.597,15.406,94.7,17
2026-08-22T00:11:18,2400.5,38.4,3.1,4.37,8,14.593,15.406,94.7,17
2026-08-22T00:11:20,2402.5,37.8,3.1,4.37,8,14.608,15.406,94.8,17
2026-08-22T00:11:22,2404.5,43.2,3.01,4.33,8,13.802,15.406,89.6,15
2026-08-22T00:11:24,2406.5,29.0,3.01,4.33,8,14.446,15.406,93.8,17
2026-08-22T00:11:26,2408.5,40.8,3.01,4.33,8,13.843,15.406,89.9,15
2026-08-22T00:11:28,2410.5,43.8,2.93,4.29,8,14.489,15.406,94.0,17
2026-08-22T00:11:30,2412.5,36.0,2.93,4.29,8,14.317,15.406,92.9,17
2026-08-22T00:11:32,2414.5,43.2,3.01,4.28,8,14.648,15.406,95.1,17
2026-08-22T00:11:34,2416.5,47.2,3.01,4.28,8,14.463,15.406,93.9,17
2026-08-22T00:11:36,2418.5,36.3,3.01,4.28,8,14.186,15.406,92.1,17
2026-08-22T00:11:38,2420.5,43.1,3.01,4.26,8,14.626,15.406,94.9,17
2026-08-22T00:11:40,2422.6,55.4,3.01,4.26,8,14.429,15.406,93.7,17
2026-08-22T00:11:42,2424.6,35.9,3.01,4.24,8,13.901,15.406,90.2,17
2026-08-22T00:11:44,2426.6,41.9,3.01,4.24,8,14.547,15.406,94.4,17
2026-08-22T00:11:46,2428.6,50.7,3.01,4.24,8,14.353,15.406,93.2,17
2026-08-22T00:11:48,2430.6,33.3,3.01,4.22,8,14.17,15.406,92.0,17
2026-08-22T00:11:50,2432.6,45.0,3.01,4.22,8,14.479,15.406,94.0,17
2026-08-22T00:11:52,2434.6,50.6,3.01,4.2,8,14.152,15.406,91.9,17
2026-08-22T00:11:54,2436.6,32.7,3.01,4.2,8,14.582,15.406,94.7,17
2026-08-22T00:11:56,2438.6,43.3,3.01,4.2,8,14.334,15.406,93.0,17
2026-08-22T00:11:58,2440.6,58.2,2.93,4.16,8,14.641,15.406,95.0,17
2026-08-22T00:12:00,2442.6,51.3,2.93,4.16,8,14.381,15.406,93.4,17
2026-08-22T00:12:02,2444.6,56.6,2.93,4.14,8,14.644,15.406,95.1,17
2026-08-22T00:12:04,2446.6,56.6,2.93,4.14,8,14.293,15.406,92.8,17
2026-08-22T00:12:06,2448.6,52.6,2.93,4.14,8,14.5,15.406,94.1,17
2026-08-22T00:12:08,2450.6,81.2,3.02,4.14,8,13.619,15.406,88.4,14
2026-08-22T00:12:10,2452.6,40.1,3.02,4.14,8,14.404,15.406,93.5,17
2026-08-22T00:12:12,2454.6,40.4,3.18,4.16,8,14.079,15.406,91.4,15
2026-08-22T00:12:14,2456.6,54.3,3.18,4.16,8,14.459,15.406,93.9,17
2026-08-22T00:12:16,2458.6,51.8,3.18,4.16,8,13.869,15.406,90.0,15
2026-08-22T00:12:18,2460.6,34.0,3.16,4.14,8,14.541,15.406,94.4,17
2026-08-22T00:12:20,2462.6,50.9,3.16,4.14,8,14.355,15.406,93.2,17
2026-08-22T00:12:22,2464.6,52.6,3.23,4.13,8,14.677,15.406,95.3,17
2026-08-22T00:12:24,2466.6,42.7,3.23,4.13,8,14.405,15.406,93.5,17
2026-08-22T00:12:26,2468.6,44.0,3.23,4.13,8,13.938,15.406,90.5,17
2026-08-22T00:12:28,2470.6,65.2,3.29,4.13,8,14.543,15.406,94.4,17
2026-08-22T00:12:30,2472.6,63.6,3.29,4.13,8,14.226,15.406,92.3,17
2026-08-22T00:12:32,2474.6,45.8,3.27,4.11,8,14.641,15.406,95.0,17
2026-08-22T00:12:34,2476.6,53.9,3.27,4.11,8,14.459,15.406,93.9,17
2026-08-22T00:12:36,2478.6,50.5,3.27,4.11,8,14.325,15.406,93.0,17
2026-08-22T00:12:38,2480.6,35.7,3.17,4.08,8,14.639,15.406,95.0,17
2026-08-22T00:12:40,2482.6,46.1,3.17,4.08,8,14.41,15.406,93.5,17
2026-08-22T00:12:42,2484.6,52.5,3.15,4.06,8,14.116,15.406,91.6,17
2026-08-22T00:12:44,2486.6,37.4,3.15,4.06,8,13.688,15.406,88.9,14
2026-08-22T00:12:46,2488.6,55.9,3.15,4.06,8,14.485,15.406,94.0,17
2026-08-22T00:12:48,2490.6,38.9,3.22,4.06,8,14.431,15.406,93.7,17
2026-08-22T00:12:50,2492.6,48.7,3.22,4.06,8,13.912,15.406,90.3,15
2026-08-22T00:12:52,2494.6,33.4,3.12,4.02,8,14.584,15.406,94.7,17
2026-08-22T00:12:54,2496.6,47.2,3.12,4.02,8,14.402,15.406,93.5,17
2026-08-22T00:12:56,2498.6,49.9,3.12,4.02,8,13.889,15.406,90.2,15
2026-08-22T00:12:58,2500.6,37.1,3.03,3.99,8,14.58,15.406,94.6,17
2026-08-22T00:13:00,2502.6,47.7,3.03,3.99,8,14.367,15.406,93.3,17
2026-08-22T00:13:02,2504.6,47.0,3.27,4.02,8,14.623,15.406,94.9,17
2026-08-22T00:13:04,2506.6,33.5,3.27,4.02,8,14.42,15.406,93.6,17
2026-08-22T00:13:06,2508.6,40.2,3.27,4.02,8,14.613,15.406,94.9,17
2026-08-22T00:13:08,2510.6,27.5,3.09,3.97,8,14.61,15.406,94.8,17
2026-08-22T00:13:10,2512.6,37.4,3.09,3.97,8,14.604,15.406,94.8,17
2026-08-22T00:13:12,2514.6,37.7,3.4,4.02,8,14.599,15.406,94.8,17
2026-08-22T00:13:14,2516.6,36.3,3.4,4.02,8,14.599,15.406,94.8,17
2026-08-22T00:13:16,2518.6,36.8,3.4,4.02,8,14.596,15.406,94.7,17
2026-08-22T00:13:18,2520.6,37.6,3.77,4.09,8,14.594,15.406,94.7,17
2026-08-22T00:13:20,2522.6,38.8,3.77,4.09,8,14.595,15.406,94.7,17
2026-08-22T00:13:22,2524.6,42.7,3.63,4.06,8,13.8,15.406,89.6,15
2026-08-22T00:13:24,2526.6,32.9,3.63,4.06,8,14.501,15.406,94.1,17
2026-08-22T00:13:26,2528.6,42.4,3.63,4.06,8,14.309,15.406,92.9,17
2026-08-22T00:13:28,2530.6,45.8,3.5,4.02,8,14.624,15.406,94.9,17
2026-08-22T00:13:30,2532.6,37.8,3.5,4.02,8,14.383,15.406,93.4,17
2026-08-22T00:13:32,2534.6,43.3,3.62,4.04,8,14.65,15.406,95.1,18
2026-08-22T00:13:34,2536.6,43.4,3.62,4.04,8,14.49,15.406,94.1,17
2026-08-22T00:13:36,2538.6,32.0,3.62,4.04,8,13.846,15.406,89.9,15
2026-08-22T00:13:38,2540.6,41.5,3.57,4.02,8,14.513,15.406,94.2,17
2026-08-22T00:13:40,2542.6,51.9,3.57,4.02,8,14.277,15.406,92.7,17
2026-08-22T00:13:42,2544.6,35.2,3.44,3.99,8,14.63,15.406,95.0,17
2026-08-22T00:13:44,2546.6,45.8,3.44,3.99,8,14.388,15.406,93.4,17
2026-08-22T00:13:46,2548.6,52.7,3.44,3.99,8,14.657,15.406,95.1,17
2026-08-22T00:13:48,2550.6,27.3,3.33,3.95,8,14.553,15.406,94.5,17
2026-08-22T00:13:50,2552.6,56.5,3.33,3.95,8,14.665,15.406,95.2,17
2026-08-22T00:13:52,2554.6,62.9,3.46,3.97,8,14.424,15.406,93.6,17
2026-08-22T00:13:54,2556.6,37.1,3.46,3.97,8,13.943,15.406,90.5,17
2026-08-22T00:13:56,2558.6,38.6,3.46,3.97,8,14.561,15.406,94.5,17
2026-08-22T00:13:58,2560.6,49.1,3.34,3.94,8,14.38,15.406,93.3,17
2026-08-22T00:14:00,2562.6,34.7,3.34,3.94,8,14.618,15.406,94.9,17
2026-08-22T00:14:02,2564.6,37.0,3.16,3.89,8,14.627,15.406,94.9,17
2026-08-22T00:14:04,2566.6,36.8,3.16,3.89,8,14.63,15.406,95.0,17
2026-08-22T00:14:06,2568.6,37.8,3.16,3.89,8,14.626,15.406,94.9,17
2026-08-22T00:14:08,2570.6,37.1,3.22,3.89,8,14.637,15.406,95.0,17
2026-08-22T00:14:10,2572.6,44.7,3.22,3.89,8,14.415,15.406,93.6,17
2026-08-22T00:14:12,2574.6,44.0,3.77,3.99,8,14.653,15.406,95.1,17
2026-08-22T00:14:14,2576.6,31.9,3.77,3.99,8,14.435,15.406,93.7,17
2026-08-22T00:14:16,2578.6,37.2,3.77,3.99,8,14.597,15.406,94.8,17
2026-08-22T00:14:18,2580.6,28.0,3.79,3.99,8,14.589,15.406,94.7,17
2026-08-22T00:14:20,2582.6,41.7,3.79,3.99,8,14.606,15.406,94.8,17
2026-08-22T00:14:22,2584.6,46.2,4.04,4.04,8,13.843,15.406,89.9,15
2026-08-22T00:14:24,2586.6,41.9,4.04,4.04,8,14.549,15.406,94.4,17
2026-08-22T00:14:26,2588.6,51.6,4.04,4.04,8,14.344,15.406,93.1,17
2026-08-22T00:14:28,2590.6,32.3,3.96,4.03,8,14.655,15.406,95.1,17
2026-08-22T00:14:30,2592.6,45.8,3.96,4.03,8,14.469,15.406,93.9,17
2026-08-22T00:14:32,2594.6,49.7,3.96,4.02,8,14.281,15.406,92.7,17
2026-08-22T00:14:34,2596.6,34.7,3.96,4.02,8,14.605,15.406,94.8,17
2026-08-22T00:14:36,2598.6,42.4,3.96,4.02,8,14.357,15.406,93.2,17
2026-08-22T00:14:38,2600.6,48.0,3.81,3.99,8,14.63,15.406,95.0,17
2026-08-22T00:14:40,2602.6,29.8,3.81,3.99,8,14.554,15.406,94.5,17
2026-08-22T00:14:42,2604.6,50.3,3.82,3.99,8,14.193,15.406,92.1,17
2026-08-22T00:14:44,2606.6,45.2,3.82,3.99,8,14.581,15.406,94.6,17
2026-08-22T00:14:46,2608.6,47.8,3.82,3.99,8,14.425,15.406,93.6,17
2026-08-22T00:14:48,2610.6,36.0,3.68,3.96,8,13.889,15.406,90.2,15
2026-08-22T00:14:50,2612.6,44.2,3.68,3.96,8,14.555,15.406,94.5,17
2026-08-22T00:14:52,2614.6,53.7,3.78,3.98,8,14.435,15.406,93.7,17
2026-08-22T00:14:54,2616.6,36.6,3.78,3.98,8,13.897,15.406,90.2,17
2026-08-22T00:14:56,2618.6,45.9,3.78,3.98,8,14.516,15.406,94.2,17
2026-08-22T00:14:58,2620.6,52.8,4.44,4.11,8,14.385,15.406,93.4,17
2026-08-22T00:15:00,2622.6,47.6,4.44,4.11,8,14.616,15.406,94.9,17
2026-08-22T00:15:02,2624.6,33.1,4.24,4.07,8,14.376,15.406,93.3,17
2026-08-22T00:15:04,2626.6,42.6,4.24,4.07,8,14.638,15.406,95.0,17
2026-08-22T00:15:06,2628.6,49.4,4.24,4.07,8,14.427,15.406,93.6,17
2026-08-22T00:15:08,2630.6,31.1,4.06,4.04,8,13.82,15.406,89.7,15
2026-08-22T00:15:10,2632.6,41.0,4.06,4.04,8,14.478,15.406,94.0,17
2026-08-22T00:15:12,2634.6,47.2,3.98,4.02,8,14.197,15.406,92.2,17
2026-08-22T00:15:14,2636.6,35.9,3.98,4.02,8,14.59,15.406,94.7,17
2026-08-22T00:15:16,2638.6,41.7,3.98,4.02,8,14.357,15.406,93.2,17
2026-08-22T00:15:18,2640.6,52.4,3.82,3.99,8,14.605,15.406,94.8,17
2026-08-22T00:15:20,2642.6,19.4,3.82,3.99,8,14.102,15.406,91.5,17
2026-08-22T00:15:22,2644.6,43.4,3.67,3.96,8,14.577,15.406,94.6,17
2026-08-22T00:15:24,2646.6,55.3,3.67,3.96,8,14.261,15.406,92.6,17
2026-08-22T00:15:26,2648.6,37.8,3.67,3.96,8,14.608,15.406,94.8,17
2026-08-22T00:15:28,2650.6,46.6,3.86,3.99,8,14.423,15.406,93.6,17
2026-08-22T00:15:30,2652.6,46.2,3.86,3.99,8,14.123,15.406,91.7,17
2026-08-22T00:15:32,2654.6,49.9,3.79,3.97,8,14.526,15.406,94.3,17
2026-08-22T00:15:34,2656.6,39.2,3.79,3.97,8,14.334,15.406,93.0,17
2026-08-22T00:15:36,2658.6,79.5,3.79,3.97,8,14.443,15.406,93.8,17
2026-08-22T00:15:38,2660.6,38.9,3.65,3.94,8,14.012,15.406,91.0,17
2026-08-22T00:15:40,2662.6,41.3,3.65,3.94,8,14.601,15.406,94.8,17
2026-08-22T00:15:42,2664.6,48.6,3.6,3.92,8,14.399,15.406,93.5,17
2026-08-22T00:15:44,2666.6,35.3,3.6,3.92,8,13.932,15.406,90.4,17
2026-08-22T00:15:46,2668.6,39.3,3.6,3.92,8,14.607,15.406,94.8,17
2026-08-22T00:15:48,2670.6,49.2,3.47,3.89,8,14.424,15.406,93.6,17
2026-08-22T00:15:50,2672.6,35.9,3.47,3.89,8,14.003,15.406,90.9,17
2026-08-22T00:15:52,2674.6,46.3,3.35,3.86,8,14.586,15.406,94.7,17
2026-08-22T00:15:54,2676.6,40.3,3.35,3.86,8,14.268,15.406,92.6,17
2026-08-22T00:15:56,2678.6,64.5,3.35,3.86,8,14.635,15.406,95.0,17
2026-08-22T00:15:58,2680.6,37.6,3.4,3.86,8,14.516,15.406,94.2,17
2026-08-22T00:16:00,2682.6,54.4,3.4,3.86,8,14.274,15.406,92.7,17
2026-08-22T00:16:02,2684.6,51.2,4.01,3.98,8,14.607,15.406,94.8,17
2026-08-22T00:16:04,2686.6,34.2,4.01,3.98,8,14.338,15.406,93.1,17
2026-08-22T00:16:06,2688.6,44.0,4.01,3.98,8,14.603,15.406,94.8,17
2026-08-22T00:16:08,2690.6,30.3,3.69,3.91,8,14.619,15.406,94.9,17
2026-08-22T00:16:10,2692.6,39.6,3.69,3.91,8,14.61,15.406,94.8,17
2026-08-22T00:16:12,2694.6,37.2,3.55,3.88,8,14.613,15.406,94.9,17
2026-08-22T00:16:14,2696.6,36.7,3.55,3.88,8,14.613,15.406,94.9,17
2026-08-22T00:16:16,2698.6,38.1,3.55,3.88,8,14.613,15.406,94.9,17
2026-08-22T00:16:18,2700.6,36.8,3.35,3.83,8,14.602,15.406,94.8,17
2026-08-22T00:16:20,2702.6,37.6,3.35,3.83,8,14.628,15.406,95.0,17
2026-08-22T00:16:22,2704.6,45.8,3.64,3.89,8,14.144,15.406,91.8,17
2026-08-22T00:16:24,2706.6,28.5,3.64,3.89,8,14.624,15.406,94.9,17
2026-08-22T00:16:26,2708.6,35.5,3.64,3.89,8,14.502,15.406,94.1,17
2026-08-22T00:16:28,2710.6,45.4,3.83,3.92,8,14.33,15.406,93.0,17
2026-08-22T00:16:30,2712.6,50.3,3.83,3.92,8,14.62,15.406,94.9,17
2026-08-22T00:16:32,2714.6,36.5,3.76,3.91,8,14.452,15.406,93.8,17
2026-08-22T00:16:34,2716.6,43.5,3.76,3.91,8,13.944,15.406,90.5,17
2026-08-22T00:16:36,2718.6,51.6,3.76,3.91,8,14.532,15.406,94.3,17
2026-08-22T00:16:38,2720.6,35.9,3.62,3.88,8,14.383,15.406,93.4,17
2026-08-22T00:16:40,2722.6,44.8,3.62,3.88,8,13.847,15.406,89.9,15
2026-08-22T00:16:42,2724.6,47.3,3.81,3.91,8,14.5,15.406,94.1,17
2026-08-22T00:16:44,2726.6,35.1,3.81,3.91,8,14.4,15.406,93.5,17
2026-08-22T00:16:46,2728.6,43.4,3.81,3.91,8,14.67,15.406,95.2,17
2026-08-22T00:16:48,2730.6,49.1,3.67,3.88,8,14.492,15.406,94.1,17
2026-08-22T00:16:50,2732.6,35.9,3.67,3.88,8,14.215,15.406,92.3,17
2026-08-22T00:16:52,2734.6,44.5,3.53,3.85,8,14.614,15.406,94.9,17
2026-08-22T00:16:54,2736.6,51.4,3.53,3.85,8,14.397,15.406,93.5,17
2026-08-22T00:16:56,2738.7,55.3,3.53,3.85,8,14.549,15.406,94.4,17
2026-08-22T00:16:58,2740.7,70.3,3.73,3.88,8,14.115,15.406,91.6,17
2026-08-22T00:17:00,2742.7,36.1,3.73,3.88,8,14.609,15.406,94.8,17
2026-08-22T00:17:02,2744.7,45.6,3.59,3.85,8,14.375,15.406,93.3,17
2026-08-22T00:17:04,2746.7,46.7,3.59,3.85,8,14.638,15.406,95.0,17
2026-08-22T00:17:06,2748.7,34.1,3.59,3.85,8,14.473,15.406,93.9,17
2026-08-22T00:17:08,2750.7,43.2,3.95,3.92,8,14.296,15.406,92.8,17
2026-08-22T00:17:10,2752.7,48.4,3.95,3.92,8,14.619,15.406,94.9,17
2026-08-22T00:17:12,2754.7,34.7,3.79,3.89,8,14.35,15.406,93.1,17
2026-08-22T00:17:14,2756.7,39.8,3.79,3.89,8,14.656,15.406,95.1,17
2026-08-22T00:17:16,2758.7,48.1,3.79,3.89,8,14.456,15.406,93.8,17
2026-08-22T00:17:18,2760.7,34.5,3.65,3.86,8,14.231,15.406,92.4,17
2026-08-22T00:17:20,2762.7,41.8,3.65,3.86,8,14.611,15.406,94.8,17
2026-08-22T00:17:22,2764.7,54.7,4.15,3.96,8,14.419,15.406,93.6,17
2026-08-22T00:17:24,2766.7,36.7,4.15,3.96,8,14.095,15.406,91.5,17
2026-08-22T00:17:26,2768.7,44.7,4.15,3.96,8,14.593,15.406,94.7,17
2026-08-22T00:17:28,2770.7,64.6,4.7,4.08,8,14.318,15.406,92.9,17
2026-08-22T00:17:30,2772.7,63.9,4.7,4.08,8,14.58,15.406,94.6,17
2026-08-22T00:17:32,2774.7,44.6,4.49,4.04,8,14.536,15.406,94.4,17
2026-08-22T00:17:34,2776.7,42.5,4.49,4.04,8,14.389,15.406,93.4,17
2026-08-22T00:17:36,2778.7,82.0,4.49,4.04,8,14.449,15.406,93.8,17
2026-08-22T00:17:38,2780.7,45.8,4.69,4.09,8,14.281,15.406,92.7,17
2026-08-22T00:17:40,2782.7,46.2,4.69,4.09,8,14.636,15.406,95.0,17
2026-08-22T00:17:42,2784.7,37.3,4.47,4.06,8,14.468,15.406,93.9,17
2026-08-22T00:17:44,2786.7,41.9,4.47,4.06,8,14.293,15.406,92.8,17
2026-08-22T00:17:46,2788.7,47.5,4.47,4.06,8,14.647,15.406,95.1,17
2026-08-22T00:17:48,2790.7,35.9,4.27,4.02,8,14.508,15.406,94.2,17
2026-08-22T00:17:50,2792.7,44.1,4.27,4.02,8,14.373,15.406,93.3,17
2026-08-22T00:17:52,2794.7,50.3,4.17,4.0,8,14.677,15.406,95.3,17
2026-08-22T00:17:54,2796.7,36.5,4.17,4.0,8,14.541,15.406,94.4,17
2026-08-22T00:17:56,2798.7,54.5,4.17,4.0,8,14.232,15.406,92.4,17
2026-08-22T00:17:58,2800.7,45.6,4.24,4.02,8,13.969,15.406,90.7,15
2026-08-22T00:18:00,2802.7,54.4,4.24,4.02,8,14.601,15.406,94.8,17
2026-08-22T00:18:02,2804.7,38.8,4.06,3.99,8,14.406,15.406,93.5,17
2026-08-22T00:18:04,2806.7,46.7,4.06,3.99,8,13.836,15.406,89.8,15
2026-08-22T00:18:06,2808.7,39.7,4.06,3.99,8,14.384,15.406,93.4,17
2026-08-22T00:18:08,2810.7,62.0,3.97,3.97,8,13.941,15.406,90.5,16
2026-08-22T00:18:10,2812.7,35.3,3.97,3.97,8,14.569,15.406,94.6,17
2026-08-22T00:18:12,2814.7,49.4,3.98,3.97,8,14.381,15.406,93.4,17
2026-08-22T00:18:14,2816.7,63.3,3.98,3.97,8,14.5,15.406,94.1,17
2026-08-22T00:18:16,2818.7,43.2,3.98,3.97,8,14.307,15.406,92.9,17
2026-08-22T00:18:18,2820.7,40.5,4.14,4.01,8,14.628,15.406,95.0,17
2026-08-22T00:18:20,2822.7,50.6,4.14,4.01,8,14.409,15.406,93.5,17
2026-08-22T00:18:22,2824.7,41.8,4.13,4.0,8,13.908,15.406,90.3,15
2026-08-22T00:18:24,2826.7,42.7,4.13,4.0,8,14.595,15.406,94.7,17
2026-08-22T00:18:26,2828.7,59.1,4.13,4.0,8,14.317,15.406,92.9,17
2026-08-22T00:18:28,2830.7,40.6,4.04,3.99,8,14.17,15.406,92.0,17
2026-08-22T00:18:30,2832.7,52.8,4.04,3.99,8,14.412,15.406,93.5,17
2026-08-22T00:18:32,2834.7,61.6,3.95,3.97,8,13.565,15.406,88.1,15
2026-08-22T00:18:34,2836.7,62.4,3.95,3.97,8,14.457,15.406,93.8,17
2026-08-22T00:18:36,2838.7,45.0,3.95,3.97,8,14.313,15.406,92.9,17
2026-08-22T00:18:38,2840.7,38.3,3.88,3.95,8,14.629,15.406,95.0,17
2026-08-22T00:18:40,2842.7,52.9,3.88,3.95,8,14.389,15.406,93.4,17
2026-08-22T00:18:42,2844.7,34.0,3.73,3.92,8,14.658,15.406,95.2,17
2026-08-22T00:18:44,2846.7,43.6,3.73,3.92,8,14.526,15.406,94.3,17
2026-08-22T00:18:46,2848.7,51.7,3.73,3.92,8,14.347,15.406,93.1,17
2026-08-22T00:18:48,2850.7,35.8,3.59,3.89,8,14.671,15.406,95.2,17
2026-08-22T00:18:50,2852.7,43.5,3.59,3.89,8,14.532,15.406,94.3,17
2026-08-22T00:18:52,2854.7,74.2,4.74,4.12,8,14.67,15.406,95.2,17
2026-08-22T00:18:54,2856.7,58.5,4.74,4.12,8,14.415,15.406,93.6,17
2026-08-22T00:18:56,2858.7,58.9,4.74,4.12,8,14.101,15.406,91.5,17
2026-08-22T00:18:58,2860.7,46.5,5.0,4.19,8,14.627,15.406,94.9,17
2026-08-22T00:19:00,2862.7,43.9,5.0,4.19,8,14.517,15.406,94.2,17
2026-08-22T00:19:02,2864.7,46.9,4.76,4.15,8,14.132,15.406,91.7,17
2026-08-22T00:19:04,2866.7,47.5,4.76,4.15,8,14.537,15.406,94.4,17
2026-08-22T00:19:06,2868.7,34.3,4.76,4.15,8,14.35,15.406,93.1,17
2026-08-22T00:19:08,2870.7,41.7,4.86,4.18,8,14.654,15.406,95.1,17
2026-08-22T00:19:10,2872.7,53.7,4.86,4.18,8,14.51,15.406,94.2,17
2026-08-22T00:19:12,2874.7,37.2,4.71,4.16,8,14.32,15.406,93.0,17
2026-08-22T00:19:14,2876.7,41.4,4.71,4.16,8,14.658,15.406,95.1,17
2026-08-22T00:19:16,2878.7,50.9,4.71,4.16,8,14.521,15.406,94.3,17
2026-08-22T00:19:18,2880.7,37.4,4.49,4.13,8,14.243,15.406,92.5,17
2026-08-22T00:19:20,2882.7,49.2,4.49,4.13,8,14.663,15.406,95.2,17
2026-08-22T00:19:22,2884.7,53.9,4.45,4.12,8,14.561,15.406,94.5,17
2026-08-22T00:19:24,2886.7,57.0,4.45,4.12,8,14.092,15.406,91.5,17
2026-08-22T00:19:26,2888.7,39.0,4.45,4.12,8,14.568,15.406,94.6,17
2026-08-22T00:19:28,2890.7,49.1,4.42,4.12,8,14.294,15.406,92.8,17
2026-08-22T00:19:30,2892.7,67.0,4.42,4.12,8,14.708,15.406,95.5,17
2026-08-22T00:19:32,2894.7,61.9,4.62,4.17,8,14.478,15.406,94.0,17
2026-08-22T00:19:34,2896.7,51.9,4.62,4.17,8,14.255,15.406,92.5,17
2026-08-22T00:19:36,2898.7,42.6,4.62,4.17,8,14.632,15.406,95.0,17
2026-08-22T00:19:38,2900.7,41.9,4.49,4.15,8,14.46,15.406,93.9,17
2026-08-22T00:19:40,2902.7,63.5,4.49,4.15,8,13.95,15.406,90.6,17
2026-08-22T00:19:42,2904.7,47.9,4.37,4.13,8,14.561,15.406,94.5,17
2026-08-22T00:19:44,2906.7,55.6,4.37,4.13,8,14.466,15.406,93.9,17
2026-08-22T00:19:46,2908.7,57.4,4.37,4.13,8,13.84,15.406,89.8,17
2026-08-22T00:19:48,2910.7,46.1,4.26,4.11,8,14.591,15.406,94.7,17
2026-08-22T00:19:50,2912.7,56.7,4.26,4.11,8,14.44,15.406,93.7,17
2026-08-22T00:19:52,2914.7,55.4,4.72,4.21,8,13.554,15.406,88.0,17
2026-08-22T00:19:54,2916.7,46.0,4.72,4.21,8,14.525,15.406,94.3,17
2026-08-22T00:19:56,2918.7,62.1,4.72,4.21,8,14.513,15.406,94.2,17
2026-08-22T00:19:58,2920.7,58.1,4.51,4.17,8,13.612,15.406,88.4,17
2026-08-22T00:20:00,2922.7,47.0,4.51,4.17,8,14.534,15.406,94.3,17
2026-08-22T00:20:02,2924.7,59.3,4.46,4.17,8,14.269,15.406,92.6,17
2026-08-22T00:20:04,2926.7,63.9,4.46,4.17,8,14.641,15.406,95.0,17
2026-08-22T00:20:06,2928.7,43.1,4.46,4.17,8,14.543,15.406,94.4,17
2026-08-22T00:20:08,2930.7,42.7,4.59,4.2,8,14.372,15.406,93.3,17
2026-08-22T00:20:10,2932.7,53.0,4.59,4.2,8,14.671,15.406,95.2,17
2026-08-22T00:20:12,2934.7,35.3,4.38,4.16,8,14.544,15.406,94.4,17
2026-08-22T00:20:14,2936.7,50.1,4.38,4.16,8,14.219,15.406,92.3,17
2026-08-22T00:20:16,2938.7,41.4,4.38,4.16,8,14.659,15.406,95.2,17
2026-08-22T00:20:18,2940.7,54.5,4.27,4.14,8,14.493,15.406,94.1,17
2026-08-22T00:20:20,2942.7,43.0,4.27,4.14,8,14.206,15.406,92.2,17
2026-08-22T00:20:22,2944.7,52.1,4.25,4.14,8,14.648,15.406,95.1,17
2026-08-22T00:20:24,2946.7,58.1,4.25,4.14,8,14.485,15.406,94.0,17
2026-08-22T00:20:26,2948.7,53.6,4.25,4.14,8,13.639,15.406,88.5,14
2026-08-22T00:20:28,2950.7,43.9,4.31,4.16,8,14.472,15.406,93.9,17
2026-08-22T00:20:30,2952.7,51.2,4.31,4.16,8,14.448,15.406,93.8,17
2026-08-22T00:20:32,2954.7,47.1,4.12,4.12,8,13.55,15.406,88.0,14
2026-08-22T00:20:34,2956.7,41.0,4.12,4.12,8,14.45,15.406,93.8,17
2026-08-22T00:20:36,2958.7,64.8,4.12,4.12,8,13.945,15.406,90.5,17
2026-08-22T00:20:38,2960.7,37.1,3.95,4.08,8,14.567,15.406,94.6,17
2026-08-22T00:20:40,2962.7,45.4,3.95,4.08,8,14.428,15.406,93.7,17
2026-08-22T00:20:42,2964.7,49.5,3.88,4.07,8,13.868,15.406,90.0,15
2026-08-22T00:20:44,2966.7,39.4,3.88,4.07,8,14.443,15.406,93.8,17
2026-08-22T00:20:46,2968.7,46.5,3.88,4.07,8,14.526,15.406,94.3,17
2026-08-22T00:20:48,2970.7,44.3,3.97,4.08,8,13.777,15.406,89.4,15
2026-08-22T00:20:50,2972.7,40.7,3.97,4.08,8,14.605,15.406,94.8,17
2026-08-22T00:20:52,2974.7,68.2,4.61,4.21,8,14.201,15.406,92.2,17
2026-08-22T00:20:54,2976.7,50.8,4.61,4.21,8,14.64,15.406,95.0,17
2026-08-22T00:20:56,2978.7,54.4,4.61,4.21,8,14.529,15.406,94.3,17
2026-08-22T00:20:58,2980.7,56.8,4.56,4.21,8,14.128,15.406,91.7,17
2026-08-22T00:21:00,2982.7,46.8,4.56,4.21,8,14.666,15.406,95.2,17
2026-08-22T00:21:02,2984.7,47.0,4.6,4.22,8,14.324,15.406,93.0,17
2026-08-22T00:21:04,2986.7,57.6,4.6,4.22,8,13.901,15.406,90.2,15
2026-08-22T00:21:06,2988.7,50.6,4.6,4.22,8,14.58,15.406,94.6,17
2026-08-22T00:21:08,2990.7,37.2,4.39,4.19,8,14.406,15.406,93.5,17
2026-08-22T00:21:10,2992.7,50.7,4.39,4.19,8,14.729,15.406,95.6,17
2026-08-22T00:21:12,2994.7,56.1,4.28,4.17,8,14.402,15.406,93.5,17
2026-08-22T00:21:14,2996.7,67.8,4.28,4.17,8,13.581,15.406,88.2,14
2026-08-22T00:21:16,2998.7,48.5,4.28,4.17,8,14.476,15.406,94.0,17
2026-08-22T00:21:18,3000.7,63.1,4.74,4.26,8,14.347,15.406,93.1,17
2026-08-22T00:21:20,3002.7,50.0,4.74,4.26,8,14.666,15.406,95.2,17
2026-08-22T00:21:22,3004.7,42.8,4.68,4.26,8,14.556,15.406,94.5,17
2026-08-22T00:21:24,3006.7,61.7,4.68,4.26,8,14.108,15.406,91.6,17
2026-08-22T00:21:26,3008.7,38.6,4.68,4.26,8,14.583,15.406,94.7,17
2026-08-22T00:21:28,3010.7,59.2,4.78,4.29,8,14.444,15.406,93.8,17
2026-08-22T00:21:30,3012.7,40.8,4.78,4.29,8,13.945,15.406,90.5,15
2026-08-22T00:21:32,3014.7,46.5,4.56,4.25,8,14.577,15.406,94.6,17
2026-08-22T00:21:34,3016.7,51.4,4.56,4.25,8,14.416,15.406,93.6,17
2026-08-22T00:21:36,3018.7,41.3,4.56,4.25,8,14.557,15.406,94.5,17
2026-08-22T00:21:38,3020.7,65.1,4.6,4.26,8,14.295,15.406,92.8,17
2026-08-22T00:21:40,3022.7,35.0,4.6,4.26,8,14.67,15.406,95.2,17
2026-08-22T00:21:42,3024.7,42.6,4.47,4.24,8,14.583,15.406,94.7,17
2026-08-22T00:21:44,3026.7,56.2,4.47,4.24,8,14.226,15.406,92.3,17
2026-08-22T00:21:46,3028.7,40.6,4.47,4.24,8,14.674,15.406,95.3,17
2026-08-22T00:21:48,3030.7,38.3,4.27,4.2,8,14.644,15.406,95.1,17
2026-08-22T00:21:50,3032.7,53.0,4.27,4.2,8,14.403,15.406,93.5,17
2026-08-22T00:21:52,3034.7,63.8,4.65,4.28,8,13.952,15.406,90.6,17
2026-08-22T00:21:54,3036.7,36.8,4.65,4.28,8,14.601,15.406,94.8,17
2026-08-22T00:21:56,3038.7,54.0,4.65,4.28,8,14.438,15.406,93.7,17
2026-08-22T00:21:58,3040.7,45.6,4.68,4.3,8,14.203,15.406,92.2,17
2026-08-22T00:22:00,3042.7,64.1,4.68,4.3,8,14.537,15.406,94.4,17
2026-08-22T00:22:02,3044.7,45.6,4.54,4.27,8,14.452,15.406,93.8,17
2026-08-22T00:22:04,3046.7,46.2,4.54,4.27,8,13.574,15.406,88.1,17
2026-08-22T00:22:06,3048.7,42.8,4.54,4.27,8,14.527,15.406,94.3,17
2026-08-22T00:22:08,3050.7,59.5,4.74,4.32,8,14.491,15.406,94.1,17
2026-08-22T00:22:10,3052.7,36.2,4.74,4.32,8,14.079,15.406,91.4,17
2026-08-22T00:22:12,3054.7,45.8,4.68,4.31,8,14.597,15.406,94.7,17
2026-08-22T00:22:14,3056.7,53.8,4.68,4.31,8,14.582,15.406,94.7,17
2026-08-22T00:22:16,3058.7,58.3,4.68,4.31,8,14.265,15.406,92.6,17
2026-08-22T00:22:18,3060.7,54.1,4.55,4.29,8,14.686,15.406,95.3,17
2026-08-22T00:22:20,3062.7,53.3,4.55,4.29,8,14.535,15.406,94.4,17
2026-08-22T00:22:22,3064.7,74.3,5.06,4.4,8,14.606,15.406,94.8,17
2026-08-22T00:22:24,3066.7,71.3,5.06,4.4,8,14.385,15.406,93.4,17
2026-08-22T00:22:26,3068.7,39.8,5.06,4.4,8,13.482,15.406,87.5,14
2026-08-22T00:22:28,3070.7,52.2,4.9,4.38,8,14.458,15.406,93.9,17
2026-08-22T00:22:30,3072.8,57.9,4.9,4.38,8,14.183,15.406,92.1,17
2026-08-22T00:22:32,3074.8,64.4,5.47,4.51,8,14.587,15.406,94.7,17
2026-08-22T00:22:34,3076.8,47.2,5.47,4.51,8,14.478,15.406,94.0,17
2026-08-22T00:22:36,3078.8,46.8,5.47,4.51,8,14.054,15.406,91.2,17
2026-08-22T00:22:38,3080.8,40.2,5.67,4.57,8,14.631,15.406,95.0,17
2026-08-22T00:22:40,3082.8,64.5,5.67,4.57,8,14.309,15.406,92.9,17
2026-08-22T00:22:42,3084.8,49.8,5.62,4.57,8,13.528,15.406,87.8,14
2026-08-22T00:22:44,3086.8,55.6,5.62,4.57,8,14.479,15.406,94.0,17
2026-08-22T00:22:46,3088.8,62.6,5.62,4.57,8,14.218,15.406,92.3,17
2026-08-22T00:22:48,3090.8,49.8,5.41,4.55,8,14.714,15.406,95.5,17
2026-08-22T00:22:50,3092.8,58.2,5.41,4.55,8,14.434,15.406,93.7,17
2026-08-22T00:22:52,3094.8,63.9,5.29,4.54,8,14.063,15.406,91.3,17
2026-08-22T00:22:54,3096.8,54.0,5.29,4.54,8,14.574,15.406,94.6,17
2026-08-22T00:22:56,3098.8,61.2,5.29,4.54,8,14.297,15.406,92.8,17
2026-08-22T00:22:58,3100.8,65.6,5.27,4.55,8,13.617,15.406,88.4,14
2026-08-22T00:23:00,3102.8,52.9,5.27,4.55,8,14.535,15.406,94.3,17
2026-08-22T00:23:02,3104.8,61.6,5.17,4.54,8,14.217,15.406,92.3,17
2026-08-22T00:23:04,3106.8,66.1,5.17,4.54,8,14.621,15.406,94.9,17
2026-08-22T00:23:06,3108.8,47.5,5.17,4.54,8,14.486,15.406,94.0,17
2026-08-22T00:23:08,3110.8,49.7,5.47,4.61,8,14.056,15.406,91.2,17
2026-08-22T00:23:10,3112.8,42.8,5.47,4.61,8,14.646,15.406,95.1,17
2026-08-22T00:23:12,3114.8,63.3,5.6,4.65,8,14.292,15.406,92.8,17
2026-08-22T00:23:14,3116.8,47.3,5.6,4.65,8,14.722,15.406,95.6,17
2026-08-22T00:23:16,3118.8,59.1,5.6,4.65,8,14.452,15.406,93.8,17
2026-08-22T00:23:18,3120.8,62.3,5.47,4.64,8,14.08,15.406,91.4,17
2026-08-22T00:23:20,3122.8,56.5,5.47,4.64,8,14.562,15.406,94.5,17
2026-08-22T00:23:22,3124.8,69.2,5.35,4.63,8,14.36,15.406,93.2,17
2026-08-22T00:23:24,3126.8,67.5,5.35,4.63,8,13.795,15.406,89.5,14
2026-08-22T00:23:26,3128.8,46.6,5.35,4.63,8,14.501,15.406,94.1,17
2026-08-22T00:23:28,3130.8,61.4,5.24,4.62,8,14.295,15.406,92.8,17
2026-08-22T00:23:30,3132.8,65.2,5.24,4.62,8,14.522,15.406,94.3,17
2026-08-22T00:23:32,3134.8,50.0,5.06,4.59,8,14.459,15.406,93.9,17
2026-08-22T00:23:34,3136.8,48.5,5.06,4.59,8,13.541,15.406,87.9,14
2026-08-22T00:23:36,3138.8,41.4,5.06,4.59,8,14.473,15.406,93.9,17
2026-08-22T00:23:38,3140.8,63.0,5.06,4.6,8,14.085,15.406,91.4,17
2026-08-22T00:23:40,3142.8,47.8,5.06,4.6,8,14.588,15.406,94.7,17
2026-08-22T00:23:42,3144.8,60.6,4.89,4.57,8,14.313,15.406,92.9,17
2026-08-22T00:23:44,3146.8,60.7,4.89,4.57,8,14.689,15.406,95.3,17
2026-08-22T00:23:46,3148.8,36.2,4.89,4.57,8,14.574,15.406,94.6,17
2026-08-22T00:23:48,3150.8,57.1,5.14,4.63,8,14.46,15.406,93.9,17
2026-08-22T00:23:50,3152.8,62.3,5.14,4.63,8,13.658,15.406,88.7,17
2026-08-22T00:23:52,3154.8,52.3,5.05,4.62,8,14.524,15.406,94.3,17
2026-08-22T00:23:54,3156.8,54.1,5.05,4.62,8,14.494,15.406,94.1,17
2026-08-22T00:23:56,3158.8,54.4,5.05,4.62,8,14.095,15.406,91.5,17
2026-08-22T00:23:58,3160.8,49.6,5.05,4.62,8,14.639,15.406,95.0,17
2026-08-22T00:24:00,3162.8,62.2,5.05,4.62,8,14.369,15.406,93.3,17
2026-08-22T00:24:02,3164.8,63.0,5.12,4.65,8,13.506,15.406,87.7,14
2026-08-22T00:24:04,3166.8,46.9,5.12,4.65,8,14.478,15.406,94.0,17
2026-08-22T00:24:06,3168.8,59.4,5.12,4.65,8,14.273,15.406,92.6,17
2026-08-22T00:24:08,3170.8,60.9,5.11,4.65,8,14.657,15.406,95.1,17
2026-08-22T00:24:10,3172.8,56.7,5.11,4.65,8,14.312,15.406,92.9,17
2026-08-22T00:24:12,3174.8,61.8,5.02,4.64,8,14.694,15.406,95.4,17
2026-08-22T00:24:14,3176.8,51.0,5.02,4.64,8,14.51,15.406,94.2,17
2026-08-22T00:24:16,3178.8,36.1,5.02,4.64,8,14.341,15.406,93.1,17
2026-08-22T00:24:18,3180.8,43.5,4.86,4.61,8,14.666,15.406,95.2,17
2026-08-22T00:24:20,3182.8,52.2,4.86,4.61,8,14.519,15.406,94.2,17
2026-08-22T00:24:22,3184.8,41.7,4.87,4.62,8,14.214,15.406,92.3,17
2026-08-22T00:24:24,3186.8,52.6,4.87,4.62,8,14.703,15.406,95.4,17
2026-08-22T00:24:26,3188.8,55.1,4.87,4.62,8,14.539,15.406,94.4,17
2026-08-22T00:24:28,3190.8,65.8,5.12,4.68,8,14.341,15.406,93.1,17
2026-08-22T00:24:30,3192.8,53.6,5.12,4.68,8,13.646,15.406,88.6,16
2026-08-22T00:24:32,3194.8,61.7,4.95,4.65,8,14.497,15.406,94.1,17
2026-08-22T00:24:34,3196.8,64.9,4.95,4.65,8,14.111,15.406,91.6,17
2026-08-22T00:24:36,3198.8,48.2,4.95,4.65,8,14.621,15.406,94.9,17
2026-08-22T00:24:38,3200.8,60.7,6.08,4.89,8,14.351,15.406,93.2,17
2026-08-22T00:24:40,3202.8,64.4,6.08,4.89,8,14.709,15.406,95.5,17
2026-08-22T00:24:42,3204.8,47.1,5.91,4.87,8,14.469,15.406,93.9,17
2026-08-22T00:24:44,3206.8,57.7,5.91,4.87,8,14.246,15.406,92.5,17
2026-08-22T00:24:46,3208.8,60.4,5.91,4.87,8,14.673,15.406,95.2,17
2026-08-22T00:24:48,3210.8,49.7,5.76,4.86,8,14.39,15.406,93.4,17
2026-08-22T00:24:50,3212.8,59.4,5.76,4.86,8,14.219,15.406,92.3,17
2026-08-22T00:24:52,3214.8,49.1,5.62,4.84,8,14.656,15.406,95.1,17
2026-08-22T00:24:54,3216.8,39.9,5.62,4.84,8,14.429,15.406,93.7,17
2026-08-22T00:24:56,3218.8,47.0,5.62,4.84,8,14.365,15.406,93.2,17
2026-08-22T00:24:58,3220.8,50.2,6.05,4.95,8,13.869,15.406,90.0,14
2026-08-22T00:25:00,3222.8,42.2,6.05,4.95,8,14.559,15.406,94.5,17
2026-08-22T00:25:02,3224.8,62.9,6.36,5.03,8,14.25,15.406,92.5,17
2026-08-22T00:25:04,3226.8,51.7,6.36,5.03,8,14.688,15.406,95.3,17
2026-08-22T00:25:06,3228.8,65.9,6.36,5.03,8,14.357,15.406,93.2,17
2026-08-22T00:25:08,3230.8,63.1,6.25,5.03,8,13.948,15.406,90.5,15
2026-08-22T00:25:10,3232.8,40.0,6.25,5.03,8,14.606,15.406,94.8,17
2026-08-22T00:25:12,3234.8,52.7,5.99,5.0,8,14.301,15.406,92.8,17
2026-08-22T00:25:14,3236.8,63.3,5.99,5.0,8,13.877,15.406,90.1,15
2026-08-22T00:25:16,3238.8,37.8,5.99,5.0,8,14.575,15.406,94.6,17
2026-08-22T00:25:18,3240.8,43.2,5.83,4.98,8,14.492,15.406,94.1,17
2026-08-22T00:25:20,3242.8,60.8,5.83,4.98,8,13.706,15.406,89.0,17
2026-08-22T00:25:22,3244.8,50.5,5.77,4.98,8,14.576,15.406,94.6,17
2026-08-22T00:25:24,3246.8,52.2,5.77,4.98,8,14.352,15.406,93.2,17
2026-08-22T00:25:26,3248.8,53.4,5.77,4.98,8,14.715,15.406,95.5,17
2026-08-22T00:25:28,3250.8,67.6,6.35,5.11,8,14.415,15.406,93.6,17
2026-08-22T00:25:30,3252.8,54.0,6.35,5.11,8,13.686,15.406,88.8,17
2026-08-22T00:25:32,3254.8,58.6,6.08,5.08,8,14.537,15.406,94.4,17
2026-08-22T00:25:34,3256.8,65.2,6.08,5.08,8,14.308,15.406,92.9,17
2026-08-22T00:25:36,3258.8,50.6,6.08,5.08,8,13.753,15.406,89.3,15
2026-08-22T00:25:38,3260.8,59.1,6.23,5.13,8,14.426,15.406,93.6,17
2026-08-22T00:25:40,3262.8,61.6,6.23,5.13,8,13.872,15.406,90.0,17
2026-08-22T00:25:42,3264.8,50.2,6.05,5.11,8,14.542,15.406,94.4,17
2026-08-22T00:25:44,3266.8,59.4,6.05,5.11,8,14.303,15.406,92.8,17
2026-08-22T00:25:46,3268.8,66.0,6.05,5.11,8,14.672,15.406,95.2,17
2026-08-22T00:25:48,3270.8,42.9,6.05,5.12,8,14.575,15.406,94.6,17
2026-08-22T00:25:50,3272.8,50.1,6.05,5.12,8,14.201,15.406,92.2,17
2026-08-22T00:25:52,3274.8,42.6,5.8,5.09,8,14.667,15.406,95.2,17
2026-08-22T00:25:54,3276.8,57.5,5.8,5.09,8,14.541,15.406,94.4,17
2026-08-22T00:25:56,3278.8,36.4,5.8,5.09,8,14.315,15.406,92.9,17
2026-08-22T00:25:58,3280.8,46.7,5.66,5.07,8,14.712,15.406,95.5,17
2026-08-22T00:26:00,3282.8,63.0,5.66,5.07,8,14.486,15.406,94.0,17
2026-08-22T00:26:02,3284.8,66.9,6.41,5.23,8,13.626,15.406,88.5,17
2026-08-22T00:26:04,3286.8,49.3,6.41,5.23,8,14.492,15.406,94.1,17
2026-08-22T00:26:06,3288.8,62.3,6.41,5.23,8,14.356,15.406,93.2,17
2026-08-22T00:26:08,3290.8,48.0,6.3,5.23,8,14.669,15.406,95.2,17
2026-08-22T00:26:10,3292.8,45.4,6.3,5.23,8,14.49,15.406,94.1,17
2026-08-22T00:26:12,3294.8,48.7,6.43,5.28,8,14.202,15.406,92.2,17
2026-08-22T00:26:14,3296.8,54.4,6.43,5.28,8,14.58,15.406,94.6,17
2026-08-22T00:26:16,3298.8,62.8,6.43,5.28,8,14.335,15.406,93.1,17
2026-08-22T00:26:18,3300.8,53.8,6.32,5.27,8,13.602,15.406,88.3,14
2026-08-22T00:26:20,3302.8,59.5,6.32,5.27,8,14.625,15.406,94.9,17
2026-08-22T00:26:22,3304.8,71.0,6.21,5.27,8,14.409,15.406,93.5,17
2026-08-22T00:26:24,3306.8,60.7,6.21,5.27,8,13.673,15.406,88.8,17
2026-08-22T00:26:26,3308.8,59.4,6.21,5.27,8,14.578,15.406,94.6,17
2026-08-22T00:26:28,3310.8,51.9,6.19,5.28,8,14.471,15.406,93.9,17
2026-08-22T00:26:30,3312.8,63.2,6.19,5.28,8,14.001,15.406,90.9,17
2026-08-22T00:26:32,3314.8,63.1,6.02,5.26,8,14.622,15.406,94.9,17
2026-08-22T00:26:34,3316.8,54.0,6.02,5.26,8,14.411,15.406,93.5,17
2026-08-22T00:26:36,3318.8,60.2,6.02,5.26,8,13.615,15.406,88.4,17
2026-08-22T00:26:38,3320.8,60.7,5.86,5.24,8,14.509,15.406,94.2,17
2026-08-22T00:26:40,3322.8,53.5,5.86,5.24,8,14.298,15.406,92.8,17
2026-08-22T00:26:42,3324.8,56.7,5.71,5.21,8,14.723,15.406,95.6,17
2026-08-22T00:26:44,3326.8,63.3,5.71,5.21,8,14.424,15.406,93.6,17
2026-08-22T00:26:46,3328.8,50.0,5.71,5.21,8,14.254,15.406,92.5,17
2026-08-22T00:26:48,3330.8,57.8,5.81,5.24,8,14.681,15.406,95.3,17
2026-08-22T00:26:50,3332.8,63.4,5.81,5.24,8,14.541,15.406,94.4,17
2026-08-22T00:26:52,3334.8,50.5,5.67,5.22,8,14.509,15.406,94.2,17
2026-08-22T00:26:54,3336.8,62.1,5.67,5.22,8,13.657,15.406,88.7,15
2026-08-22T00:26:56,3338.8,61.5,5.67,5.22,8,14.557,15.406,94.5,17
2026-08-22T00:26:58,3340.8,48.0,5.61,5.22,8,14.37,15.406,93.3,17
2026-08-22T00:27:00,3342.8,60.5,5.61,5.22,8,13.903,15.406,90.2,17
2026-08-22T00:27:02,3344.8,63.9,5.88,5.28,8,14.463,15.406,93.9,17
2026-08-22T00:27:04,3346.8,50.9,5.88,5.28,8,14.202,15.406,92.2,17
2026-08-22T00:27:06,3348.8,58.7,5.88,5.28,8,14.625,15.406,94.9,17
2026-08-22T00:27:08,3350.8,66.2,6.53,5.43,8,14.381,15.406,93.4,17
2026-08-22T00:27:10,3352.8,49.6,6.53,5.43,8,13.569,15.406,88.1,14
2026-08-22T00:27:12,3354.8,52.8,6.25,5.39,8,14.491,15.406,94.1,17
2026-08-22T00:27:14,3356.8,61.2,6.25,5.39,8,14.239,15.406,92.4,17
2026-08-22T00:27:16,3358.8,49.0,6.25,5.39,8,13.83,15.406,89.8,14
2026-08-22T00:27:18,3360.8,58.9,6.39,5.43,8,14.112,15.406,91.6,17
2026-08-22T00:27:20,3362.8,62.5,6.39,5.43,8,14.535,15.406,94.3,17
2026-08-22T00:27:22,3364.8,57.3,6.28,5.42,8,14.33,15.406,93.0,17
2026-08-22T00:27:24,3366.8,61.0,6.28,5.42,8,13.696,15.406,88.9,14
2026-08-22T00:27:26,3368.8,61.9,6.28,5.42,8,14.592,15.406,94.7,17
2026-08-22T00:27:28,3370.8,56.4,6.26,5.43,8,14.425,15.406,93.6,17
2026-08-22T00:27:30,3372.8,60.6,6.26,5.43,8,14.048,15.406,91.2,17
2026-08-22T00:27:32,3374.8,62.5,6.48,5.49,8,14.617,15.406,94.9,17
2026-08-22T00:27:34,3376.8,50.5,6.48,5.49,8,14.443,15.406,93.8,17
2026-08-22T00:27:36,3378.8,61.6,6.48,5.49,8,14.175,15.406,92.0,17
2026-08-22T00:27:38,3380.8,62.9,6.28,5.47,8,14.63,15.406,95.0,17
2026-08-22T00:27:40,3382.8,48.9,6.28,5.47,8,14.421,15.406,93.6,17
2026-08-22T00:27:42,3384.8,57.8,6.17,5.46,8,14.114,15.406,91.6,17
2026-08-22T00:27:44,3386.8,61.4,6.17,5.46,8,14.545,15.406,94.4,17
2026-08-22T00:27:46,3388.8,49.6,6.17,5.46,8,14.298,15.406,92.8,17
2026-08-22T00:27:48,3390.8,57.9,6.48,5.54,8,14.471,15.406,93.9,17
2026-08-22T00:27:50,3392.8,62.3,6.48,5.54,8,14.485,15.406,94.0,17
2026-08-22T00:27:52,3394.8,52.8,6.36,5.53,8,14.39,15.406,93.4,17
2026-08-22T00:27:54,3396.8,59.4,6.36,5.53,8,14.462,15.406,93.9,17
2026-08-22T00:27:56,3398.8,58.2,6.36,5.53,8,14.616,15.406,94.9,17
2026-08-22T00:27:58,3400.8,37.9,6.09,5.48,8,14.331,15.406,93.0,17
2026-08-22T00:28:00,3402.8,48.2,6.09,5.48,8,13.546,15.406,87.9,14
2026-08-22T00:28:02,3404.8,62.5,5.93,5.46,8,14.474,15.406,94.0,17
2026-08-22T00:28:04,3406.8,63.6,5.93,5.46,8,14.163,15.406,91.9,17
2026-08-22T00:28:06,3408.8,40.5,5.93,5.46,8,14.662,15.406,95.2,17
2026-08-22T00:28:08,3410.8,60.8,6.41,5.57,8,14.328,15.406,93.0,17
2026-08-22T00:28:10,3412.8,44.8,6.41,5.57,8,13.657,15.406,88.6,17
2026-08-22T00:28:12,3414.8,59.2,6.22,5.54,8,14.547,15.406,94.4,17
2026-08-22T00:28:14,3416.8,48.7,6.22,5.54,8,14.326,15.406,93.0,17
2026-08-22T00:28:16,3418.8,56.9,6.22,5.54,8,14.731,15.406,95.6,17
2026-08-22T00:28:18,3420.8,64.8,6.12,5.53,8,14.475,15.406,94.0,17
2026-08-22T00:28:20,3422.8,53.4,6.12,5.53,8,14.013,15.406,91.0,17
2026-08-22T00:28:22,3424.8,63.8,5.95,5.51,8,14.591,15.406,94.7,17
2026-08-22T00:28:24,3426.8,63.9,5.95,5.51,8,14.428,15.406,93.7,17
2026-08-22T00:28:26,3428.8,51.9,5.95,5.51,8,13.704,15.406,89.0,17
2026-08-22T00:28:28,3430.8,61.4,5.79,5.48,8,14.615,15.406,94.9,17
2026-08-22T00:28:30,3432.8,51.4,5.79,5.48,8,14.403,15.406,93.5,17
2026-08-22T00:28:32,3434.8,64.8,5.65,5.46,8,13.625,15.406,88.4,14
2026-08-22T00:28:34,3436.8,66.6,5.65,5.46,8,14.559,15.406,94.5,17
2026-08-22T00:28:36,3438.8,54.9,5.65,5.46,8,14.279,15.406,92.7,17
2026-08-22T00:28:38,3440.8,55.6,5.92,5.52,8,14.629,15.406,95.0,17
2026-08-22T00:28:40,3442.8,63.5,5.92,5.52,8,14.417,15.406,93.6,17
2026-08-22T00:28:42,3444.8,47.9,5.93,5.52,8,13.635,15.406,88.5,15
2026-08-22T00:28:44,3446.8,58.4,5.93,5.52,8,14.496,15.406,94.1,17
2026-08-22T00:28:46,3448.8,63.8,5.93,5.52,8,14.331,15.406,93.0,17
2026-08-22T00:28:48,3450.8,52.5,5.69,5.48,8,13.542,15.406,87.9,14
2026-08-22T00:28:50,3452.8,58.0,5.69,5.48,8,14.467,15.406,93.9,17
2026-08-22T00:28:52,3454.8,67.8,5.64,5.47,8,14.075,15.406,91.4,17
2026-08-22T00:28:54,3456.8,51.4,5.64,5.47,8,14.609,15.406,94.8,17
2026-08-22T00:28:56,3458.8,64.8,5.64,5.47,8,14.339,15.406,93.1,17
2026-08-22T00:28:58,3460.8,63.8,5.58,5.47,8,13.959,15.406,90.6,16
2026-08-22T00:29:00,3462.8,50.0,5.58,5.47,8,14.506,15.406,94.2,17
2026-08-22T00:29:02,3464.8,61.3,5.38,5.42,8,14.304,15.406,92.9,17
2026-08-22T00:29:04,3466.8,63.6,5.38,5.42,8,14.537,15.406,94.4,17
2026-08-22T00:29:06,3468.8,50.8,5.38,5.42,8,14.287,15.406,92.7,17
2026-08-22T00:29:08,3470.8,55.6,5.51,5.45,8,14.648,15.406,95.1,17
2026-08-22T00:29:10,3472.8,56.9,5.51,5.45,8,14.558,15.406,94.5,17
2026-08-22T00:29:12,3474.8,37.5,5.31,5.41,8,14.405,15.406,93.5,17
2026-08-22T00:29:14,3476.8,50.3,5.31,5.41,8,13.94,15.406,90.5,16
2026-08-22T00:29:16,3478.8,45.5,5.31,5.41,8,14.607,15.406,94.8,17
2026-08-22T00:29:18,3480.8,60.5,5.28,5.4,8,14.436,15.406,93.7,17
2026-08-22T00:29:20,3482.8,47.8,5.28,5.4,8,13.65,15.406,88.6,17
2026-08-22T00:29:22,3484.8,53.5,5.26,5.4,8,14.619,15.406,94.9,17
2026-08-22T00:29:24,3486.8,63.3,5.26,5.4,8,14.377,15.406,93.3,17
2026-08-22T00:29:26,3488.8,65.1,5.26,5.4,8,13.693,15.406,88.9,14
2026-08-22T00:29:28,3490.8,50.3,5.16,5.37,8,14.588,15.406,94.7,17
2026-08-22T00:29:30,3492.8,61.7,5.16,5.37,8,14.314,15.406,92.9,17
2026-08-22T00:29:32,3494.8,61.1,5.07,5.35,8,14.685,15.406,95.3,17
2026-08-22T00:29:34,3496.8,52.0,5.07,5.35,8,14.434,15.406,93.7,17
2026-08-22T00:29:36,3498.8,65.7,5.07,5.35,8,13.604,15.406,88.3,15
2026-08-22T00:29:38,3500.8,62.3,4.98,5.33,8,14.537,15.406,94.4,17
2026-08-22T00:29:40,3502.9,52.8,4.98,5.33,8,14.34,15.406,93.1,17
2026-08-22T00:29:42,3504.9,58.6,4.82,5.29,8,13.571,15.406,88.1,14
2026-08-22T00:29:44,3506.9,61.1,4.82,5.29,8,14.499,15.406,94.1,17
2026-08-22T00:29:46,3508.9,49.8,4.82,5.29,8,14.379,15.406,93.3,17
2026-08-22T00:29:48,3510.9,60.5,4.84,5.28,8,13.599,15.406,88.3,14
2026-08-22T00:29:50,3512.9,62.1,4.84,5.28,8,14.448,15.406,93.8,17
2026-08-22T00:29:52,3514.9,52.7,4.93,5.3,8,14.376,15.406,93.3,17
2026-08-22T00:29:54,3516.9,43.0,4.93,5.3,8,14.687,15.406,95.3,17
2026-08-22T00:29:56,3518.9,56.8,4.93,5.3,8,14.595,15.406,94.7,17
2026-08-22T00:29:58,3520.9,41.7,4.94,5.29,8,14.307,15.406,92.9,17
2026-08-22T00:30:00,3522.9,51.5,4.94,5.29,8,13.515,15.406,87.7,14
2026-08-22T00:30:02,3524.9,56.9,4.78,5.25,8,14.495,15.406,94.1,17
2026-08-22T00:30:04,3526.9,66.8,4.78,5.25,8,14.076,15.406,91.4,17
2026-08-22T00:30:06,3528.9,47.9,4.78,5.25,8,14.601,15.406,94.8,17
2026-08-22T00:30:08,3530.9,63.9,5.04,5.3,8,14.328,15.406,93.0,17
2026-08-22T00:30:10,3532.9,63.8,5.04,5.3,8,13.881,15.406,90.1,15
2026-08-22T00:30:12,3534.9,43.7,4.87,5.26,8,14.491,15.406,94.1,17
2026-08-22T00:30:14,3536.9,63.4,4.87,5.26,8,14.682,15.406,95.3,17
2026-08-22T00:30:16,3538.9,40.9,4.87,5.26,8,14.481,15.406,94.0,17
2026-08-22T00:30:18,3540.9,52.1,4.96,5.27,8,14.273,15.406,92.7,17
2026-08-22T00:30:20,3542.9,62.3,4.96,5.27,8,13.678,15.406,88.8,14
2026-08-22T00:30:22,3544.9,66.8,5.05,5.28,8,14.55,15.406,94.4,17
2026-08-22T00:30:24,3546.9,56.6,5.05,5.28,8,14.126,15.406,91.7,17
2026-08-22T00:30:26,3548.9,53.5,5.05,5.28,8,14.613,15.406,94.9,17
2026-08-22T00:30:28,3550.9,66.3,5.52,5.38,8,14.345,15.406,93.1,17
2026-08-22T00:30:30,3552.9,54.5,5.52,5.38,8,14.654,15.406,95.1,17
2026-08-22T00:30:32,3554.9,59.6,5.64,5.41,8,14.52,15.406,94.2,17
2026-08-22T00:30:34,3556.9,62.4,5.64,5.41,8,14.025,15.406,91.0,17
2026-08-22T00:30:36,3558.9,53.0,5.64,5.41,8,14.546,15.406,94.4,17
2026-08-22T00:30:38,3560.9,58.6,5.99,5.48,8,14.319,15.406,92.9,17
2026-08-22T00:30:40,3562.9,62.0,5.99,5.48,8,14.68,15.406,95.3,17
2026-08-22T00:30:42,3564.9,48.7,5.83,5.46,8,14.491,15.406,94.1,17
2026-08-22T00:30:44,3566.9,58.1,5.83,5.46,8,14.286,15.406,92.7,17
2026-08-22T00:30:46,3568.9,60.9,5.83,5.46,8,14.676,15.406,95.3,17
2026-08-22T00:30:48,3570.9,58.3,5.69,5.43,8,14.432,15.406,93.7,17
2026-08-22T00:30:50,3572.9,62.1,5.69,5.43,8,14.106,15.406,91.6,17
2026-08-22T00:30:52,3574.9,64.1,6.35,5.58,8,14.561,15.406,94.5,17
2026-08-22T00:30:54,3576.9,51.7,6.35,5.58,8,14.311,15.406,92.9,17
2026-08-22T00:30:56,3578.9,61.2,6.35,5.58,8,14.723,15.406,95.6,17
2026-08-22T00:30:58,3580.9,62.0,6.24,5.57,8,14.42,15.406,93.6,17
2026-08-22T00:31:00,3582.9,56.5,6.24,5.57,8,13.593,15.406,88.2,14
2026-08-22T00:31:02,3584.9,59.2,5.98,5.52,8,14.49,15.406,94.1,17
2026-08-22T00:31:04,3586.9,61.5,5.98,5.52,8,13.568,15.406,88.1,16
2026-08-22T00:31:06,3588.9,53.4,5.98,5.52,8,14.518,15.406,94.2,17
2026-08-22T00:31:08,3590.9,61.5,5.82,5.5,8,14.207,15.406,92.2,17
2026-08-22T00:31:10,3592.9,65.2,5.82,5.5,8,14.625,15.406,94.9,17
2026-08-22T00:31:12,3594.9,52.3,5.68,5.47,8,14.425,15.406,93.6,17
2026-08-22T00:31:14,3596.9,58.2,5.68,5.47,8,13.76,15.406,89.3,17
2026-08-22T00:31:16,3598.9,63.3,5.68,5.47,8,14.659,15.406,95.2,17
2026-08-22T00:31:18,3600.9,49.2,5.46,5.43,8,14.485,15.406,94.0,17
2026-08-22T00:31:20,3602.9,60.0,5.46,5.43,8,14.246,15.406,92.5,17
2026-08-22T00:31:22,3604.9,70.1,5.75,5.49,8,14.642,15.406,95.0,17
2026-08-22T00:31:24,3606.9,56.9,5.75,5.49,8,14.551,15.406,94.5,17
2026-08-22T00:31:26,3608.9,63.5,5.75,5.49,8,13.725,15.406,89.1,17
2026-08-22T00:31:28,3610.9,61.0,5.61,5.47,8,14.6,15.406,94.8,17
2026-08-22T00:31:30,3612.9,51.4,5.61,5.47,8,14.432,15.406,93.7,17
2026-08-22T00:31:32,3614.9,58.1,5.48,5.44,8,13.632,15.406,88.5,17
2026-08-22T00:31:34,3616.9,62.4,5.48,5.44,8,14.511,15.406,94.2,17
2026-08-22T00:31:36,3618.9,55.0,5.48,5.44,8,14.312,15.406,92.9,17
2026-08-22T00:31:38,3620.9,79.9,5.6,5.47,8,14.639,15.406,95.0,17
2026-08-22T00:31:40,3622.9,91.0,5.6,5.47,8,14.322,15.406,93.0,17
2026-08-22T00:31:42,3624.9,89.0,5.71,5.49,8,14.673,15.406,95.2,17
2026-08-22T00:31:44,3626.9,91.6,5.71,5.49,8,14.399,15.406,93.5,17
2026-08-22T00:31:46,3628.9,77.4,5.71,5.49,8,13.606,15.406,88.3,14
2026-08-22T00:31:48,3630.9,62.9,5.74,5.5,8,14.629,15.406,95.0,17
2026-08-22T00:31:50,3632.9,52.1,5.74,5.5,8,14.507,15.406,94.2,17
2026-08-22T00:31:52,3634.9,63.1,5.76,5.51,8,14.288,15.406,92.7,17
2026-08-22T00:31:54,3636.9,62.3,5.76,5.51,8,14.706,15.406,95.5,17
2026-08-22T00:31:56,3638.9,55.3,5.76,5.51,8,14.482,15.406,94.0,17
2026-08-22T00:31:58,3640.9,59.7,5.94,5.55,8,14.033,15.406,91.1,17
2026-08-22T00:32:01,3642.9,63.3,5.94,5.55,8,14.592,15.406,94.7,17
2026-08-22T00:32:03,3644.9,50.3,5.86,5.54,8,14.308,15.406,92.9,17
2026-08-22T00:32:05,3646.9,59.7,5.86,5.54,8,14.683,15.406,95.3,17
2026-08-22T00:32:07,3648.9,64.3,5.86,5.54,8,14.351,15.406,93.2,17
2026-08-22T00:32:09,3650.9,55.9,5.87,5.55,8,13.937,15.406,90.5,15
2026-08-22T00:32:11,3652.9,45.3,5.87,5.55,8,14.613,15.406,94.9,17
2026-08-22T00:32:13,3654.9,40.2,5.72,5.53,8,14.364,15.406,93.2,17
2026-08-22T00:32:15,3656.9,64.1,5.72,5.53,8,13.588,15.406,88.2,17
2026-08-22T00:32:17,3658.9,47.2,5.72,5.53,8,14.494,15.406,94.1,17
2026-08-22T00:32:19,3660.9,61.4,5.66,5.52,8,14.247,15.406,92.5,17
2026-08-22T00:32:21,3662.9,61.8,5.66,5.52,8,14.653,15.406,95.1,17
2026-08-22T00:32:23,3664.9,55.4,5.53,5.49,8,14.493,15.406,94.1,17
2026-08-22T00:32:25,3666.9,59.5,5.53,5.49,8,14.178,15.406,92.0,17
2026-08-22T00:32:27,3668.9,60.3,5.53,5.49,8,14.572,15.406,94.6,17
2026-08-22T00:32:29,3670.9,48.1,5.41,5.47,8,14.417,15.406,93.6,17
2026-08-22T00:32:31,3672.9,64.8,5.41,5.47,8,13.873,15.406,90.1,17
2026-08-22T00:32:33,3674.9,61.5,5.29,5.44,8,14.536,15.406,94.4,17
2026-08-22T00:32:35,3676.9,55.4,5.29,5.44,8,14.301,15.406,92.8,17
2026-08-22T00:32:37,3678.9,62.1,5.29,5.44,8,14.682,15.406,95.3,17
2026-08-22T00:32:39,3680.9,65.0,5.19,5.42,8,14.391,15.406,93.4,17
2026-08-22T00:32:41,3682.9,50.2,5.19,5.42,8,13.63,15.406,88.5,15
2026-08-22T00:32:43,3684.9,56.6,5.1,5.39,8,14.552,15.406,94.5,17
2026-08-22T00:32:45,3686.9,68.8,5.1,5.39,8,14.299,15.406,92.8,17
2026-08-22T00:32:47,3688.9,50.4,5.1,5.39,8,14.73,15.406,95.6,17
2026-08-22T00:32:49,3690.9,57.5,5.01,5.37,8,14.555,15.406,94.5,17
2026-08-22T00:32:51,3692.9,64.8,5.01,5.37,8,14.435,15.406,93.7,17
2026-08-22T00:32:53,3694.9,53.7,5.17,5.4,8,14.702,15.406,95.4,17
2026-08-22T00:32:55,3696.9,60.5,5.17,5.4,8,14.489,15.406,94.1,17
2026-08-22T00:32:57,3698.9,66.8,5.17,5.4,8,13.886,15.406,90.1,17
2026-08-22T00:32:59,3700.9,52.4,4.99,5.36,8,14.637,15.406,95.0,17
2026-08-22T00:33:01,3702.9,64.3,4.99,5.36,8,14.48,15.406,94.0,17
2026-08-22T00:33:03,3704.9,64.7,4.91,5.33,8,14.02,15.406,91.0,17
2026-08-22T00:33:05,3706.9,52.2,4.91,5.33,8,14.605,15.406,94.8,17
2026-08-22T00:33:07,3708.9,58.8,4.91,5.33,8,14.326,15.406,93.0,17
2026-08-22T00:33:09,3710.9,66.2,4.84,5.31,8,14.658,15.406,95.1,17
2026-08-22T00:33:11,3712.9,48.6,4.84,5.31,8,14.394,15.406,93.4,17
2026-08-22T00:33:13,3714.9,62.0,4.69,5.27,8,13.565,15.406,88.0,14
2026-08-22T00:33:15,3716.9,63.2,4.69,5.27,8,14.489,15.406,94.0,17
2026-08-22T00:33:17,3718.9,50.6,4.69,5.27,8,14.258,15.406,92.6,17
2026-08-22T00:33:19,3720.9,58.5,4.64,5.25,8,14.515,15.406,94.2,17
2026-08-22T00:33:21,3722.9,47.1,4.64,5.25,8,14.566,15.406,94.6,17
2026-08-22T00:33:23,3724.9,42.3,4.51,5.21,8,14.546,15.406,94.4,17
2026-08-22T00:33:25,3726.9,39.5,4.51,5.21,8,14.575,15.406,94.6,17
2026-08-22T00:33:27,3728.9,39.1,4.51,5.21,8,14.567,15.406,94.6,17
2026-08-22T00:33:29,3730.9,37.3,4.23,5.14,8,14.578,15.406,94.6,17
2026-08-22T00:33:31,3732.9,40.7,4.23,5.14,8,14.561,15.406,94.5,17
2026-08-22T00:33:33,3734.9,38.2,4.05,5.09,8,14.532,15.406,94.3,17
2026-08-22T00:33:35,3736.9,39.1,4.05,5.09,8,14.509,15.406,94.2,17
2026-08-22T00:33:37,3738.9,40.7,4.05,5.09,8,14.505,15.406,94.2,17
2026-08-22T00:33:39,3740.9,37.7,4.2,5.11,8,14.477,15.406,94.0,17
2026-08-22T00:33:41,3742.9,36.6,4.2,5.11,8,14.483,15.406,94.0,17
2026-08-22T00:33:43,3744.9,37.1,3.95,5.04,8,14.495,15.406,94.1,17
2026-08-22T00:33:45,3746.9,37.5,3.95,5.04,8,14.498,15.406,94.1,17
2026-08-22T00:33:47,3748.9,38.0,3.95,5.04,8,14.504,15.406,94.1,17
2026-08-22T00:33:49,3750.9,37.1,3.71,4.97,8,14.507,15.406,94.2,17
2026-08-22T00:33:51,3752.9,38.8,3.71,4.97,8,14.501,15.406,94.1,17
2026-08-22T00:33:53,3754.9,38.9,3.97,5.0,8,14.508,15.406,94.2,17
2026-08-22T00:33:55,3756.9,37.7,3.97,5.0,8,14.489,15.406,94.1,17
2026-08-22T00:33:57,3758.9,39.5,3.97,5.0,8,14.522,15.406,94.3,17
2026-08-22T00:33:59,3760.9,37.9,4.06,5.0,8,14.533,15.406,94.3,17
2026-08-22T00:34:01,3762.9,39.7,4.06,5.0,8,14.516,15.406,94.2,17
2026-08-22T00:34:03,3764.9,38.3,3.89,4.95,8,14.534,15.406,94.3,17
2026-08-22T00:34:05,3766.9,38.8,3.89,4.95,8,14.515,15.406,94.2,17
2026-08-22T00:34:07,3768.9,38.0,3.89,4.95,8,14.521,15.406,94.3,17
2026-08-22T00:34:09,3770.9,37.3,3.74,4.9,8,14.521,15.406,94.3,17
2026-08-22T00:34:11,3772.9,37.8,3.74,4.9,8,14.496,15.406,94.1,17
2026-08-22T00:34:13,3774.9,40.1,3.92,4.92,8,14.503,15.406,94.1,17
2026-08-22T00:34:15,3776.9,38.1,3.92,4.92,8,14.486,15.406,94.0,17
2026-08-22T00:34:17,3778.9,38.9,3.92,4.92,8,14.479,15.406,94.0,17
2026-08-22T00:34:19,3780.9,38.7,3.69,4.86,8,14.474,15.406,94.0,17
2026-08-22T00:34:21,3782.9,39.1,3.69,4.86,8,14.481,15.406,94.0,17
2026-08-22T00:34:23,3784.9,40.5,3.71,4.84,8,14.544,15.406,94.4,17
2026-08-22T00:34:25,3786.9,36.7,3.71,4.84,8,14.559,15.406,94.5,17
2026-08-22T00:34:27,3788.9,37.5,3.71,4.84,8,14.552,15.406,94.5,17
2026-08-22T00:34:29,3790.9,38.3,3.57,4.8,8,14.554,15.406,94.5,17
2026-08-22T00:34:31,3792.9,40.7,3.57,4.8,8,14.541,15.406,94.4,17
2026-08-22T00:34:33,3794.9,37.8,3.45,4.75,8,14.546,15.406,94.4,17
2026-08-22T00:34:35,3796.9,37.8,3.45,4.75,8,14.531,15.406,94.3,17
2026-08-22T00:34:37,3798.9,39.7,3.45,4.75,8,14.524,15.406,94.3,17
2026-08-22T00:34:39,3800.9,37.7,3.49,4.74,8,14.527,15.406,94.3,17
2026-08-22T00:34:41,3802.9,36.9,3.49,4.74,8,14.522,15.406,94.3,17
2026-08-22T00:34:43,3804.9,37.5,3.29,4.67,8,14.499,15.406,94.1,17
2026-08-22T00:34:45,3806.9,37.3,3.29,4.67,8,14.503,15.406,94.1,17
2026-08-22T00:34:47,3808.9,38.4,3.29,4.67,8,14.51,15.406,94.2,17
2026-08-22T00:34:49,3810.9,37.1,3.43,4.68,8,14.513,15.406,94.2,17
2026-08-22T00:34:51,3812.9,38.4,3.43,4.68,8,14.513,15.406,94.2,17
2026-08-22T00:34:53,3814.9,38.9,3.23,4.62,8,14.506,15.406,94.2,17
2026-08-22T00:34:55,3816.9,37.9,3.23,4.62,8,14.512,15.406,94.2,17
2026-08-22T00:34:57,3818.9,40.2,3.23,4.62,8,14.536,15.406,94.4,17
2026-08-22T00:34:59,3820.9,40.1,4.02,4.76,8,14.536,15.406,94.4,17
2026-08-22T00:35:01,3822.9,38.4,4.02,4.76,8,14.529,15.406,94.3,17
2026-08-22T00:35:03,3824.9,38.7,3.78,4.69,8,14.542,15.406,94.4,17
2026-08-22T00:35:05,3826.9,37.0,3.78,4.69,8,14.538,15.406,94.4,17
2026-08-22T00:35:07,3828.9,38.0,3.78,4.69,8,14.54,15.406,94.4,17
2026-08-22T00:35:09,3830.9,38.9,3.63,4.65,8,14.547,15.406,94.4,17
2026-08-22T00:35:11,3832.9,38.2,3.63,4.65,8,14.549,15.406,94.4,17
2026-08-22T00:35:13,3834.9,37.3,3.42,4.59,8,14.551,15.406,94.5,17
2026-08-22T00:35:15,3836.9,38.2,3.42,4.59,8,14.534,15.406,94.3,17
2026-08-22T00:35:17,3838.9,38.3,3.42,4.59,8,14.535,15.406,94.3,17
2026-08-22T00:35:19,3840.9,36.8,3.23,4.53,8,14.536,15.406,94.4,17
2026-08-22T00:35:21,3842.9,38.5,3.23,4.53,8,14.552,15.406,94.5,17
2026-08-22T00:35:23,3844.9,42.6,3.29,4.52,8,14.619,15.406,94.9,17
2026-08-22T00:35:25,3846.9,39.7,3.29,4.52,8,14.607,15.406,94.8,17
2026-08-22T00:35:27,3848.9,39.4,3.29,4.52,8,14.604,15.406,94.8,17
2026-08-22T00:35:29,3850.9,39.6,3.43,4.53,8,14.582,15.406,94.7,17
2026-08-22T00:35:31,3852.9,38.6,3.43,4.53,8,14.572,15.406,94.6,17
2026-08-22T00:35:33,3854.9,37.9,3.47,4.52,8,14.571,15.406,94.6,17
2026-08-22T00:35:35,3856.9,37.4,3.47,4.52,8,14.564,15.406,94.5,17
2026-08-22T00:35:37,3858.9,39.2,3.47,4.52,8,14.564,15.406,94.5,17
2026-08-22T00:35:39,3860.9,35.0,3.27,4.46,8,14.567,15.406,94.6,17
2026-08-22T00:35:41,3862.9,39.1,3.27,4.46,8,14.566,15.406,94.6,17
2026-08-22T00:35:43,3864.9,36.8,3.65,4.52,8,14.583,15.406,94.7,17
2026-08-22T00:35:45,3866.9,37.5,3.65,4.52,8,14.583,15.406,94.7,17
2026-08-22T00:35:47,3868.9,37.3,3.65,4.52,8,14.584,15.406,94.7,17
2026-08-22T00:35:49,3870.9,36.5,3.6,4.49,8,14.585,15.406,94.7,17
2026-08-22T00:35:51,3872.9,37.3,3.6,4.49,8,14.576,15.406,94.6,17
2026-08-22T00:35:53,3874.9,38.9,3.47,4.45,8,14.581,15.406,94.6,17
2026-08-22T00:35:55,3876.9,37.8,3.47,4.45,8,14.584,15.406,94.7,17
2026-08-22T00:35:57,3878.9,37.4,3.47,4.45,8,14.562,15.406,94.5,17
2026-08-22T00:35:59,3880.9,40.5,3.59,4.46,8,14.59,15.406,94.7,17
2026-08-22T00:36:01,3882.9,45.7,3.59,4.46,8,13.825,15.406,89.7,17
2026-08-22T00:36:03,3884.9,30.2,3.55,4.44,8,14.401,15.406,93.5,17
2026-08-22T00:36:05,3886.9,31.4,3.55,4.44,8,14.607,15.406,94.8,17
2026-08-22T00:36:07,3888.9,30.4,3.55,4.44,8,14.581,15.406,94.6,17
2026-08-22T00:36:09,3890.9,39.2,3.66,4.45,8,14.578,15.406,94.6,17
2026-08-22T00:36:11,3892.9,41.4,3.66,4.45,8,14.582,15.406,94.7,17
2026-08-22T00:36:13,3894.9,38.7,3.69,4.44,8,14.617,15.406,94.9,17
2026-08-22T00:36:15,3896.9,38.3,3.69,4.44,8,14.618,15.406,94.9,17
2026-08-22T00:36:17,3898.9,37.1,3.69,4.44,8,14.621,15.406,94.9,17
2026-08-22T00:36:19,3900.9,37.7,3.72,4.43,8,14.583,15.406,94.7,17
2026-08-22T00:36:21,3902.9,38.5,3.72,4.43,8,14.595,15.406,94.7,17
2026-08-22T00:36:23,3904.9,48.2,3.66,4.41,8,13.885,15.406,90.1,17
2026-08-22T00:36:25,3906.9,41.0,3.66,4.41,8,14.52,15.406,94.3,17
2026-08-22T00:36:27,3908.9,36.6,3.66,4.41,8,14.328,15.406,93.0,17
2026-08-22T00:36:29,3910.9,46.9,3.69,4.4,8,14.62,15.406,94.9,17
2026-08-22T00:36:31,3912.9,40.5,3.69,4.4,8,14.473,15.406,93.9,17
2026-08-22T00:36:33,3914.9,39.2,3.55,4.36,8,13.854,15.406,89.9,15
2026-08-22T00:36:35,3916.9,51.3,3.55,4.36,8,14.443,15.406,93.7,17
2026-08-22T00:36:37,3918.9,26.7,3.55,4.36,8,14.632,15.406,95.0,17
2026-08-22T00:36:39,3920.9,48.7,3.59,4.36,8,14.264,15.406,92.6,17
2026-08-22T00:36:41,3922.9,29.4,3.59,4.36,8,14.607,15.406,94.8,17
2026-08-22T00:36:43,3924.9,36.1,3.62,4.35,8,14.405,15.406,93.5,17
2026-08-22T00:36:45,3926.9,41.7,3.62,4.35,8,13.803,15.406,89.6,15
2026-08-22T00:36:47,3928.9,47.6,3.62,4.35,8,14.479,15.406,94.0,17
2026-08-22T00:36:49,3930.9,33.9,3.49,4.31,8,14.24,15.406,92.4,17
2026-08-22T00:36:51,3932.9,39.4,3.49,4.31,8,14.583,15.406,94.7,17
2026-08-22T00:36:53,3934.9,37.9,3.61,4.32,8,13.812,15.406,89.7,15
2026-08-22T00:36:55,3936.9,45.8,3.61,4.32,8,14.494,15.406,94.1,17
2026-08-22T00:36:57,3938.9,46.7,3.61,4.32,8,13.876,15.406,90.1,17
2026-08-22T00:36:59,3940.9,38.1,3.56,4.3,8,14.588,15.406,94.7,17
2026-08-22T00:37:01,3942.9,42.6,3.56,4.3,8,14.342,15.406,93.1,17
2026-08-22T00:37:03,3944.9,48.1,3.76,4.33,8,14.62,15.406,94.9,17
2026-08-22T00:37:05,3946.9,38.1,3.76,4.33,8,14.41,15.406,93.5,17
2026-08-22T00:37:07,3948.9,41.0,3.76,4.33,8,13.826,15.406,89.7,15
2026-08-22T00:37:09,3950.9,49.8,3.78,4.32,8,14.493,15.406,94.1,17
2026-08-22T00:37:11,3952.9,38.6,3.78,4.32,8,14.186,15.406,92.1,17
2026-08-22T00:37:13,3954.9,41.0,3.63,4.28,8,14.59,15.406,94.7,17
2026-08-22T00:37:15,3956.9,78.2,3.63,4.28,8,14.614,15.406,94.9,17
2026-08-22T00:37:17,3958.9,39.1,3.63,4.28,8,14.342,15.406,93.1,17
2026-08-22T00:37:19,3960.9,46.7,3.66,4.28,8,14.631,15.406,95.0,17
2026-08-22T00:37:21,3962.9,18.3,3.66,4.28,8,14.617,15.406,94.9,17
2026-08-22T00:37:23,3964.9,49.3,3.61,4.26,8,14.134,15.406,91.7,17
2026-08-22T00:37:25,3966.9,29.8,3.61,4.26,8,14.652,15.406,95.1,17
2026-08-22T00:37:27,3968.9,38.3,3.61,4.26,8,14.491,15.406,94.1,17
2026-08-22T00:37:29,3970.9,40.5,3.88,4.3,8,14.307,15.406,92.9,17
2026-08-22T00:37:31,3972.9,50.4,3.88,4.3,8,14.586,15.406,94.7,17
2026-08-22T00:37:33,3974.9,37.2,3.97,4.31,8,14.326,15.406,93.0,17
2026-08-22T00:37:35,3976.9,42.8,3.97,4.31,8,14.642,15.406,95.0,17
2026-08-22T00:37:37,3978.9,49.8,3.97,4.31,8,14.469,15.406,93.9,17
2026-08-22T00:37:39,3981.0,39.3,3.81,4.28,8,14.189,15.406,92.1,17
2026-08-22T00:37:41,3983.0,42.5,3.81,4.28,8,14.526,15.406,94.3,17
2026-08-22T00:37:43,3985.0,40.0,3.75,4.25,8,14.634,15.406,95.0,17
2026-08-22T00:37:45,3987.0,39.8,3.75,4.25,8,14.328,15.406,93.0,17
2026-08-22T00:37:47,3989.0,26.5,3.75,4.25,8,14.618,15.406,94.9,17
2026-08-22T00:37:49,3991.0,29.2,3.61,4.22,8,14.626,15.406,94.9,17
2026-08-22T00:37:51,3993.0,39.0,3.61,4.22,8,14.619,15.406,94.9,17
2026-08-22T00:37:53,3995.0,38.2,3.72,4.23,8,14.623,15.406,94.9,17
2026-08-22T00:37:55,3997.0,37.9,3.72,4.23,8,14.626,15.406,94.9,17
2026-08-22T00:37:57,3999.0,37.4,3.72,4.23,8,14.616,15.406,94.9,17
2026-08-22T00:37:59,4001.0,49.2,3.5,4.18,8,14.09,15.406,91.5,17
2026-08-22T00:38:01,4003.0,43.7,3.5,4.18,8,14.562,15.406,94.5,17
2026-08-22T00:38:03,4005.0,38.5,3.38,4.14,8,14.276,15.406,92.7,17
2026-08-22T00:38:05,4007.0,46.4,3.38,4.14,8,14.586,15.406,94.7,17
2026-08-22T00:38:07,4009.0,34.1,3.38,4.14,8,14.498,15.406,94.1,17
2026-08-22T00:38:09,4011.0,40.6,3.91,4.24,8,14.181,15.406,92.1,17
2026-08-22T00:38:11,4013.0,46.7,3.91,4.24,8,14.556,15.406,94.5,17
2026-08-22T00:38:13,4015.0,19.3,3.76,4.2,8,14.62,15.406,94.9,17
2026-08-22T00:38:15,4017.0,37.0,3.76,4.2,8,14.63,15.406,95.0,17
2026-08-22T00:38:17,4019.0,37.0,3.76,4.2,8,14.632,15.406,95.0,17
2026-08-22T00:38:19,4021.0,38.9,4.02,4.25,8,14.622,15.406,94.9,17
2026-08-22T00:38:21,4023.0,42.2,4.02,4.25,8,14.193,15.406,92.1,17
2026-08-22T00:38:23,4025.0,50.3,3.86,4.21,8,14.506,15.406,94.2,17
2026-08-22T00:38:25,4027.0,61.7,3.86,4.21,8,14.215,15.406,92.3,17
2026-08-22T00:38:27,4029.0,40.0,3.86,4.21,8,14.632,15.406,95.0,17
2026-08-22T00:38:29,4031.0,43.2,3.87,4.21,8,14.437,15.406,93.7,17
2026-08-22T00:38:31,4033.0,42.5,3.87,4.21,8,13.942,15.406,90.5,17
2026-08-22T00:38:33,4035.0,49.3,3.8,4.19,8,14.532,15.406,94.3,17
2026-08-22T00:38:35,4037.0,40.8,3.8,4.19,8,14.263,15.406,92.6,17
2026-08-22T00:38:37,4039.0,41.3,3.8,4.19,8,14.589,15.406,94.7,17
2026-08-22T00:38:39,4041.0,53.4,3.89,4.2,8,14.39,15.406,93.4,17
2026-08-22T00:38:41,4043.0,37.6,3.89,4.2,8,14.642,15.406,95.0,17
2026-08-22T00:38:43,4045.0,43.1,4.14,4.25,8,14.472,15.406,93.9,17
2026-08-22T00:38:45,4047.0,47.8,4.14,4.25,8,14.065,15.406,91.3,17
2026-08-22T00:38:47,4049.0,35.6,4.14,4.25,8,14.599,15.406,94.8,17
2026-08-22T00:38:49,4051.0,43.0,4.13,4.24,8,14.47,15.406,93.9,17
2026-08-22T00:38:51,4053.0,54.9,4.13,4.24,8,13.873,15.406,90.0,17
2026-08-22T00:38:53,4055.0,36.4,4.12,4.24,8,14.574,15.406,94.6,17
2026-08-22T00:38:55,4057.0,51.3,4.12,4.24,8,14.419,15.406,93.6,17
2026-08-22T00:38:57,4059.0,50.5,4.12,4.24,8,13.953,15.406,90.6,15
2026-08-22T00:38:59,4061.0,41.4,3.95,4.2,8,14.672,15.406,95.2,17
2026-08-22T00:39:01,4063.0,64.8,3.95,4.2,8,14.422,15.406,93.6,17
2026-08-22T00:39:03,4065.0,43.5,3.96,4.2,8,14.403,15.406,93.5,17
2026-08-22T00:39:05,4067.0,35.8,3.96,4.2,8,14.5,15.406,94.1,17
2026-08-22T00:39:07,4069.0,42.2,3.96,4.2,8,14.313,15.406,92.9,17
2026-08-22T00:39:09,4071.0,49.8,3.96,4.19,8,14.658,15.406,95.1,17
2026-08-22T00:39:11,4073.0,40.7,3.96,4.19,8,14.471,15.406,93.9,17
2026-08-22T00:39:13,4075.0,35.8,3.8,4.16,8,13.771,15.406,89.4,15
2026-08-22T00:39:15,4077.0,47.7,3.8,4.16,8,14.469,15.406,93.9,17
2026-08-22T00:39:17,4079.0,33.4,3.8,4.16,8,14.151,15.406,91.9,17
2026-08-22T00:39:19,4081.0,38.5,4.06,4.2,8,14.588,15.406,94.7,17
2026-08-22T00:39:21,4083.0,48.7,4.06,4.2,8,14.356,15.406,93.2,17
2026-08-22T00:39:23,4085.0,41.5,4.29,4.25,8,14.107,15.406,91.6,17
2026-08-22T00:39:25,4087.0,45.2,4.29,4.25,8,14.629,15.406,95.0,17
2026-08-22T00:39:27,4089.0,41.1,4.29,4.25,8,14.362,15.406,93.2,17
2026-08-22T00:39:29,4091.0,66.6,4.27,4.25,8,13.923,15.406,90.4,15
2026-08-22T00:39:31,4093.0,41.1,4.27,4.25,8,14.595,15.406,94.7,17
2026-08-22T00:39:33,4095.0,42.7,4.09,4.21,8,14.458,15.406,93.8,17
2026-08-22T00:39:35,4097.0,51.9,4.09,4.21,8,14.084,15.406,91.4,17
2026-08-22T00:39:37,4099.0,36.7,4.09,4.21,8,14.617,15.406,94.9,17
2026-08-22T00:39:39,4101.0,47.1,4.72,4.34,8,14.451,15.406,93.8,17
2026-08-22T00:39:41,4103.0,51.2,4.72,4.34,8,14.678,15.406,95.3,17
2026-08-22T00:39:43,4105.0,35.1,4.66,4.33,8,14.452,15.406,93.8,17
2026-08-22T00:39:45,4107.0,40.7,4.66,4.33,8,13.859,15.406,90.0,17
2026-08-22T00:39:47,4109.0,48.3,4.66,4.33,8,14.55,15.406,94.4,17
2026-08-22T00:39:49,4111.0,38.9,4.61,4.33,8,14.364,15.406,93.2,17
2026-08-22T00:39:51,4113.0,40.5,4.61,4.33,8,14.668,15.406,95.2,17
2026-08-22T00:39:53,4115.0,47.3,4.48,4.3,8,14.445,15.406,93.8,17
2026-08-22T00:39:55,4117.0,43.0,4.48,4.3,8,14.309,15.406,92.9,17
2026-08-22T00:39:57,4119.0,43.5,4.48,4.3,8,14.627,15.406,94.9,17
2026-08-22T00:39:59,4121.0,55.5,5.0,4.42,8,14.605,15.406,94.8,17
2026-08-22T00:40:01,4123.0,40.6,5.0,4.42,8,13.846,15.406,89.9,15
2026-08-22T00:40:03,4125.0,45.4,4.76,4.37,8,14.599,15.406,94.8,17
2026-08-22T00:40:05,4127.0,50.7,4.76,4.37,8,14.384,15.406,93.4,17
2026-08-22T00:40:07,4129.0,40.6,4.76,4.37,8,13.917,15.406,90.3,15
2026-08-22T00:40:09,4131.0,40.9,4.7,4.37,8,14.571,15.406,94.6,17
2026-08-22T00:40:11,4133.0,52.6,4.7,4.37,8,14.332,15.406,93.0,17
2026-08-22T00:40:13,4135.0,36.3,4.65,4.36,8,14.641,15.406,95.0,17
2026-08-22T00:40:15,4137.0,39.2,4.65,4.36,8,14.461,15.406,93.9,17
2026-08-22T00:40:17,4139.0,51.0,4.65,4.36,8,14.009,15.406,90.9,15
2026-08-22T00:40:19,4141.0,35.5,4.43,4.32,8,14.599,15.406,94.8,17
2026-08-22T00:40:21,4143.0,39.1,4.43,4.32,8,13.846,15.406,89.9,15
2026-08-22T00:40:23,4145.0,33.8,4.24,4.28,8,14.627,15.406,94.9,17
2026-08-22T00:40:25,4147.0,65.4,4.24,4.28,8,14.291,15.406,92.8,17
2026-08-22T00:40:27,4149.0,44.7,4.24,4.28,8,13.916,15.406,90.3,15
2026-08-22T00:40:29,4151.0,40.0,4.14,4.26,8,14.58,15.406,94.6,17
2026-08-22T00:40:31,4153.0,51.0,4.14,4.26,8,14.234,15.406,92.4,17
2026-08-22T00:40:33,4155.0,43.2,4.05,4.24,8,14.646,15.406,95.1,17
2026-08-22T00:40:35,4157.0,56.2,4.05,4.24,8,14.456,15.406,93.8,17
2026-08-22T00:40:37,4159.0,37.8,4.05,4.24,8,14.314,15.406,92.9,17
2026-08-22T00:40:39,4161.0,41.5,4.2,4.27,8,14.642,15.406,95.0,17
2026-08-22T00:40:41,4163.0,53.0,4.2,4.27,8,14.447,15.406,93.8,17
2026-08-22T00:40:43,4165.0,38.4,4.19,4.27,8,14.421,15.406,93.6,17
2026-08-22T00:40:45,4167.0,42.0,4.19,4.27,8,14.723,15.406,95.6,17
2026-08-22T00:40:47,4169.0,41.8,4.19,4.27,8,14.413,15.406,93.6,17
2026-08-22T00:40:49,4171.0,64.9,4.17,4.26,8,13.966,15.406,90.7,17
2026-08-22T00:40:51,4173.0,40.2,4.17,4.26,8,13.617,15.406,88.4,14
2026-08-22T00:40:53,4175.0,58.0,4.08,4.24,8,14.388,15.406,93.4,17
2026-08-22T00:40:55,4177.0,46.5,4.08,4.24,8,14.406,15.406,93.5,17
2026-08-22T00:40:57,4179.0,52.0,4.08,4.24,8,13.405,15.406,87.0,14
2026-08-22T00:40:59,4181.0,41.8,3.99,4.22,8,14.426,15.406,93.6,17
2026-08-22T00:41:01,4183.0,51.5,3.99,4.22,8,14.243,15.406,92.5,17
2026-08-22T00:41:03,4185.0,49.2,3.83,4.18,8,14.614,15.406,94.9,17
2026-08-22T00:41:05,4187.0,54.3,3.83,4.18,8,14.415,15.406,93.6,17
2026-08-22T00:41:07,4189.0,39.7,3.83,4.18,8,13.901,15.406,90.2,15
2026-08-22T00:41:09,4191.0,43.1,4.01,4.21,8,14.525,15.406,94.3,17
2026-08-22T00:41:11,4193.0,57.3,4.01,4.21,8,14.204,15.406,92.2,17
2026-08-22T00:41:13,4195.0,36.2,4.01,4.21,8,14.636,15.406,95.0,17
2026-08-22T00:41:15,4197.0,45.0,4.01,4.21,8,14.564,15.406,94.5,17
2026-08-22T00:41:17,4199.0,58.6,4.01,4.21,8,14.263,15.406,92.6,17
2026-08-22T00:41:19,4201.0,41.6,4.0,4.2,8,14.675,15.406,95.3,17
2026-08-22T00:41:21,4203.0,46.4,4.0,4.2,8,14.592,15.406,94.7,17
2026-08-22T00:41:23,4205.0,55.2,4.0,4.2,8,14.258,15.406,92.5,17
2026-08-22T00:41:25,4207.0,47.4,4.0,4.2,8,14.684,15.406,95.3,17
2026-08-22T00:41:27,4209.0,60.3,4.0,4.2,8,14.384,15.406,93.4,17
2026-08-22T00:41:29,4211.0,47.8,3.92,4.18,8,13.59,15.406,88.2,14
2026-08-22T00:41:31,4213.0,55.6,3.92,4.18,8,14.471,15.406,93.9,17
2026-08-22T00:41:33,4215.0,65.7,4.73,4.34,8,13.956,15.406,90.6,17
2026-08-22T00:41:35,4217.0,42.1,4.73,4.34,8,14.593,15.406,94.7,17
2026-08-22T00:41:37,4219.0,42.2,4.73,4.34,8,14.544,15.406,94.4,17
2026-08-22T00:41:39,4221.0,62.3,4.67,4.34,8,14.196,15.406,92.2,17
2026-08-22T00:41:41,4223.0,45.6,4.67,4.34,8,14.675,15.406,95.3,17
2026-08-22T00:41:43,4225.0,51.1,4.62,4.33,8,14.337,15.406,93.1,17
2026-08-22T00:41:45,4227.0,57.2,4.62,4.33,8,14.082,15.406,91.4,17
2026-08-22T00:41:47,4229.0,47.2,4.62,4.33,8,14.609,15.406,94.8,17
2026-08-22T00:41:49,4231.0,38.6,4.49,4.31,8,14.533,15.406,94.3,17
2026-08-22T00:41:51,4233.0,48.3,4.49,4.31,8,14.14,15.406,91.8,17
2026-08-22T00:41:53,4235.0,43.0,4.37,4.29,8,14.576,15.406,94.6,17
2026-08-22T00:41:55,4237.0,62.9,4.37,4.29,8,14.363,15.406,93.2,17
2026-08-22T00:41:57,4239.0,38.8,4.37,4.29,8,14.664,15.406,95.2,17
2026-08-22T00:41:59,4241.0,43.5,4.34,4.28,8,14.524,15.406,94.3,17
2026-08-22T00:42:01,4243.0,54.3,4.34,4.28,8,14.285,15.406,92.7,17
2026-08-22T00:42:03,4245.0,38.5,4.31,4.28,8,14.638,15.406,95.0,17
2026-08-22T00:42:05,4247.0,45.2,4.31,4.28,8,14.52,15.406,94.3,17
2026-08-22T00:42:07,4249.0,56.2,4.31,4.28,8,13.871,15.406,90.0,15
2026-08-22T00:42:09,4251.0,34.1,4.13,4.24,8,14.517,15.406,94.2,17
2026-08-22T00:42:11,4253.0,44.6,4.13,4.24,8,14.236,15.406,92.4,17
2026-08-22T00:42:13,4255.0,47.7,4.04,4.22,8,14.609,15.406,94.8,17
2026-08-22T00:42:15,4257.0,41.5,4.04,4.22,8,14.359,15.406,93.2,17
2026-08-22T00:42:17,4259.0,40.3,4.04,4.22,8,14.647,15.406,95.1,17
2026-08-22T00:42:19,4261.0,50.8,4.11,4.23,8,14.483,15.406,94.0,17
2026-08-22T00:42:21,4263.0,42.5,4.11,4.23,8,14.303,15.406,92.8,17
2026-08-22T00:42:23,4265.0,48.0,3.94,4.19,8,14.647,15.406,95.1,17
2026-08-22T00:42:25,4267.0,57.8,3.94,4.19,8,14.476,15.406,94.0,17
2026-08-22T00:42:27,4269.0,32.9,3.94,4.19,8,14.048,15.406,91.2,17
2026-08-22T00:42:29,4271.0,46.3,3.95,4.19,8,14.533,15.406,94.3,17
2026-08-22T00:42:31,4273.0,55.6,3.95,4.19,8,14.535,15.406,94.3,17
2026-08-22T00:42:33,4275.0,51.3,3.95,4.19,8,14.039,15.406,91.1,17
2026-08-22T00:42:35,4277.0,35.1,3.95,4.19,8,14.585,15.406,94.7,17
2026-08-22T00:42:37,4279.0,47.7,3.95,4.19,8,14.405,15.406,93.5,17
2026-08-22T00:42:39,4281.0,54.4,3.96,4.18,8,13.847,15.406,89.9,15
2026-08-22T00:42:41,4283.0,38.0,3.96,4.18,8,14.54,15.406,94.4,17
2026-08-22T00:42:43,4285.0,43.0,3.96,4.18,8,14.409,15.406,93.5,17
2026-08-22T00:42:45,4287.0,50.3,3.96,4.18,8,13.877,15.406,90.1,15
2026-08-22T00:42:47,4289.0,36.1,3.96,4.18,8,14.575,15.406,94.6,17
2026-08-22T00:42:49,4291.0,42.6,3.96,4.18,8,14.46,15.406,93.9,17
2026-08-22T00:42:51,4293.0,53.1,3.96,4.18,8,14.339,15.406,93.1,17
2026-08-22T00:42:53,4295.0,35.2,4.21,4.22,8,14.168,15.406,92.0,17
2026-08-22T00:42:55,4297.0,53.1,4.21,4.22,8,14.572,15.406,94.6,17
2026-08-22T00:42:57,4299.0,50.2,4.21,4.22,8,14.336,15.406,93.1,17
2026-08-22T00:42:59,4301.0,47.9,4.11,4.2,8,14.66,15.406,95.2,17
2026-08-22T00:43:01,4303.0,40.2,4.11,4.2,8,14.491,15.406,94.1,17
2026-08-22T00:43:03,4305.0,44.2,3.94,4.17,8,14.365,15.406,93.2,17
2026-08-22T00:43:05,4307.0,49.2,3.94,4.17,8,14.664,15.406,95.2,17
2026-08-22T00:43:07,4309.0,38.7,3.94,4.17,8,14.517,15.406,94.2,17
2026-08-22T00:43:09,4311.0,45.3,4.35,4.25,8,14.38,15.406,93.3,17
2026-08-22T00:43:11,4313.0,54.1,4.35,4.25,8,14.642,15.406,95.0,17
2026-08-22T00:43:13,4315.0,39.3,4.4,4.26,8,14.412,15.406,93.6,17
2026-08-22T00:43:15,4317.0,40.0,4.4,4.26,8,13.836,15.406,89.8,15
2026-08-22T00:43:17,4319.0,49.3,4.4,4.26,8,14.497,15.406,94.1,17
2026-08-22T00:43:19,4321.0,34.2,4.21,4.22,8,14.185,15.406,92.1,17
2026-08-22T00:43:21,4323.0,41.8,4.21,4.22,8,14.618,15.406,94.9,17
2026-08-22T00:43:23,4325.0,56.7,4.35,4.25,8,14.451,15.406,93.8,17
2026-08-22T00:43:25,4327.0,37.5,4.35,4.25,8,13.71,15.406,89.0,17
2026-08-22T00:43:27,4329.0,47.1,4.35,4.25,8,14.56,15.406,94.5,17
2026-08-22T00:43:29,4331.0,56.9,4.32,4.25,8,14.232,15.406,92.4,17
2026-08-22T00:43:31,4333.0,65.5,4.32,4.25,8,14.573,15.406,94.6,17
2026-08-22T00:43:33,4335.0,44.5,4.22,4.23,8,14.511,15.406,94.2,17
2026-08-22T00:43:35,4337.0,49.5,4.22,4.23,8,14.067,15.406,91.3,17
2026-08-22T00:43:37,4339.0,42.4,4.22,4.23,8,14.619,15.406,94.9,17
2026-08-22T00:43:39,4341.0,56.8,4.36,4.26,8,14.446,15.406,93.8,17
2026-08-22T00:43:41,4343.0,39.1,4.36,4.26,8,14.229,15.406,92.4,17
2026-08-22T00:43:43,4345.0,41.9,4.17,4.22,8,14.567,15.406,94.6,17
2026-08-22T00:43:45,4347.0,51.7,4.17,4.22,8,14.449,15.406,93.8,17
2026-08-22T00:43:47,4349.0,39.1,4.17,4.22,8,13.906,15.406,90.3,15
2026-08-22T00:43:49,4351.0,42.4,4.08,4.2,8,14.576,15.406,94.6,17
2026-08-22T00:43:51,4353.0,53.0,4.08,4.2,8,14.449,15.406,93.8,17
2026-08-22T00:43:53,4355.0,38.9,4.15,4.21,8,13.646,15.406,88.6,14
2026-08-22T00:43:55,4357.0,61.8,4.15,4.21,8,14.453,15.406,93.8,17
2026-08-22T00:43:57,4359.0,49.2,4.15,4.21,8,14.282,15.406,92.7,17
2026-08-22T00:43:59,4361.0,66.4,4.62,4.31,8,14.649,15.406,95.1,17
2026-08-22T00:44:01,4363.0,46.0,4.62,4.31,8,14.522,15.406,94.3,17
2026-08-22T00:44:03,4365.0,46.2,4.41,4.27,8,14.236,15.406,92.4,17
2026-08-22T00:44:05,4367.0,50.1,4.41,4.27,8,14.582,15.406,94.7,17
2026-08-22T00:44:07,4369.0,40.1,4.41,4.27,8,14.522,15.406,94.3,17
2026-08-22T00:44:09,4371.0,42.0,4.3,4.25,8,13.824,15.406,89.7,15
2026-08-22T00:44:11,4373.0,48.0,4.3,4.25,8,14.487,15.406,94.0,17
2026-08-22T00:44:13,4375.0,39.3,4.27,4.24,8,14.292,15.406,92.8,17
2026-08-22T00:44:15,4377.0,40.1,4.27,4.24,8,14.642,15.406,95.0,17
2026-08-22T00:44:17,4379.0,54.8,4.27,4.24,8,14.465,15.406,93.9,17
2026-08-22T00:44:19,4381.0,36.4,4.33,4.26,8,13.857,15.406,89.9,15
2026-08-22T00:44:21,4383.0,44.9,4.33,4.26,8,14.554,15.406,94.5,17
2026-08-22T00:44:23,4385.0,58.3,4.3,4.25,8,14.446,15.406,93.8,17
2026-08-22T00:44:25,4387.0,37.9,4.3,4.25,8,13.659,15.406,88.7,17
2026-08-22T00:44:27,4389.0,47.1,4.3,4.25,8,14.523,15.406,94.3,17
2026-08-22T00:44:29,4391.0,55.9,4.28,4.25,8,14.286,15.406,92.7,17
2026-08-22T00:44:31,4393.0,65.0,4.28,4.25,8,14.635,15.406,95.0,17
2026-08-22T00:44:33,4395.0,45.8,4.18,4.23,8,14.485,15.406,94.0,17
2026-08-22T00:44:35,4397.0,46.8,4.18,4.23,8,14.188,15.406,92.1,17
2026-08-22T00:44:37,4399.0,43.5,4.18,4.23,8,14.615,15.406,94.9,17
2026-08-22T00:44:39,4401.0,65.4,4.24,4.24,8,14.334,15.406,93.0,17
2026-08-22T00:44:41,4403.0,56.5,4.24,4.24,8,13.861,15.406,90.0,15
2026-08-22T00:44:43,4405.0,45.4,4.06,4.2,8,14.556,15.406,94.5,17
2026-08-22T00:44:45,4407.0,53.9,4.06,4.2,8,14.429,15.406,93.7,17
2026-08-22T00:44:47,4409.0,40.4,4.06,4.2,8,13.542,15.406,87.9,14
2026-08-22T00:44:49,4411.0,57.2,4.3,4.25,8,14.453,15.406,93.8,17
2026-08-22T00:44:51,4413.0,41.8,4.3,4.25,8,14.444,15.406,93.8,17
2026-08-22T00:44:53,4415.0,52.2,4.35,4.26,8,13.614,15.406,88.4,14
2026-08-22T00:44:55,4417.0,45.7,4.35,4.26,8,14.561,15.406,94.5,17
2026-08-22T00:44:57,4419.0,54.9,4.35,4.26,8,14.273,15.406,92.6,17
2026-08-22T00:44:59,4421.0,60.3,4.97,4.39,8,14.628,15.406,95.0,17
2026-08-22T00:45:01,4423.0,61.9,4.97,4.39,8,14.453,15.406,93.8,17
2026-08-22T00:45:03,4425.0,36.4,5.21,4.45,8,13.781,15.406,89.5,17
2026-08-22T00:45:05,4427.0,47.6,5.21,4.45,8,14.526,15.406,94.3,17
2026-08-22T00:45:07,4429.0,55.0,5.21,4.45,8,14.448,15.406,93.8,17
2026-08-22T00:45:09,4431.0,49.0,5.03,4.43,8,14.655,15.406,95.1,17
2026-08-22T00:45:11,4433.0,38.2,5.03,4.43,8,14.52,15.406,94.2,17
2026-08-22T00:45:13,4435.0,46.5,4.79,4.39,8,14.462,15.406,93.9,17
2026-08-22T00:45:15,4437.0,47.7,4.79,4.39,8,14.673,15.406,95.2,17
2026-08-22T00:45:17,4439.0,39.7,4.79,4.39,8,14.565,15.406,94.5,17
2026-08-22T00:45:19,4441.0,49.5,4.65,4.36,8,14.278,15.406,92.7,17
2026-08-22T00:45:21,4443.0,47.9,4.65,4.36,8,14.651,15.406,95.1,17
2026-08-22T00:45:23,4445.0,62.8,5.0,4.44,8,14.544,15.406,94.4,17
2026-08-22T00:45:25,4447.0,38.0,5.0,4.44,8,14.396,15.406,93.4,17
2026-08-22T00:45:27,4449.0,47.3,5.0,4.44,8,14.639,15.406,95.0,17
2026-08-22T00:45:29,4451.0,63.5,5.16,4.48,8,14.535,15.406,94.3,17
2026-08-22T00:45:31,4453.0,41.2,5.16,4.48,8,14.326,15.406,93.0,17
2026-08-22T00:45:33,4455.0,51.1,5.06,4.48,8,13.899,15.406,90.2,15
2026-08-22T00:45:35,4457.0,48.7,5.06,4.48,8,14.555,15.406,94.5,17
2026-08-22T00:45:37,4459.0,59.6,5.06,4.48,8,14.219,15.406,92.3,17
2026-08-22T00:45:39,4461.0,41.0,4.9,4.45,8,14.672,15.406,95.2,17
2026-08-22T00:45:41,4463.0,44.8,4.9,4.45,8,14.515,15.406,94.2,17
2026-08-22T00:45:43,4465.0,47.7,4.91,4.46,8,14.17,15.406,92.0,17
2026-08-22T00:45:45,4467.0,40.6,4.91,4.46,8,14.662,15.406,95.2,17
2026-08-22T00:45:47,4469.0,67.4,4.91,4.46,8,14.296,15.406,92.8,17
2026-08-22T00:45:49,4471.0,50.0,4.75,4.44,8,13.997,15.406,90.9,17
2026-08-22T00:45:51,4473.0,44.2,4.75,4.44,8,14.594,15.406,94.7,17
2026-08-22T00:45:53,4475.0,42.5,4.61,4.41,8,14.35,15.406,93.1,17
2026-08-22T00:45:55,4477.0,67.9,4.61,4.41,8,14.394,15.406,93.4,17
2026-08-22T00:45:57,4479.0,43.4,4.61,4.41,8,14.618,15.406,94.9,17
2026-08-22T00:45:59,4481.0,51.1,4.56,4.4,8,14.296,15.406,92.8,17
2026-08-22T00:46:01,4483.0,44.7,4.56,4.4,8,14.742,15.406,95.7,17
2026-08-22T00:46:03,4485.0,65.0,4.52,4.4,8,14.37,15.406,93.3,17
2026-08-22T00:46:05,4487.0,52.5,4.52,4.4,8,14.449,15.406,93.8,17
2026-08-22T00:46:07,4489.0,46.8,4.52,4.4,8,14.534,15.406,94.3,17
2026-08-22T00:46:09,4491.0,58.3,4.48,4.39,8,14.098,15.406,91.5,17
2026-08-22T00:46:11,4493.0,39.1,4.48,4.39,8,14.603,15.406,94.8,17
2026-08-22T00:46:13,4495.0,48.2,4.28,4.35,8,14.432,15.406,93.7,17
2026-08-22T00:46:15,4497.0,51.4,4.28,4.35,8,13.982,15.406,90.8,17
2026-08-22T00:46:17,4499.0,38.9,4.28,4.35,8,14.622,15.406,94.9,17
2026-08-22T00:46:19,4501.0,42.6,4.17,4.33,8,14.485,15.406,94.0,17
2026-08-22T00:46:21,4503.0,57.3,4.17,4.33,8,14.284,15.406,92.7,17
2026-08-22T00:46:23,4505.0,42.4,4.32,4.36,8,14.686,15.406,95.3,17
2026-08-22T00:46:25,4507.0,58.6,4.32,4.36,8,14.361,15.406,93.2,17
2026-08-22T00:46:27,4509.0,43.2,4.32,4.36,8,13.624,15.406,88.4,17
2026-08-22T00:46:29,4511.0,61.6,4.94,4.48,8,14.498,15.406,94.1,17
2026-08-22T00:46:31,4513.1,54.2,4.94,4.48,8,14.303,15.406,92.8,17
2026-08-22T00:46:33,4515.1,56.0,4.78,4.46,8,14.658,15.406,95.2,17
2026-08-22T00:46:35,4517.1,59.1,4.78,4.46,8,14.465,15.406,93.9,17
2026-08-22T00:46:37,4519.1,37.9,4.78,4.46,8,14.361,15.406,93.2,17
2026-08-22T00:46:39,4521.1,42.8,4.64,4.43,8,14.679,15.406,95.3,17
2026-08-22T00:46:41,4523.1,47.6,4.64,4.43,8,14.437,15.406,93.7,17
2026-08-22T00:46:43,4525.1,66.5,4.99,4.51,8,13.962,15.406,90.6,17
2026-08-22T00:46:45,4527.1,35.1,4.99,4.51,8,14.59,15.406,94.7,17
2026-08-22T00:46:47,4529.1,45.0,4.99,4.51,8,14.443,15.406,93.7,17
2026-08-22T00:46:49,4531.1,54.9,4.91,4.5,8,13.54,15.406,87.9,14
2026-08-22T00:46:51,4533.1,41.8,4.91,4.5,8,14.472,15.406,93.9,17
2026-08-22T00:46:53,4535.1,46.8,5.24,4.58,8,14.422,15.406,93.6,17
2026-08-22T00:46:55,4537.1,46.4,5.24,4.58,8,13.571,15.406,88.1,14
2026-08-22T00:46:57,4539.1,43.5,5.24,4.58,8,14.572,15.406,94.6,17
2026-08-22T00:46:59,4541.1,66.5,5.22,4.58,8,14.245,15.406,92.5,17
2026-08-22T00:47:01,4543.1,52.7,5.22,4.58,8,14.653,15.406,95.1,17
2026-08-22T00:47:03,4545.1,59.9,5.04,4.56,8,14.385,15.406,93.4,17
2026-08-22T00:47:05,4547.1,70.1,5.04,4.56,8,13.563,15.406,88.0,14
2026-08-22T00:47:07,4549.1,52.6,5.04,4.56,8,14.492,15.406,94.1,17
2026-08-22T00:47:09,4551.1,60.1,4.96,4.55,8,14.215,15.406,92.3,17
2026-08-22T00:47:11,4553.1,66.8,4.96,4.55,8,14.546,15.406,94.4,17
2026-08-22T00:47:13,4555.1,47.6,4.8,4.52,8,14.489,15.406,94.0,17
2026-08-22T00:47:15,4557.1,42.2,4.8,4.52,8,13.88,15.406,90.1,15
2026-08-22T00:47:17,4559.1,52.5,4.8,4.52,8,14.527,15.406,94.3,17
2026-08-22T00:47:19,4561.1,38.8,4.57,4.48,8,14.372,15.406,93.3,17
2026-08-22T00:47:21,4563.1,46.4,4.57,4.48,8,13.867,15.406,90.0,15
2026-08-22T00:47:23,4565.1,56.3,4.53,4.47,8,14.588,15.406,94.7,17
2026-08-22T00:47:25,4567.1,38.5,4.53,4.47,8,14.286,15.406,92.7,17
2026-08-22T00:47:27,4569.1,45.3,4.53,4.47,8,14.65,15.406,95.1,17
2026-08-22T00:47:29,4571.1,56.3,4.57,4.48,8,14.497,15.406,94.1,17
2026-08-22T00:47:31,4573.1,67.3,4.57,4.48,8,13.979,15.406,90.7,17
2026-08-22T00:47:33,4575.1,42.9,4.44,4.46,8,14.638,15.406,95.0,17
2026-08-22T00:47:35,4577.1,57.8,4.44,4.46,8,14.453,15.406,93.8,17
2026-08-22T00:47:37,4579.1,66.4,4.44,4.46,8,14.027,15.406,91.1,17
2026-08-22T00:47:39,4581.1,38.6,4.25,4.41,8,14.268,15.406,92.6,17
2026-08-22T00:47:41,4583.1,76.8,4.25,4.41,8,14.624,15.406,94.9,17
2026-08-22T00:47:43,4585.1,54.8,4.23,4.41,8,14.581,15.406,94.6,17
2026-08-22T00:47:45,4587.1,73.0,4.23,4.41,8,14.631,15.406,95.0,17
2026-08-22T00:47:47,4589.1,53.8,4.23,4.41,8,14.596,15.406,94.7,17
2026-08-22T00:47:49,4591.1,58.2,4.45,4.45,8,14.589,15.406,94.7,17
2026-08-22T00:47:51,4593.1,69.4,4.45,4.45,8,13.649,15.406,88.6,13
2026-08-22T00:47:53,4595.1,58.7,4.49,4.46,8,14.685,15.406,95.3,17
2026-08-22T00:47:55,4597.1,60.1,4.49,4.46,8,14.68,15.406,95.3,17
2026-08-22T00:47:57,4599.1,48.9,4.49,4.46,8,13.798,15.406,89.6,14
2026-08-22T00:47:59,4601.1,53.3,4.37,4.44,8,13.938,15.406,90.5,14
2026-08-22T00:48:01,4603.1,63.3,4.37,4.44,8,13.913,15.406,90.3,17
2026-08-22T00:48:03,4605.1,65.8,4.42,4.44,8,14.055,15.406,91.2,15
2026-08-22T00:48:05,4607.1,53.0,4.42,4.44,8,14.225,15.406,92.3,15
2026-08-22T00:48:07,4609.1,78.9,4.42,4.44,8,14.304,15.406,92.9,17
2026-08-22T00:48:09,4611.1,52.6,4.47,4.45,8,14.708,15.406,95.5,17
2026-08-22T00:48:11,4613.1,52.0,4.47,4.45,8,14.433,15.406,93.7,17
2026-08-22T00:48:13,4615.1,50.8,4.43,4.45,8,14.242,15.406,92.4,17
2026-08-22T00:48:15,4617.1,59.6,4.43,4.45,8,14.561,15.406,94.5,17
2026-08-22T00:48:17,4619.1,60.5,4.43,4.45,8,14.414,15.406,93.6,17
2026-08-22T00:48:19,4621.1,38.4,4.32,4.42,8,13.936,15.406,90.5,17
2026-08-22T00:48:21,4623.1,45.5,4.32,4.42,8,14.601,15.406,94.8,17
2026-08-22T00:48:23,4625.1,66.6,4.69,4.5,8,14.248,15.406,92.5,17
2026-08-22T00:48:25,4627.1,51.5,4.69,4.5,8,13.954,15.406,90.6,17
2026-08-22T00:48:27,4629.1,51.8,4.69,4.5,8,14.518,15.406,94.2,17
2026-08-22T00:48:29,4631.1,55.8,4.88,4.54,8,14.319,15.406,92.9,17
2026-08-22T00:48:31,4633.1,66.4,4.88,4.54,8,14.608,15.406,94.8,17
2026-08-22T00:48:33,4635.1,51.5,4.81,4.53,8,14.362,15.406,93.2,17
2026-08-22T00:48:35,4637.1,60.1,4.81,4.53,8,13.745,15.406,89.2,15
2026-08-22T00:48:37,4639.1,64.8,4.81,4.53,8,14.564,15.406,94.5,17
2026-08-22T00:48:39,4641.1,51.1,4.74,4.52,8,14.442,15.406,93.7,17
2026-08-22T00:48:41,4643.1,57.5,4.74,4.52,8,13.681,15.406,88.8,17
2026-08-22T00:48:43,4645.1,63.5,5.0,4.58,8,14.55,15.406,94.4,17
2026-08-22T00:48:45,4647.1,52.8,5.0,4.58,8,14.441,15.406,93.7,17
2026-08-22T00:48:47,4649.1,58.3,5.0,4.58,8,13.988,15.406,90.8,17
2026-08-22T00:48:49,4651.1,62.7,5.16,4.62,8,14.598,15.406,94.8,17
2026-08-22T00:48:51,4653.1,51.4,5.16,4.62,8,14.324,15.406,93.0,17
2026-08-22T00:48:53,4655.1,56.7,4.99,4.59,8,14.727,15.406,95.6,17
2026-08-22T00:48:55,4657.1,69.7,4.99,4.59,8,14.38,15.406,93.3,17
2026-08-22T00:48:57,4659.1,51.1,4.99,4.59,8,14.064,15.406,91.3,17
2026-08-22T00:48:59,4661.1,59.1,4.91,4.58,8,14.669,15.406,95.2,17
2026-08-22T00:49:01,4663.1,67.2,4.91,4.58,8,14.491,15.406,94.1,17
2026-08-22T00:49:03,4665.1,52.8,4.84,4.57,8,14.354,15.406,93.2,17
2026-08-22T00:49:05,4667.1,62.4,4.84,4.57,8,13.637,15.406,88.5,14
2026-08-22T00:49:07,4669.1,52.1,4.84,4.57,8,14.541,15.406,94.4,17
2026-08-22T00:49:09,4671.1,59.0,4.85,4.58,8,14.253,15.406,92.5,17
2026-08-22T00:49:11,4673.1,65.4,4.85,4.58,8,14.55,15.406,94.4,17
2026-08-22T00:49:13,4675.1,48.1,4.86,4.59,8,14.492,15.406,94.1,17
2026-08-22T00:49:15,4677.1,49.7,4.86,4.59,8,14.076,15.406,91.4,17
2026-08-22T00:49:17,4679.1,41.9,4.86,4.59,8,14.636,15.406,95.0,17
2026-08-22T00:49:19,4681.1,57.8,4.95,4.61,8,14.453,15.406,93.8,17
2026-08-22T00:49:21,4683.1,41.0,4.95,4.61,8,14.04,15.406,91.1,17
2026-08-22T00:49:23,4685.1,49.2,4.88,4.6,8,14.62,15.406,94.9,17
2026-08-22T00:49:25,4687.1,63.6,4.88,4.6,8,14.312,15.406,92.9,17
2026-08-22T00:49:27,4689.1,45.6,4.88,4.6,8,14.717,15.406,95.5,17
2026-08-22T00:49:29,4691.1,52.0,4.81,4.59,8,14.407,15.406,93.5,17
2026-08-22T00:49:31,4693.1,63.6,4.81,4.59,8,13.619,15.406,88.4,14
2026-08-22T00:49:33,4695.1,62.7,4.98,4.63,8,14.464,15.406,93.9,17
2026-08-22T00:49:35,4697.1,54.6,4.98,4.63,8,14.353,15.406,93.2,17
2026-08-22T00:49:37,4699.1,44.8,4.98,4.63,8,13.476,15.406,87.5,14
2026-08-22T00:49:39,4701.1,42.0,4.82,4.6,8,14.484,15.406,94.0,17
2026-08-22T00:49:41,4703.1,62.8,4.82,4.6,8,14.36,15.406,93.2,17
2026-08-22T00:49:43,4705.1,41.3,4.84,4.61,8,14.14,15.406,91.8,17
2026-08-22T00:49:45,4707.1,59.6,4.84,4.61,8,14.434,15.406,93.7,17
2026-08-22T00:49:47,4709.1,43.9,4.84,4.61,8,14.312,15.406,92.9,17
2026-08-22T00:49:49,4711.1,60.5,4.77,4.6,8,14.613,15.406,94.9,17
2026-08-22T00:49:51,4713.1,49.2,4.77,4.6,8,14.514,15.406,94.2,17
2026-08-22T00:49:53,4715.1,46.9,4.63,4.57,8,14.205,15.406,92.2,17
2026-08-22T00:49:55,4717.1,45.6,4.63,4.57,8,14.666,15.406,95.2,17
2026-08-22T00:49:57,4719.1,57.0,4.63,4.57,8,14.497,15.406,94.1,17
2026-08-22T00:49:59,4721.1,43.1,4.82,4.61,8,14.187,15.406,92.1,17
2026-08-22T00:50:01,4723.1,51.0,4.82,4.61,8,14.581,15.406,94.7,17
2026-08-22T00:50:03,4725.1,58.2,4.67,4.59,8,14.312,15.406,92.9,17
2026-08-22T00:50:05,4727.1,60.3,4.67,4.59,8,14.692,15.406,95.4,17
2026-08-22T00:50:07,4729.1,51.3,4.67,4.59,8,14.566,15.406,94.6,17
2026-08-22T00:50:09,4731.1,60.5,4.7,4.59,8,14.425,15.406,93.6,17
2026-08-22T00:50:11,4733.1,66.8,4.7,4.59,8,13.756,15.406,89.3,14
2026-08-22T00:50:13,4735.1,52.5,4.64,4.58,8,14.484,15.406,94.0,17
2026-08-22T00:50:15,4737.1,56.4,4.64,4.58,8,14.218,15.406,92.3,17
2026-08-22T00:50:17,4739.1,65.8,4.64,4.58,8,14.55,15.406,94.4,17
2026-08-22T00:50:19,4741.1,46.3,4.59,4.57,8,14.468,15.406,93.9,17
2026-08-22T00:50:21,4743.1,49.0,4.59,4.57,8,14.028,15.406,91.1,17
2026-08-22T00:50:23,4745.1,49.8,4.54,4.56,8,14.608,15.406,94.8,17
2026-08-22T00:50:25,4747.1,65.8,4.54,4.56,8,14.349,15.406,93.1,17
2026-08-22T00:50:27,4749.1,55.1,4.54,4.56,8,13.562,15.406,88.0,14
2026-08-22T00:50:29,4751.1,61.8,4.5,4.55,8,14.507,15.406,94.2,17
2026-08-22T00:50:31,4753.1,69.6,4.5,4.55,8,14.069,15.406,91.3,17
2026-08-22T00:50:33,4755.1,51.3,4.54,4.56,8,14.549,15.406,94.4,17
2026-08-22T00:50:35,4757.1,55.2,4.54,4.56,8,14.579,15.406,94.6,17
2026-08-22T00:50:37,4759.1,61.1,4.54,4.56,8,14.299,15.406,92.8,17
2026-08-22T00:50:39,4761.1,49.2,4.5,4.55,8,14.693,15.406,95.4,17
2026-08-22T00:50:41,4763.1,48.6,4.5,4.55,8,14.561,15.406,94.5,17
2026-08-22T00:50:43,4765.1,60.5,5.1,4.68,8,14.323,15.406,93.0,17
2026-08-22T00:50:45,4767.1,43.0,5.1,4.68,8,14.675,15.406,95.3,17
2026-08-22T00:50:47,4769.1,54.4,5.1,4.68,8,14.386,15.406,93.4,17
2026-08-22T00:50:49,4771.1,55.5,5.09,4.68,8,14.264,15.406,92.6,17
2026-08-22T00:50:51,4773.1,48.2,5.09,4.68,8,14.67,15.406,95.2,17
2026-08-22T00:50:53,4775.1,43.2,4.92,4.65,8,14.463,15.406,93.9,17
2026-08-22T00:50:55,4777.1,58.8,4.92,4.65,8,13.719,15.406,89.1,17
2026-08-22T00:50:57,4779.1,55.4,4.92,4.65,8,14.53,15.406,94.3,17
2026-08-22T00:50:59,4781.1,66.7,4.85,4.64,8,14.311,15.406,92.9,17
2026-08-22T00:51:01,4783.1,51.3,4.85,4.64,8,14.638,15.406,95.0,17
2026-08-22T00:51:03,4785.1,70.1,4.78,4.63,8,14.468,15.406,93.9,17
2026-08-22T00:51:05,4787.1,64.9,4.78,4.63,8,13.586,15.406,88.2,14
2026-08-22T00:51:07,4789.1,49.5,4.78,4.63,8,14.523,15.406,94.3,17
2026-08-22T00:51:09,4791.1,59.8,4.96,4.67,8,14.269,15.406,92.6,17
2026-08-22T00:51:11,4793.1,64.5,4.96,4.67,8,14.667,15.406,95.2,17
2026-08-22T00:51:13,4795.1,57.6,4.88,4.66,8,14.407,15.406,93.5,17
2026-08-22T00:51:15,4797.1,58.4,4.88,4.66,8,13.701,15.406,88.9,14
2026-08-22T00:51:17,4799.1,63.2,4.88,4.66,8,14.509,15.406,94.2,17
2026-08-22T00:51:19,4801.1,54.0,4.73,4.63,8,14.473,15.406,93.9,17
2026-08-22T00:51:21,4803.1,58.2,4.73,4.63,8,13.954,15.406,90.6,17
2026-08-22T00:51:23,4805.1,70.4,5.07,4.71,8,14.573,15.406,94.6,17
2026-08-22T00:51:25,4807.1,53.8,5.07,4.71,8,14.431,15.406,93.7,17
2026-08-22T00:51:27,4809.1,59.1,5.07,4.71,8,13.694,15.406,88.9,16
2026-08-22T00:51:29,4811.1,63.0,4.99,4.69,8,14.584,15.406,94.7,17
2026-08-22T00:51:31,4813.1,55.2,4.99,4.69,8,14.505,15.406,94.2,17
2026-08-22T00:51:33,4815.1,58.4,4.91,4.68,8,14.371,15.406,93.3,17
2026-08-22T00:51:35,4817.1,69.3,4.91,4.68,8,14.707,15.406,95.5,17
2026-08-22T00:51:37,4819.1,53.2,4.91,4.68,8,14.539,15.406,94.4,17
2026-08-22T00:51:39,4821.1,57.6,4.91,4.69,8,14.291,15.406,92.8,17
2026-08-22T00:51:41,4823.1,66.0,4.91,4.69,8,14.682,15.406,95.3,17
2026-08-22T00:51:43,4825.1,51.2,4.84,4.68,8,14.576,15.406,94.6,17
2026-08-22T00:51:45,4827.1,61.6,4.84,4.68,8,14.086,15.406,91.4,17
2026-08-22T00:51:47,4829.1,63.1,4.84,4.68,8,14.574,15.406,94.6,17
2026-08-22T00:51:49,4831.1,51.7,4.77,4.66,8,14.36,15.406,93.2,17
2026-08-22T00:51:51,4833.1,59.6,4.77,4.66,8,13.679,15.406,88.8,17
2026-08-22T00:51:53,4835.1,62.5,5.03,4.72,8,14.565,15.406,94.5,17
2026-08-22T00:51:55,4837.1,57.4,5.03,4.72,8,14.53,15.406,94.3,17
2026-08-22T00:51:57,4839.1,63.6,5.03,4.72,8,14.453,15.406,93.8,17
2026-08-22T00:51:59,4841.1,63.5,5.03,4.72,8,14.726,15.406,95.6,17
2026-08-22T00:52:01,4843.1,51.5,5.03,4.72,8,14.47,15.406,93.9,17
2026-08-22T00:52:03,4845.1,60.3,4.95,4.71,8,13.685,15.406,88.8,17
2026-08-22T00:52:05,4847.1,66.7,4.95,4.71,8,14.523,15.406,94.3,17
2026-08-22T00:52:07,4849.1,55.1,4.95,4.71,8,14.303,15.406,92.8,17
2026-08-22T00:52:09,4851.1,55.8,5.27,4.78,8,14.712,15.406,95.5,17
2026-08-22T00:52:11,4853.1,64.7,5.27,4.78,8,14.445,15.406,93.8,17
2026-08-22T00:52:13,4855.1,52.9,5.17,4.77,8,13.749,15.406,89.2,17
2026-08-22T00:52:15,4857.1,54.1,5.17,4.77,8,14.555,15.406,94.5,17
2026-08-22T00:52:17,4859.1,65.7,5.17,4.77,8,14.246,15.406,92.5,17
2026-08-22T00:52:19,4861.1,50.5,5.0,4.74,8,14.702,15.406,95.4,17
2026-08-22T00:52:21,4863.1,62.9,5.0,4.74,8,14.439,15.406,93.7,17
2026-08-22T00:52:23,4865.1,71.3,5.56,4.86,8,13.836,15.406,89.8,17
2026-08-22T00:52:25,4867.1,59.0,5.56,4.86,8,14.669,15.406,95.2,17
2026-08-22T00:52:27,4869.1,59.9,5.56,4.86,8,14.62,15.406,94.9,17
2026-08-22T00:52:29,4871.1,54.9,5.51,4.86,8,14.466,15.406,93.9,17
2026-08-22T00:52:31,4873.1,61.3,5.51,4.86,8,14.137,15.406,91.8,17
2026-08-22T00:52:33,4875.1,63.8,5.39,4.85,8,14.556,15.406,94.5,17
2026-08-22T00:52:35,4877.1,53.9,5.39,4.85,8,14.307,15.406,92.9,17
2026-08-22T00:52:37,4879.1,58.7,5.39,4.85,8,14.695,15.406,95.4,17
2026-08-22T00:52:39,4881.1,52.4,5.28,4.83,8,14.568,15.406,94.6,17
2026-08-22T00:52:41,4883.1,41.3,5.28,4.83,8,14.293,15.406,92.8,17
2026-08-22T00:52:43,4885.1,51.7,5.18,4.82,8,14.705,15.406,95.5,17
2026-08-22T00:52:45,4887.1,62.6,5.18,4.82,8,14.455,15.406,93.8,17
2026-08-22T00:52:47,4889.1,68.3,5.18,4.82,8,13.606,15.406,88.3,17
2026-08-22T00:52:49,4891.1,50.7,5.0,4.79,8,14.563,15.406,94.5,17
2026-08-22T00:52:51,4893.1,60.4,5.0,4.79,8,14.313,15.406,92.9,17
2026-08-22T00:52:53,4895.1,65.3,5.32,4.86,8,14.391,15.406,93.4,17
2026-08-22T00:52:55,4897.1,56.6,5.32,4.86,8,14.548,15.406,94.4,17
2026-08-22T00:52:57,4899.1,60.3,5.32,4.86,8,14.246,15.406,92.5,17
2026-08-22T00:52:59,4901.1,63.8,5.22,4.85,8,14.636,15.406,95.0,17
2026-08-22T00:53:01,4903.1,52.7,5.22,4.85,8,14.375,15.406,93.3,17
2026-08-22T00:53:03,4905.1,63.9,5.36,4.88,8,13.521,15.406,87.8,14
2026-08-22T00:53:05,4907.1,62.0,5.36,4.88,8,14.471,15.406,93.9,17
2026-08-22T00:53:07,4909.1,52.6,5.36,4.88,8,14.208,15.406,92.2,17
2026-08-22T00:53:09,4911.1,57.9,5.49,4.92,8,14.629,15.406,95.0,17
2026-08-22T00:53:11,4913.1,67.8,5.49,4.92,8,14.358,15.406,93.2,17
2026-08-22T00:53:13,4915.2,51.1,5.45,4.92,8,13.692,15.406,88.9,14
2026-08-22T00:53:15,4917.2,58.1,5.45,4.92,8,14.55,15.406,94.4,17
2026-08-22T00:53:17,4919.2,63.5,5.45,4.92,8,14.463,15.406,93.9,17
2026-08-22T00:53:19,4921.2,37.9,5.17,4.87,8,14.114,15.406,91.6,17
2026-08-22T00:53:21,4923.2,51.1,5.17,4.87,8,14.646,15.406,95.1,17
2026-08-22T00:53:23,4925.2,63.5,5.08,4.86,8,14.389,15.406,93.4,17
2026-08-22T00:53:25,4927.2,68.6,5.08,4.86,8,13.705,15.406,89.0,14
2026-08-22T00:53:27,4929.2,50.9,5.08,4.86,8,14.604,15.406,94.8,17
2026-08-22T00:53:29,4931.2,58.7,5.07,4.86,8,14.492,15.406,94.1,17
2026-08-22T00:53:31,4933.2,69.0,5.07,4.86,8,13.774,15.406,89.4,16
2026-08-22T00:53:33,4935.2,51.2,4.99,4.84,8,14.563,15.406,94.5,17
2026-08-22T00:53:35,4937.2,59.2,4.99,4.84,8,14.346,15.406,93.1,17
2026-08-22T00:53:37,4939.2,71.9,4.99,4.84,8,14.714,15.406,95.5,17
2026-08-22T00:53:39,4941.2,48.9,4.91,4.83,8,14.413,15.406,93.6,17
2026-08-22T00:53:41,4943.2,62.1,4.91,4.83,8,13.625,15.406,88.4,17
2026-08-22T00:53:43,4945.2,62.8,5.0,4.85,8,14.53,15.406,94.3,17
2026-08-22T00:53:45,4947.2,53.3,5.0,4.85,8,14.36,15.406,93.2,17
2026-08-22T00:53:47,4949.2,57.4,5.0,4.85,8,14.697,15.406,95.4,17
2026-08-22T00:53:49,4951.2,62.8,5.24,4.9,8,14.365,15.406,93.2,17
2026-08-22T00:53:51,4953.2,59.1,5.24,4.9,8,13.611,15.406,88.4,14
2026-08-22T00:53:53,4955.2,55.8,5.06,4.87,8,14.477,15.406,94.0,17
2026-08-22T00:53:55,4957.2,73.3,5.06,4.87,8,13.949,15.406,90.5,17
2026-08-22T00:53:57,4959.2,53.2,5.06,4.87,8,14.6,15.406,94.8,17
2026-08-22T00:53:59,4961.2,66.1,5.13,4.89,8,14.34,15.406,93.1,17
2026-08-22T00:54:01,4963.2,68.7,5.13,4.89,8,14.703,15.406,95.4,17
2026-08-22T00:54:03,4965.2,49.7,5.04,4.87,8,14.365,15.406,93.2,17
2026-08-22T00:54:05,4967.2,57.7,5.04,4.87,8,14.038,15.406,91.1,15
2026-08-22T00:54:07,4969.2,50.6,5.04,4.87,8,14.609,15.406,94.8,17
2026-08-22T00:54:09,4971.2,42.6,4.88,4.84,8,14.376,15.406,93.3,17
2026-08-22T00:54:11,4973.2,53.4,4.88,4.84,8,14.083,15.406,91.4,17
2026-08-22T00:54:13,4975.2,42.1,4.73,4.81,8,14.671,15.406,95.2,17
2026-08-22T00:54:15,4977.2,42.0,4.73,4.81,8,14.456,15.406,93.8,17
2026-08-22T00:54:17,4979.2,69.9,4.73,4.81,8,14.031,15.406,91.1,17
2026-08-22T00:54:19,4981.2,43.9,4.67,4.8,8,14.66,15.406,95.2,17
2026-08-22T00:54:21,4983.2,61.0,4.67,4.8,8,14.398,15.406,93.5,17
2026-08-22T00:54:23,4985.2,58.8,5.18,4.9,8,13.67,15.406,88.7,14
2026-08-22T00:54:25,4987.2,55.9,5.18,4.9,8,14.578,15.406,94.6,17
2026-08-22T00:54:27,4989.2,65.6,5.18,4.9,8,14.369,15.406,93.3,17
2026-08-22T00:54:29,4991.2,52.5,5.0,4.87,8,13.782,15.406,89.5,14
2026-08-22T00:54:31,4993.2,60.7,5.0,4.87,8,14.561,15.406,94.5,17
2026-08-22T00:54:33,4995.2,65.7,4.92,4.85,8,14.295,15.406,92.8,17
2026-08-22T00:54:35,4997.2,53.8,4.92,4.85,8,14.713,15.406,95.5,17
2026-08-22T00:54:37,4999.2,60.7,4.92,4.85,8,14.424,15.406,93.6,17
2026-08-22T00:54:39,5001.2,65.7,4.85,4.84,8,13.607,15.406,88.3,17
2026-08-22T00:54:41,5003.2,51.9,4.85,4.84,8,14.531,15.406,94.3,17
2026-08-22T00:54:43,5005.2,58.6,4.7,4.81,8,14.418,15.406,93.6,17
2026-08-22T00:54:45,5007.2,69.6,4.7,4.81,8,13.901,15.406,90.2,17
2026-08-22T00:54:47,5009.2,54.5,4.7,4.81,8,14.584,15.406,94.7,17
2026-08-22T00:54:49,5011.2,60.3,4.8,4.83,8,14.303,15.406,92.8,17
2026-08-22T00:54:51,5013.2,67.1,4.8,4.83,8,14.709,15.406,95.5,17
2026-08-22T00:54:53,5015.2,52.3,4.74,4.82,8,14.438,15.406,93.7,17
2026-08-22T00:54:55,5017.2,65.6,4.74,4.82,8,13.801,15.406,89.6,17
2026-08-22T00:54:57,5019.2,62.2,4.74,4.82,8,14.574,15.406,94.6,17
2026-08-22T00:54:59,5021.2,56.3,4.84,4.84,8,14.307,15.406,92.9,17
2026-08-22T00:55:01,5023.2,60.6,4.84,4.84,8,14.714,15.406,95.5,17
2026-08-22T00:55:03,5025.2,68.1,4.77,4.82,8,14.423,15.406,93.6,17
2026-08-22T00:55:05,5027.2,54.6,4.77,4.82,8,14.081,15.406,91.4,17
2026-08-22T00:55:07,5029.2,60.5,4.77,4.82,8,14.552,15.406,94.5,17
2026-08-22T00:55:09,5031.2,67.4,4.71,4.81,8,14.221,15.406,92.3,17
2026-08-22T00:55:11,5033.2,54.1,4.71,4.81,8,14.666,15.406,95.2,17
2026-08-22T00:55:13,5035.2,59.5,4.73,4.81,8,14.373,15.406,93.3,17
2026-08-22T00:55:15,5037.2,65.7,4.73,4.81,8,13.799,15.406,89.6,17
2026-08-22T00:55:17,5039.2,51.6,4.73,4.81,8,14.56,15.406,94.5,17
2026-08-22T00:55:19,5041.2,60.1,4.92,4.85,8,14.293,15.406,92.8,17
2026-08-22T00:55:21,5043.2,66.0,4.92,4.85,8,14.694,15.406,95.4,17
2026-08-22T00:55:23,5045.2,57.9,4.92,4.85,8,14.449,15.406,93.8,17
2026-08-22T00:55:25,5047.2,66.1,4.92,4.85,8,14.262,15.406,92.6,17
2026-08-22T00:55:27,5049.2,62.3,4.92,4.85,8,14.654,15.406,95.1,17
2026-08-22T00:55:29,5051.2,57.8,5.09,4.89,8,14.429,15.406,93.7,17
2026-08-22T00:55:31,5053.2,61.7,5.09,4.89,8,13.662,15.406,88.7,17
2026-08-22T00:55:33,5055.2,61.9,5.16,4.91,8,14.528,15.406,94.3,17
2026-08-22T00:55:35,5057.2,52.1,5.16,4.91,8,14.301,15.406,92.8,17
2026-08-22T00:55:37,5059.2,59.2,5.16,4.91,8,14.683,15.406,95.3,17
2026-08-22T00:55:39,5061.2,65.5,5.15,4.91,8,14.362,15.406,93.2,17
2026-08-22T00:55:41,5063.2,53.1,5.15,4.91,8,13.617,15.406,88.4,17
2026-08-22T00:55:43,5065.2,58.0,5.06,4.89,8,14.512,15.406,94.2,17
2026-08-22T00:55:45,5067.2,55.6,5.06,4.89,8,14.306,15.406,92.9,17
2026-08-22T00:55:47,5069.2,61.2,5.06,4.89,8,14.662,15.406,95.2,17
2026-08-22T00:55:49,5071.2,56.4,4.97,4.88,8,14.547,15.406,94.4,17
2026-08-22T00:55:51,5073.2,40.7,4.97,4.88,8,14.279,15.406,92.7,17
2026-08-22T00:55:53,5075.2,52.0,4.97,4.88,8,14.697,15.406,95.4,17
2026-08-22T00:55:55,5077.2,64.0,4.97,4.88,8,14.386,15.406,93.4,17
2026-08-22T00:55:57,5079.2,70.4,4.97,4.88,8,13.586,15.406,88.2,14
2026-08-22T00:55:59,5081.2,51.8,4.82,4.85,8,14.538,15.406,94.4,17
2026-08-22T00:56:01,5083.2,65.2,4.82,4.85,8,14.302,15.406,92.8,17
2026-08-22T00:56:03,5085.2,69.8,4.75,4.83,8,14.631,15.406,95.0,17
2026-08-22T00:56:05,5087.2,52.6,4.75,4.83,8,14.432,15.406,93.7,17
2026-08-22T00:56:07,5089.2,64.2,4.75,4.83,8,13.662,15.406,88.7,17
2026-08-22T00:56:09,5091.2,66.8,4.69,4.82,8,14.53,15.406,94.3,17
2026-08-22T00:56:11,5093.2,55.8,4.69,4.82,8,14.291,15.406,92.8,17
2026-08-22T00:56:13,5095.2,61.2,4.55,4.79,8,14.728,15.406,95.6,17
2026-08-22T00:56:15,5097.2,60.9,4.55,4.79,8,14.43,15.406,93.7,17
2026-08-22T00:56:17,5099.2,50.9,4.55,4.79,8,13.992,15.406,90.8,17
2026-08-22T00:56:19,5101.2,56.8,4.59,4.79,8,14.562,15.406,94.5,17
2026-08-22T00:56:21,5103.2,69.4,4.59,4.79,8,14.333,15.406,93.0,17
2026-08-22T00:56:23,5105.2,57.3,4.78,4.83,8,13.702,15.406,88.9,14
2026-08-22T00:56:25,5107.2,61.6,4.78,4.83,8,14.66,15.406,95.2,17
2026-08-22T00:56:27,5109.2,64.7,4.78,4.83,8,14.646,15.406,95.1,17
2026-08-22T00:56:29,5111.2,54.0,4.64,4.8,8,14.578,15.406,94.6,17
2026-08-22T00:56:31,5113.2,61.6,4.64,4.8,8,14.413,15.406,93.6,17
2026-08-22T00:56:33,5115.2,66.3,4.91,4.85,8,13.912,15.406,90.3,17
2026-08-22T00:56:35,5117.2,49.7,4.91,4.85,8,14.543,15.406,94.4,17
2026-08-22T00:56:37,5119.2,61.4,4.91,4.85,8,14.268,15.406,92.6,17
2026-08-22T00:56:39,5121.2,62.9,4.84,4.84,8,14.657,15.406,95.1,17
2026-08-22T00:56:41,5123.2,54.8,4.84,4.84,8,14.492,15.406,94.1,17
2026-08-22T00:56:43,5125.2,56.5,4.69,4.81,8,14.358,15.406,93.2,17
2026-08-22T00:56:45,5127.2,64.6,4.69,4.81,8,14.711,15.406,95.5,17
2026-08-22T00:56:47,5129.2,56.2,4.69,4.81,8,14.474,15.406,94.0,17
2026-08-22T00:56:49,5131.2,58.8,4.87,4.84,8,14.181,15.406,92.1,17
2026-08-22T00:56:51,5133.2,67.1,4.87,4.84,8,14.628,15.406,95.0,17
2026-08-22T00:56:53,5135.2,53.7,4.8,4.83,8,14.468,15.406,93.9,17
2026-08-22T00:56:55,5137.2,65.5,4.8,4.83,8,14.029,15.406,91.1,17
2026-08-22T00:56:57,5139.2,70.4,4.8,4.83,8,14.627,15.406,94.9,17
2026-08-22T00:56:59,5141.2,52.3,4.66,4.8,8,14.484,15.406,94.0,17
2026-08-22T00:57:01,5143.2,63.1,4.66,4.8,8,14.183,15.406,92.1,17
2026-08-22T00:57:03,5145.2,64.5,4.69,4.8,8,14.614,15.406,94.9,17
2026-08-22T00:57:05,5147.2,54.7,4.69,4.8,8,14.402,15.406,93.5,17
2026-08-22T00:57:07,5149.2,60.7,4.69,4.8,8,13.723,15.406,89.1,17
2026-08-22T00:57:09,5151.2,66.6,4.79,4.82,8,14.579,15.406,94.6,17
2026-08-22T00:57:11,5153.2,55.5,4.79,4.82,8,14.529,15.406,94.3,17
2026-08-22T00:57:13,5155.2,64.7,4.65,4.79,8,14.423,15.406,93.6,17
2026-08-22T00:57:15,5157.2,66.0,4.65,4.79,8,14.726,15.406,95.6,17
2026-08-22T00:57:17,5159.2,51.9,4.65,4.79,8,14.545,15.406,94.4,17
2026-08-22T00:57:19,5161.2,57.8,4.6,4.78,8,14.31,15.406,92.9,17
2026-08-22T00:57:21,5163.2,66.8,4.6,4.78,8,14.704,15.406,95.4,17
2026-08-22T00:57:23,5165.2,57.1,4.63,4.78,8,14.543,15.406,94.4,17
2026-08-22T00:57:25,5167.2,67.7,4.63,4.78,8,14.497,15.406,94.1,17
2026-08-22T00:57:27,5169.2,66.0,4.63,4.78,8,14.256,15.406,92.5,17
2026-08-22T00:57:29,5171.2,52.6,4.5,4.75,8,14.036,15.406,91.1,17
2026-08-22T00:57:31,5173.2,60.3,4.5,4.75,8,14.672,15.406,95.2,17
2026-08-22T00:57:33,5175.2,62.8,4.78,4.81,8,14.49,15.406,94.1,17
2026-08-22T00:57:35,5177.2,54.1,4.78,4.81,8,14.366,15.406,93.3,17
2026-08-22T00:57:37,5179.2,58.5,4.78,4.81,8,13.603,15.406,88.3,14
2026-08-22T00:57:39,5181.2,63.6,4.8,4.81,8,14.563,15.406,94.5,17
2026-08-22T00:57:41,5183.2,54.6,4.8,4.81,8,14.432,15.406,93.7,17
2026-08-22T00:57:43,5185.2,57.8,4.65,4.78,8,14.043,15.406,91.2,17
2026-08-22T00:57:45,5187.2,63.9,4.65,4.78,8,14.646,15.406,95.1,17
2026-08-22T00:57:47,5189.2,54.5,4.65,4.78,8,14.587,15.406,94.7,17
2026-08-22T00:57:49,5191.2,58.0,4.6,4.77,8,14.283,15.406,92.7,17
2026-08-22T00:57:51,5193.2,64.7,4.6,4.77,8,14.659,15.406,95.2,17
2026-08-22T00:57:53,5195.2,55.3,4.55,4.75,8,14.442,15.406,93.7,17
2026-08-22T00:57:55,5197.2,62.8,4.55,4.75,8,13.985,15.406,90.8,17
2026-08-22T00:57:57,5199.2,69.1,4.55,4.75,8,14.589,15.406,94.7,17
2026-08-22T00:57:59,5201.2,53.7,4.51,4.74,8,14.427,15.406,93.6,17
2026-08-22T00:58:01,5203.2,64.0,4.51,4.74,8,13.617,15.406,88.4,14
2026-08-22T00:58:03,5205.2,65.3,4.95,4.83,8,14.514,15.406,94.2,17
2026-08-22T00:58:05,5207.2,57.4,4.95,4.83,8,14.238,15.406,92.4,17
2026-08-22T00:58:07,5209.2,54.7,4.95,4.83,8,14.645,15.406,95.1,17
2026-08-22T00:58:09,5211.2,69.6,5.11,4.87,8,14.328,15.406,93.0,17
2026-08-22T00:58:11,5213.2,55.9,5.11,4.87,8,13.571,15.406,88.1,14
2026-08-22T00:58:13,5215.2,56.0,5.02,4.85,8,14.5,15.406,94.1,17
2026-08-22T00:58:15,5217.2,66.5,5.02,4.85,8,14.287,15.406,92.7,17
2026-08-22T00:58:17,5219.2,54.3,5.02,4.85,8,14.711,15.406,95.5,17
2026-08-22T00:58:19,5221.2,58.1,5.18,4.89,8,14.543,15.406,94.4,17
2026-08-22T00:58:21,5223.2,74.1,5.18,4.89,8,13.76,15.406,89.3,17
2026-08-22T00:58:23,5225.2,61.0,5.17,4.89,8,14.572,15.406,94.6,17
2026-08-22T00:58:25,5227.2,67.4,5.17,4.89,8,14.396,15.406,93.4,17
2026-08-22T00:58:27,5229.2,63.8,5.17,4.89,8,14.693,15.406,95.4,17
2026-08-22T00:58:29,5231.2,50.2,4.99,4.86,8,14.582,15.406,94.7,17
2026-08-22T00:58:31,5233.2,60.6,4.99,4.86,8,14.365,15.406,93.2,17
2026-08-22T00:58:33,5235.2,63.1,4.99,4.86,8,14.691,15.406,95.4,17
2026-08-22T00:58:35,5237.2,55.8,4.99,4.86,8,14.491,15.406,94.1,17
2026-08-22T00:58:37,5239.2,65.4,4.99,4.86,8,14.353,15.406,93.2,17
2026-08-22T00:58:39,5241.2,63.7,4.91,4.84,8,13.73,15.406,89.1,14
2026-08-22T00:58:41,5243.2,51.9,4.91,4.84,8,14.604,15.406,94.8,17
2026-08-22T00:58:43,5245.2,58.7,4.84,4.83,8,14.436,15.406,93.7,17
2026-08-22T00:58:45,5247.2,64.1,4.84,4.83,8,13.638,15.406,88.5,14
2026-08-22T00:58:47,5249.2,49.9,4.84,4.83,8,14.524,15.406,94.3,17
2026-08-22T00:58:49,5251.2,57.0,4.77,4.82,8,14.273,15.406,92.6,17
2026-08-22T00:58:51,5253.2,64.6,4.77,4.82,8,14.632,15.406,95.0,17
2026-08-22T00:58:53,5255.2,52.2,4.71,4.8,8,14.339,15.406,93.1,17
2026-08-22T00:58:55,5257.2,63.1,4.71,4.8,8,13.609,15.406,88.3,14
2026-08-22T00:58:57,5259.2,64.6,4.71,4.8,8,14.535,15.406,94.3,17
2026-08-22T00:58:59,5261.2,53.7,4.57,4.77,8,14.316,15.406,92.9,17
2026-08-22T00:59:01,5263.2,65.8,4.57,4.77,8,14.632,15.406,95.0,17
2026-08-22T00:59:03,5265.2,54.2,4.53,4.76,8,14.359,15.406,93.2,17
2026-08-22T00:59:05,5267.2,63.1,4.53,4.76,8,14.754,15.406,95.8,17
2026-08-22T00:59:07,5269.2,65.6,4.53,4.76,8,14.423,15.406,93.6,17
2026-08-22T00:59:09,5271.2,56.4,4.41,4.73,8,14.108,15.406,91.6,17
2026-08-22T00:59:11,5273.2,60.3,4.41,4.73,8,14.572,15.406,94.6,17
2026-08-22T00:59:13,5275.2,65.5,4.37,4.72,8,14.297,15.406,92.8,17
2026-08-22T00:59:15,5277.2,52.8,4.37,4.72,8,13.701,15.406,88.9,14
2026-08-22T00:59:17,5279.2,57.9,4.37,4.72,8,14.511,15.406,94.2,17
2026-08-22T00:59:19,5281.2,68.7,4.34,4.71,8,14.13,15.406,91.7,17
2026-08-22T00:59:21,5283.2,50.9,4.34,4.71,8,14.619,15.406,94.9,17
2026-08-22T00:59:23,5285.2,66.3,4.31,4.69,8,14.418,15.406,93.6,17
2026-08-22T00:59:25,5287.2,70.6,4.31,4.69,8,13.77,15.406,89.4,17
2026-08-22T00:59:27,5289.2,52.9,4.31,4.69,8,14.663,15.406,95.2,17
2026-08-22T00:59:29,5291.2,58.8,4.53,4.73,8,14.568,15.406,94.6,17
2026-08-22T00:59:31,5293.2,69.4,4.53,4.73,8,14.213,15.406,92.3,17
2026-08-22T00:59:33,5295.2,52.4,4.49,4.72,8,14.671,15.406,95.2,17
2026-08-22T00:59:35,5297.2,60.9,4.49,4.72,8,14.4,15.406,93.5,17
2026-08-22T00:59:37,5299.2,67.9,4.49,4.72,8,13.689,15.406,88.9,14
2026-08-22T00:59:39,5301.2,50.6,4.37,4.69,8,14.653,15.406,95.1,17
2026-08-22T00:59:41,5303.2,60.7,4.37,4.69,8,14.418,15.406,93.6,17
2026-08-22T00:59:43,5305.2,64.9,5.06,4.83,8,13.791,15.406,89.5,15
2026-08-22T00:59:45,5307.2,49.3,5.06,4.83,8,14.608,15.406,94.8,17
2026-08-22T00:59:47,5309.2,63.4,5.06,4.83,8,14.372,15.406,93.3,17
2026-08-22T00:59:49,5311.2,68.5,5.54,4.93,8,14.312,15.406,92.9,17
2026-08-22T00:59:51,5313.2,53.6,5.54,4.93,8,14.51,15.406,94.2,17
2026-08-22T00:59:53,5315.2,58.6,5.33,4.9,8,14.31,15.406,92.9,17
2026-08-22T00:59:55,5317.3,67.8,5.33,4.9,8,14.658,15.406,95.2,17
2026-08-22T00:59:57,5319.3,57.9,5.33,4.9,8,14.472,15.406,93.9,17
2026-08-22T00:59:59,5321.3,63.7,5.55,4.95,8,14.322,15.406,93.0,17
2026-08-22T01:00:01,5323.3,68.0,5.55,4.95,8,14.085,15.406,91.4,17
2026-08-22T01:00:03,5325.3,50.0,5.5,4.95,8,14.678,15.406,95.3,17
2026-08-22T01:00:05,5327.3,59.6,5.5,4.95,8,14.51,15.406,94.2,17
2026-08-22T01:00:07,5329.3,66.1,5.5,4.95,8,14.222,15.406,92.3,17
2026-08-22T01:00:09,5331.3,54.7,5.38,4.94,8,13.678,15.406,88.8,14
2026-08-22T01:00:11,5333.3,60.5,5.38,4.94,8,14.59,15.406,94.7,17
2026-08-22T01:00:13,5335.3,68.1,5.35,4.94,8,14.434,15.406,93.7,17
2026-08-22T01:00:15,5337.3,57.6,5.35,4.94,8,13.621,15.406,88.4,14
2026-08-22T01:00:17,5339.3,55.3,5.35,4.94,8,14.561,15.406,94.5,17
2026-08-22T01:00:19,5341.3,67.7,5.48,4.97,8,14.255,15.406,92.5,17
2026-08-22T01:00:21,5343.3,52.1,5.48,4.97,8,14.689,15.406,95.3,17
2026-08-22T01:00:23,5345.3,69.2,5.36,4.96,8,14.476,15.406,94.0,17
2026-08-22T01:00:25,5347.3,69.1,5.36,4.96,8,14.192,15.406,92.1,17
2026-08-22T01:00:27,5349.3,59.3,5.36,4.96,8,13.876,15.406,90.1,14
2026-08-22T01:00:29,5351.3,62.4,5.9,5.07,8,14.71,15.406,95.5,17
2026-08-22T01:00:31,5353.3,70.6,5.9,5.07,8,14.486,15.406,94.0,17
2026-08-22T01:00:33,5355.3,54.2,5.74,5.06,8,14.502,15.406,94.1,17
2026-08-22T01:00:35,5357.3,57.4,5.74,5.06,8,14.422,15.406,93.6,17
2026-08-22T01:00:37,5359.3,66.5,5.74,5.06,8,13.832,15.406,89.8,14
2026-08-22T01:00:39,5361.3,52.3,5.6,5.04,8,14.702,15.406,95.4,17
2026-08-22T01:00:41,5363.3,60.3,5.6,5.04,8,14.702,15.406,95.4,17
2026-08-22T01:00:43,5365.3,63.8,5.56,5.04,8,14.619,15.406,94.9,17
2026-08-22T01:00:45,5367.3,53.6,5.56,5.04,8,14.574,15.406,94.6,17
2026-08-22T01:00:47,5369.3,60.7,5.56,5.04,8,14.466,15.406,93.9,17
2026-08-22T01:00:49,5371.3,66.5,5.43,5.02,8,14.379,15.406,93.3,17
2026-08-22T01:00:51,5373.3,56.4,5.43,5.02,8,14.13,15.406,91.7,17
2026-08-22T01:00:53,5375.3,56.8,5.24,4.99,8,14.632,15.406,95.0,17
2026-08-22T01:00:55,5377.3,67.3,5.24,4.99,8,14.384,15.406,93.4,17
2026-08-22T01:00:57,5379.3,51.7,5.24,4.99,8,13.904,15.406,90.3,17
2026-08-22T01:00:59,5381.3,62.9,5.46,5.04,8,14.197,15.406,92.2,17
2026-08-22T01:01:01,5383.3,68.3,5.46,5.04,8,14.673,15.406,95.2,17
2026-08-22T01:01:03,5385.3,53.2,5.34,5.02,8,14.63,15.406,95.0,17
2026-08-22T01:01:05,5387.3,60.9,5.34,5.02,8,14.501,15.406,94.1,17
2026-08-22T01:01:07,5389.3,69.5,5.34,5.02,8,14.089,15.406,91.5,17
2026-08-22T01:01:09,5391.3,52.8,5.15,4.98,8,14.664,15.406,95.2,17
2026-08-22T01:01:11,5393.3,64.2,5.15,4.98,8,14.417,15.406,93.6,17
2026-08-22T01:01:13,5395.3,71.1,5.14,4.98,8,14.027,15.406,91.0,17
2026-08-22T01:01:15,5397.3,52.1,5.14,4.98,8,14.631,15.406,95.0,17
2026-08-22T01:01:17,5399.3,61.1,5.14,4.98,8,14.381,15.406,93.4,17
2026-08-22T01:01:19,5401.3,64.5,5.05,4.97,8,13.608,15.406,88.3,14
2026-08-22T01:01:21,5403.3,52.8,5.05,4.97,8,14.601,15.406,94.8,17
2026-08-22T01:01:23,5405.3,66.0,4.96,4.95,8,14.442,15.406,93.7,17
2026-08-22T01:01:25,5407.3,70.8,4.96,4.95,8,14.381,15.406,93.4,17
2026-08-22T01:01:27,5409.3,55.4,4.96,4.95,8,14.144,15.406,91.8,17
2026-08-22T01:01:29,5411.3,58.5,4.89,4.94,8,13.908,15.406,90.3,17
2026-08-22T01:01:31,5413.3,68.1,4.89,4.94,8,14.67,15.406,95.2,17
2026-08-22T01:01:33,5415.3,54.9,4.98,4.95,8,14.558,15.406,94.5,17
2026-08-22T01:01:35,5417.3,63.3,4.98,4.95,8,14.479,15.406,94.0,17
2026-08-22T01:01:37,5419.3,65.2,4.98,4.95,8,14.378,15.406,93.3,17
2026-08-22T01:01:39,5421.3,51.9,4.9,4.94,8,14.146,15.406,91.8,17
2026-08-22T01:01:41,5423.3,57.7,4.9,4.94,8,13.672,15.406,88.7,14
2026-08-22T01:01:43,5425.3,64.4,5.07,4.97,8,14.622,15.406,94.9,17
2026-08-22T01:01:45,5427.3,52.8,5.07,4.97,8,14.551,15.406,94.5,17
2026-08-22T01:01:47,5429.3,62.2,5.07,4.97,8,13.62,15.406,88.4,14
2026-08-22T01:01:49,5431.3,58.4,5.06,4.97,8,14.564,15.406,94.5,17
2026-08-22T01:01:51,5433.3,58.1,5.06,4.97,8,14.348,15.406,93.1,17
2026-08-22T01:01:53,5435.3,46.2,4.98,4.96,8,13.67,15.406,88.7,14
2026-08-22T01:01:55,5437.3,65.5,4.98,4.96,8,14.578,15.406,94.6,17
2026-08-22T01:01:57,5439.3,51.8,4.98,4.96,8,14.429,15.406,93.7,17
2026-08-22T01:01:59,5441.3,63.0,5.38,5.04,8,13.682,15.406,88.8,14
2026-08-22T01:02:01,5443.3,64.8,5.38,5.04,8,14.572,15.406,94.6,17
2026-08-22T01:02:03,5445.3,52.9,5.27,5.02,8,14.438,15.406,93.7,17
2026-08-22T01:02:05,5447.3,58.1,5.27,5.02,8,14.2,15.406,92.2,17
2026-08-22T01:02:07,5449.3,68.0,5.27,5.02,8,14.678,15.406,95.3,17
2026-08-22T01:02:09,5451.3,54.8,5.09,4.99,8,14.503,15.406,94.1,17
2026-08-22T01:02:11,5453.3,62.3,5.09,4.99,8,14.227,15.406,92.3,17
2026-08-22T01:02:13,5455.3,65.1,5.0,4.97,8,14.609,15.406,94.8,17
2026-08-22T01:02:15,5457.3,52.5,5.0,4.97,8,14.431,15.406,93.7,17
2026-08-22T01:02:17,5459.3,61.9,5.0,4.97,8,14.053,15.406,91.2,17
2026-08-22T01:02:19,5461.3,52.7,5.0,4.97,8,14.641,15.406,95.0,17
2026-08-22T01:02:21,5463.3,65.8,5.0,4.97,8,14.404,15.406,93.5,17
2026-08-22T01:02:23,5465.3,75.4,5.4,5.06,8,13.71,15.406,89.0,14
2026-08-22T01:02:25,5467.3,55.7,5.4,5.06,8,14.649,15.406,95.1,17
2026-08-22T01:02:27,5469.3,61.0,5.4,5.06,8,14.566,15.406,94.6,17
2026-08-22T01:02:29,5471.3,70.8,5.37,5.06,8,14.513,15.406,94.2,17
2026-08-22T01:02:31,5473.3,54.5,5.37,5.06,8,14.439,15.406,93.7,17
2026-08-22T01:02:33,5475.3,58.0,5.26,5.04,8,14.119,15.406,91.7,17
2026-08-22T01:02:35,5477.3,65.5,5.26,5.04,8,14.697,15.406,95.4,17
2026-08-22T01:02:37,5479.3,54.0,5.26,5.04,8,14.611,15.406,94.8,17
2026-08-22T01:02:39,5481.3,57.6,5.24,5.04,8,14.496,15.406,94.1,17
2026-08-22T01:02:41,5483.3,69.0,5.24,5.04,8,14.454,15.406,93.8,17
2026-08-22T01:02:43,5485.3,54.7,5.22,5.04,8,14.485,15.406,94.0,17
2026-08-22T01:02:45,5487.3,67.6,5.22,5.04,8,13.82,15.406,89.7,17
2026-08-22T01:02:47,5489.3,63.6,5.22,5.04,8,14.691,15.406,95.4,17
2026-08-22T01:02:49,5491.3,51.6,5.28,5.05,8,14.604,15.406,94.8,17
2026-08-22T01:02:51,5493.3,60.2,5.28,5.05,8,14.444,15.406,93.8,17
2026-08-22T01:02:53,5495.3,66.9,5.66,5.13,8,13.849,15.406,89.9,14
2026-08-22T01:02:55,5497.3,56.9,5.66,5.13,8,13.647,15.406,88.6,14
2026-08-22T01:02:57,5499.3,59.5,5.66,5.13,8,14.589,15.406,94.7,17
2026-08-22T01:02:59,5501.3,69.1,5.61,5.13,8,14.448,15.406,93.8,17
2026-08-22T01:03:01,5503.3,60.1,5.61,5.13,8,14.396,15.406,93.4,17
2026-08-22T01:03:03,5505.3,59.9,5.4,5.1,8,13.759,15.406,89.3,14
2026-08-22T01:03:05,5507.3,63.2,5.4,5.1,8,14.613,15.406,94.9,17
2026-08-22T01:03:07,5509.3,58.3,5.4,5.1,8,14.451,15.406,93.8,17
2026-08-22T01:03:09,5511.3,58.6,5.77,5.18,8,14.364,15.406,93.2,17
2026-08-22T01:03:11,5513.3,70.2,5.77,5.18,8,14.649,15.406,95.1,17
2026-08-22T01:03:13,5515.3,52.2,5.62,5.16,8,14.516,15.406,94.2,17
2026-08-22T01:03:15,5517.3,57.6,5.62,5.16,8,14.228,15.406,92.4,17
2026-08-22T01:03:17,5519.3,63.6,5.62,5.16,8,14.612,15.406,94.9,17
2026-08-22T01:03:19,5521.3,53.5,5.49,5.14,8,14.368,15.406,93.3,17
2026-08-22T01:03:21,5523.3,65.1,5.49,5.14,8,13.679,15.406,88.8,14
2026-08-22T01:03:23,5525.3,72.3,5.61,5.17,8,14.519,15.406,94.2,17
2026-08-22T01:03:25,5527.3,57.3,5.61,5.17,8,14.416,15.406,93.6,17
2026-08-22T01:03:27,5529.3,61.6,5.61,5.17,8,13.763,15.406,89.3,17
2026-08-22T01:03:29,5531.3,62.3,5.56,5.17,8,14.667,15.406,95.2,17
2026-08-22T01:03:31,5533.3,56.3,5.56,5.17,8,14.502,15.406,94.1,17
2026-08-22T01:03:33,5535.3,61.7,5.36,5.13,8,14.421,15.406,93.6,17
2026-08-22T01:03:35,5537.3,70.6,5.36,5.13,8,13.919,15.406,90.4,14
2026-08-22T01:03:37,5539.3,56.7,5.36,5.13,8,13.623,15.406,88.4,14
2026-08-22T01:03:39,5541.3,55.5,5.57,5.18,8,14.573,15.406,94.6,17
2026-08-22T01:03:41,5543.3,65.6,5.57,5.18,8,14.344,15.406,93.1,17
2026-08-22T01:03:43,5545.3,50.7,5.53,5.18,8,13.738,15.406,89.2,16
2026-08-22T01:03:45,5547.3,59.8,5.53,5.18,8,14.648,15.406,95.1,17
2026-08-22T01:03:47,5549.3,66.0,5.53,5.18,8,14.586,15.406,94.7,17
2026-08-22T01:03:49,5551.3,56.7,5.4,5.16,8,14.375,15.406,93.3,17
2026-08-22T01:03:51,5553.3,59.6,5.4,5.16,8,13.637,15.406,88.5,14
2026-08-22T01:03:53,5555.3,47.2,5.37,5.15,8,14.594,15.406,94.7,17
2026-08-22T01:03:55,5557.3,54.6,5.37,5.15,8,14.436,15.406,93.7,17
2026-08-22T01:03:57,5559.3,60.5,5.37,5.15,8,13.733,15.406,89.1,17
2026-08-22T01:03:59,5561.3,66.0,5.58,5.2,8,14.63,15.406,95.0,17
2026-08-22T01:04:01,5563.3,60.2,5.58,5.2,8,14.485,15.406,94.0,17
2026-08-22T01:04:03,5565.3,61.3,5.45,5.18,8,14.222,15.406,92.3,17
2026-08-22T01:04:05,5567.3,62.9,5.45,5.18,8,14.66,15.406,95.2,17
2026-08-22T01:04:07,5569.3,54.3,5.45,5.18,8,14.469,15.406,93.9,17
2026-08-22T01:04:09,5571.3,58.3,5.34,5.16,8,14.198,15.406,92.2,17
2026-08-22T01:04:11,5573.3,66.5,5.34,5.16,8,14.646,15.406,95.1,17
2026-08-22T01:04:13,5575.3,56.2,5.23,5.14,8,14.455,15.406,93.8,17
2026-08-22T01:04:15,5577.3,60.0,5.23,5.14,8,14.356,15.406,93.2,17
2026-08-22T01:04:17,5579.3,66.8,5.23,5.14,8,13.742,15.406,89.2,16
2026-08-22T01:04:19,5581.3,57.5,5.21,5.14,8,14.54,15.406,94.4,17
2026-08-22T01:04:21,5583.3,59.0,5.21,5.14,8,14.32,15.406,93.0,17
2026-08-22T01:04:23,5585.3,72.1,5.19,5.14,8,13.671,15.406,88.7,14
2026-08-22T01:04:25,5587.3,59.0,5.19,5.14,8,14.658,15.406,95.1,17
2026-08-22T01:04:27,5589.3,61.7,5.19,5.14,8,14.507,15.406,94.2,17
2026-08-22T01:04:29,5591.3,67.4,5.1,5.12,8,14.482,15.406,94.0,17
2026-08-22T01:04:31,5593.3,58.8,5.1,5.12,8,14.273,15.406,92.7,17
2026-08-22T01:04:33,5595.3,57.2,4.93,5.08,8,14.705,15.406,95.5,17
2026-08-22T01:04:35,5597.3,67.7,4.93,5.08,8,14.49,15.406,94.1,17
2026-08-22T01:04:37,5599.3,54.0,4.93,5.08,8,14.426,15.406,93.6,17
2026-08-22T01:04:39,5601.3,60.6,5.42,5.18,8,13.727,15.406,89.1,17
2026-08-22T01:04:41,5603.3,63.3,5.42,5.18,8,14.629,15.406,95.0,17
2026-08-22T01:04:43,5605.3,55.5,5.38,5.18,8,14.597,15.406,94.8,17
2026-08-22T01:04:45,5607.3,60.1,5.38,5.18,8,14.466,15.406,93.9,17
2026-08-22T01:04:47,5609.3,68.2,5.38,5.18,8,13.828,15.406,89.8,17
2026-08-22T01:04:49,5611.3,54.1,5.19,5.14,8,14.628,15.406,95.0,17
2026-08-22T01:04:51,5613.3,60.8,5.19,5.14,8,14.458,15.406,93.8,17
2026-08-22T01:04:53,5615.3,69.6,5.18,5.14,8,14.298,15.406,92.8,17
2026-08-22T01:04:55,5617.3,57.3,5.18,5.14,8,13.971,15.406,90.7,17
2026-08-22T01:04:57,5619.3,59.6,5.18,5.14,8,13.714,15.406,89.0,14
2026-08-22T01:04:59,5621.3,67.9,5.08,5.12,8,14.611,15.406,94.8,17
2026-08-22T01:05:01,5623.3,56.9,5.08,5.12,8,14.529,15.406,94.3,17
2026-08-22T01:05:03,5625.3,59.7,5.08,5.12,8,14.31,15.406,92.9,17
2026-08-22T01:05:05,5627.3,65.7,5.08,5.12,8,14.669,15.406,95.2,17
2026-08-22T01:05:07,5629.3,55.6,5.08,5.12,8,14.522,15.406,94.3,17
2026-08-22T01:05:09,5631.3,56.6,5.31,5.16,8,14.321,15.406,93.0,17
2026-08-22T01:05:11,5633.3,69.1,5.31,5.16,8,14.651,15.406,95.1,17
2026-08-22T01:05:13,5635.3,55.5,5.2,5.15,8,14.467,15.406,93.9,17
2026-08-22T01:05:15,5637.3,55.1,5.2,5.15,8,14.107,15.406,91.6,17
2026-08-22T01:05:17,5639.3,62.3,5.2,5.15,8,14.604,15.406,94.8,17
2026-08-22T01:05:19,5641.3,54.2,5.11,5.13,8,14.423,15.406,93.6,17
2026-08-22T01:05:21,5643.3,62.2,5.11,5.13,8,13.638,15.406,88.5,15
2026-08-22T01:05:23,5645.3,70.0,5.1,5.12,8,14.595,15.406,94.7,17
2026-08-22T01:05:25,5647.3,55.5,5.1,5.12,8,14.491,15.406,94.1,17
2026-08-22T01:05:27,5649.3,61.4,5.1,5.12,8,14.464,15.406,93.9,17
2026-08-22T01:05:29,5651.3,70.3,5.09,5.12,8,13.847,15.406,89.9,14
2026-08-22T01:05:31,5653.3,56.2,5.09,5.12,8,14.667,15.406,95.2,17
2026-08-22T01:05:33,5655.3,60.4,4.92,5.09,8,14.565,15.406,94.5,17
2026-08-22T01:05:35,5657.3,66.6,4.92,5.09,8,14.564,15.406,94.5,17
2026-08-22T01:05:37,5659.3,55.6,4.92,5.09,8,14.446,15.406,93.8,17
2026-08-22T01:05:39,5661.3,58.0,4.93,5.08,8,14.227,15.406,92.4,17
2026-08-22T01:05:41,5663.3,65.9,4.93,5.08,8,14.695,15.406,95.4,17
2026-08-22T01:05:43,5665.3,49.7,4.77,5.05,8,14.612,15.406,94.8,17
2026-08-22T01:05:45,5667.3,68.6,4.77,5.05,8,14.447,15.406,93.8,17
2026-08-22T01:05:47,5669.3,53.1,4.77,5.05,8,13.666,15.406,88.7,14
2026-08-22T01:05:49,5671.3,58.9,5.19,5.13,8,14.597,15.406,94.8,17
2026-08-22T01:05:51,5673.4,68.4,5.19,5.13,8,14.491,15.406,94.1,17
2026-08-22T01:05:53,5675.4,54.6,5.1,5.11,8,14.513,15.406,94.2,17
2026-08-22T01:05:55,5677.4,65.2,5.1,5.11,8,14.398,15.406,93.5,17
2026-08-22T01:05:57,5679.4,70.9,5.1,5.11,8,13.686,15.406,88.8,14
2026-08-22T01:05:59,5681.4,53.6,5.09,5.11,8,14.666,15.406,95.2,17
2026-08-22T01:06:01,5683.4,65.5,5.09,5.11,8,14.508,15.406,94.2,17
2026-08-22T01:06:03,5685.4,75.4,5.4,5.18,8,14.231,15.406,92.4,17
2026-08-22T01:06:05,5687.4,58.3,5.4,5.18,8,14.642,15.406,95.0,17
2026-08-22T01:06:07,5689.4,58.4,5.4,5.18,8,14.54,15.406,94.4,17
2026-08-22T01:06:09,5691.4,69.7,5.45,5.19,8,14.43,15.406,93.7,17
2026-08-22T01:06:11,5693.4,57.3,5.45,5.19,8,13.661,15.406,88.7,14
2026-08-22T01:06:13,5695.4,60.9,5.25,5.15,8,14.624,15.406,94.9,17
2026-08-22T01:06:15,5697.4,67.4,5.25,5.15,8,14.514,15.406,94.2,17
2026-08-22T01:06:17,5699.4,52.6,5.25,5.15,8,14.496,15.406,94.1,17
2026-08-22T01:06:19,5701.4,60.4,5.39,5.18,8,14.369,15.406,93.3,17
2026-08-22T01:06:21,5703.4,69.6,5.39,5.18,8,14.682,15.406,95.3,17
2026-08-22T01:06:23,5705.4,58.9,5.36,5.18,8,14.622,15.406,94.9,17
2026-08-22T01:06:25,5707.4,64.8,5.36,5.18,8,14.54,15.406,94.4,17
2026-08-22T01:06:27,5709.4,67.2,5.36,5.18,8,14.376,15.406,93.3,17
2026-08-22T01:06:29,5711.4,54.4,5.25,5.16,8,14.466,15.406,93.9,17
2026-08-22T01:06:31,5713.4,60.5,5.25,5.16,8,14.471,15.406,93.9,17
2026-08-22T01:06:33,5715.4,70.1,5.55,5.22,8,14.133,15.406,91.7,17
2026-08-22T01:06:35,5717.4,54.9,5.55,5.22,8,13.82,15.406,89.7,14
2026-08-22T01:06:37,5719.4,64.0,5.55,5.22,8,14.577,15.406,94.6,17
2026-08-22T01:06:39,5721.4,68.0,5.43,5.2,8,14.33,15.406,93.0,17
2026-08-22T01:06:41,5723.4,56.6,5.43,5.2,8,13.771,15.406,89.4,15
2026-08-22T01:06:43,5725.4,55.3,6.12,5.35,8,14.608,15.406,94.8,17
2026-08-22T01:06:45,5727.4,70.2,6.12,5.35,8,14.505,15.406,94.2,17
2026-08-22T01:06:47,5729.4,53.9,6.12,5.35,8,14.64,15.406,95.0,17
2026-08-22T01:06:49,5731.4,59.8,6.59,5.46,8,14.513,15.406,94.2,17
2026-08-22T01:06:51,5733.4,71.0,6.59,5.46,8,14.255,15.406,92.5,17
2026-08-22T01:06:53,5735.4,55.6,6.54,5.47,8,13.805,15.406,89.6,14
2026-08-22T01:06:55,5737.4,60.9,6.54,5.47,8,14.599,15.406,94.8,17
2026-08-22T01:06:57,5739.4,70.1,6.54,5.47,8,14.366,15.406,93.2,17
2026-08-22T01:06:59,5741.4,52.7,6.26,5.43,8,13.648,15.406,88.6,14
2026-08-22T01:07:01,5743.4,61.4,6.26,5.43,8,14.596,15.406,94.7,17
2026-08-22T01:07:03,5745.4,73.6,6.24,5.44,8,14.424,15.406,93.6,17
2026-08-22T01:07:05,5747.4,57.4,6.24,5.44,8,13.672,15.406,88.7,14
2026-08-22T01:07:07,5749.4,60.0,6.24,5.44,8,14.596,15.406,94.7,17
2026-08-22T01:07:09,5751.4,68.1,6.14,5.43,8,14.341,15.406,93.1,17
2026-08-22T01:07:11,5753.4,54.5,6.14,5.43,8,13.918,15.406,90.3,15
2026-08-22T01:07:13,5755.4,48.6,5.8,5.37,8,14.594,15.406,94.7,17
2026-08-22T01:07:15,5757.4,67.0,5.8,5.37,8,14.339,15.406,93.1,17
2026-08-22T01:07:17,5759.4,50.0,5.8,5.37,8,14.715,15.406,95.5,17
2026-08-22T01:07:19,5761.4,58.2,5.82,5.39,8,14.407,15.406,93.5,17
2026-08-22T01:07:21,5763.4,68.0,5.82,5.39,8,14.07,15.406,91.3,17
2026-08-22T01:07:23,5765.4,58.3,5.75,5.38,8,14.657,15.406,95.1,17
2026-08-22T01:07:25,5767.4,65.8,5.75,5.38,8,14.479,15.406,94.0,17
2026-08-22T01:07:27,5769.4,67.9,5.75,5.38,8,14.282,15.406,92.7,17
2026-08-22T01:07:29,5771.4,59.9,5.77,5.39,8,13.663,15.406,88.7,14
2026-08-22T01:07:31,5773.4,62.1,5.77,5.39,8,14.56,15.406,94.5,17
2026-08-22T01:07:33,5775.4,64.8,5.63,5.37,8,14.3,15.406,92.8,17
2026-08-22T01:07:35,5777.4,55.4,5.63,5.37,8,14.707,15.406,95.5,17
2026-08-22T01:07:37,5779.4,58.0,5.63,5.37,8,14.47,15.406,93.9,17
2026-08-22T01:07:39,5781.4,68.1,5.66,5.38,8,14.082,15.406,91.4,17
2026-08-22T01:07:41,5783.4,55.1,5.66,5.38,8,14.606,15.406,94.8,17
2026-08-22T01:07:43,5785.4,60.1,5.53,5.35,8,14.395,15.406,93.4,17
2026-08-22T01:07:45,5787.4,71.1,5.53,5.35,8,14.198,15.406,92.2,17
2026-08-22T01:07:47,5789.4,53.9,5.53,5.35,8,14.609,15.406,94.8,17
2026-08-22T01:07:49,5791.4,59.5,5.49,5.35,8,14.476,15.406,94.0,17
2026-08-22T01:07:51,5793.4,74.9,5.49,5.35,8,13.781,15.406,89.5,17
2026-08-22T01:07:53,5795.4,55.7,5.37,5.32,8,14.623,15.406,94.9,17
2026-08-22T01:07:55,5797.4,61.3,5.37,5.32,8,14.432,15.406,93.7,17
2026-08-22T01:07:57,5799.4,71.2,5.37,5.32,8,13.724,15.406,89.1,14
2026-08-22T01:07:59,5801.4,52.8,5.18,5.29,8,14.603,15.406,94.8,17
2026-08-22T01:08:01,5803.4,63.2,5.18,5.29,8,14.496,15.406,94.1,17
2026-08-22T01:08:03,5805.4,67.9,5.48,5.35,8,13.944,15.406,90.5,17
2026-08-22T01:08:05,5807.4,52.0,5.48,5.35,8,14.673,15.406,95.2,17
2026-08-22T01:08:07,5809.4,59.8,5.48,5.35,8,14.523,15.406,94.3,17
2026-08-22T01:08:09,5811.4,71.0,5.44,5.34,8,14.137,15.406,91.8,17
2026-08-22T01:08:11,5813.4,55.1,5.44,5.34,8,14.585,15.406,94.7,17
2026-08-22T01:08:13,5815.4,61.3,5.25,5.3,8,14.329,15.406,93.0,17
2026-08-22T01:08:15,5817.4,66.8,5.25,5.3,8,13.558,15.406,88.0,14
2026-08-22T01:08:17,5819.4,52.0,5.25,5.3,8,14.588,15.406,94.7,17
2026-08-22T01:08:19,5821.4,62.4,6.35,5.53,8,14.41,15.406,93.5,17
2026-08-22T01:08:21,5823.4,70.1,6.35,5.53,8,13.702,15.406,88.9,14
2026-08-22T01:08:23,5825.4,57.8,6.24,5.52,8,14.553,15.406,94.5,17
2026-08-22T01:08:25,5827.4,65.0,6.24,5.52,8,14.343,15.406,93.1,17
2026-08-22T01:08:27,5829.4,65.7,6.24,5.52,8,14.673,15.406,95.2,17
2026-08-22T01:08:29,5831.4,53.7,5.98,5.48,8,14.601,15.406,94.8,17
2026-08-22T01:08:31,5833.4,63.5,5.98,5.48,8,14.44,15.406,93.7,17
2026-08-22T01:08:33,5835.4,70.1,6.06,5.5,8,13.75,15.406,89.3,14
2026-08-22T01:08:35,5837.4,58.2,6.06,5.5,8,14.648,15.406,95.1,17
2026-08-22T01:08:37,5839.4,62.1,6.06,5.5,8,14.558,15.406,94.5,17
2026-08-22T01:08:39,5841.4,65.3,6.06,5.51,8,14.412,15.406,93.6,17
2026-08-22T01:08:41,5843.4,55.0,6.06,5.51,8,14.199,15.406,92.2,16
2026-08-22T01:08:43,5845.4,56.9,6.13,5.54,8,14.625,15.406,94.9,17
2026-08-22T01:08:45,5847.4,66.6,6.13,5.54,8,14.395,15.406,93.4,17
2026-08-22T01:08:47,5849.4,53.3,6.13,5.54,8,13.807,15.406,89.6,14
2026-08-22T01:08:49,5851.4,61.3,6.2,5.56,8,13.743,15.406,89.2,14
2026-08-22T01:08:51,5853.4,67.7,6.2,5.56,8,14.581,15.406,94.6,17
2026-08-22T01:08:53,5855.4,56.3,6.03,5.54,8,14.39,15.406,93.4,17
2026-08-22T01:08:55,5857.4,57.0,6.03,5.54,8,13.634,15.406,88.5,14
2026-08-22T01:08:57,5859.4,69.4,6.03,5.54,8,14.586,15.406,94.7,17
2026-08-22T01:08:59,5861.4,57.5,6.02,5.54,8,14.45,15.406,93.8,17
2026-08-22T01:09:01,5863.4,69.7,6.02,5.54,8,13.666,15.406,88.7,14
2026-08-22T01:09:03,5865.4,52.5,5.86,5.52,8,14.606,15.406,94.8,17
2026-08-22T01:09:05,5867.4,63.0,5.86,5.52,8,14.382,15.406,93.4,17
2026-08-22T01:09:07,5869.4,67.0,5.86,5.52,8,13.622,15.406,88.4,14
2026-08-22T01:09:09,5871.4,49.9,5.63,5.48,8,14.591,15.406,94.7,17
2026-08-22T01:09:11,5873.4,60.4,5.63,5.48,8,14.395,15.406,93.4,17
2026-08-22T01:09:13,5875.4,71.0,5.74,5.5,8,13.616,15.406,88.4,14
2026-08-22T01:09:15,5877.4,54.7,5.74,5.5,8,14.552,15.406,94.5,17
2026-08-22T01:09:17,5879.4,58.8,5.74,5.5,8,14.279,15.406,92.7,17
2026-08-22T01:09:19,5881.4,67.0,5.6,5.48,8,14.681,15.406,95.3,17
2026-08-22T01:09:21,5883.4,56.3,5.6,5.48,8,14.57,15.406,94.6,17
2026-08-22T01:09:23,5885.4,68.4,5.39,5.43,8,14.378,15.406,93.3,17
2026-08-22T01:09:25,5887.4,69.8,5.39,5.43,8,13.782,15.406,89.5,14
2026-08-22T01:09:27,5889.4,49.1,5.39,5.43,8,14.643,15.406,95.1,17
2026-08-22T01:09:29,5891.4,59.6,6.0,5.56,8,14.473,15.406,93.9,17
2026-08-22T01:09:31,5893.4,71.3,6.0,5.56,8,14.208,15.406,92.2,17
2026-08-22T01:09:33,5895.4,55.2,5.92,5.55,8,14.657,15.406,95.1,17
2026-08-22T01:09:35,5897.4,59.3,5.92,5.55,8,14.46,15.406,93.9,17
2026-08-22T01:09:37,5899.4,68.5,5.92,5.55,8,14.173,15.406,92.0,17
2026-08-22T01:09:39,5901.4,54.8,5.69,5.51,8,14.692,15.406,95.4,17
2026-08-22T01:09:41,5903.4,55.1,5.69,5.51,8,14.411,15.406,93.5,17
2026-08-22T01:09:43,5905.4,66.0,5.55,5.48,8,13.573,15.406,88.1,14
2026-08-22T01:09:45,5907.4,53.0,5.55,5.48,8,14.548,15.406,94.4,17
2026-08-22T01:09:47,5909.4,57.6,5.55,5.48,8,14.366,15.406,93.3,17
2026-08-22T01:09:49,5911.4,67.3,5.43,5.46,8,14.764,15.406,95.8,17
2026-08-22T01:09:51,5913.4,57.4,5.43,5.46,8,14.565,15.406,94.5,17
2026-08-22T01:09:53,5915.4,61.0,5.31,5.43,8,14.348,15.406,93.1,17
2026-08-22T01:09:55,5917.4,68.8,5.31,5.43,8,13.783,15.406,89.5,14
2026-08-22T01:09:57,5919.4,57.0,5.31,5.43,8,14.631,15.406,95.0,17
2026-08-22T01:09:59,5921.4,63.9,5.85,5.54,8,14.539,15.406,94.4,17
2026-08-22T01:10:01,5923.4,69.1,5.85,5.54,8,13.66,15.406,88.7,14
2026-08-22T01:10:03,5925.4,53.7,5.7,5.52,8,14.587,15.406,94.7,17
2026-08-22T01:10:05,5927.4,66.4,5.7,5.52,8,14.441,15.406,93.7,17
2026-08-22T01:10:07,5929.4,67.8,5.7,5.52,8,14.202,15.406,92.2,17
2026-08-22T01:10:09,5931.4,55.4,5.48,5.47,8,14.634,15.406,95.0,17
2026-08-22T01:10:11,5933.4,56.7,5.48,5.47,8,14.349,15.406,93.1,17
2026-08-22T01:10:13,5935.4,63.0,5.61,5.5,8,13.606,15.406,88.3,14
2026-08-22T01:10:15,5937.4,53.0,5.61,5.5,8,14.529,15.406,94.3,17
2026-08-22T01:10:17,5939.4,64.9,5.61,5.5,8,14.311,15.406,92.9,17
2026-08-22T01:10:19,5941.4,68.2,5.48,5.48,8,14.643,15.406,95.1,17
2026-08-22T01:10:21,5943.4,54.8,5.48,5.48,8,14.362,15.406,93.2,17
2026-08-22T01:10:23,5945.4,69.7,5.92,5.57,8,13.684,15.406,88.8,14
2026-08-22T01:10:25,5947.4,69.1,5.92,5.57,8,14.605,15.406,94.8,17
2026-08-22T01:10:27,5949.4,54.6,5.92,5.57,8,14.513,15.406,94.2,17
2026-08-22T01:10:29,5951.4,62.7,5.93,5.57,8,14.404,15.406,93.5,17
2026-08-22T01:10:31,5953.4,71.2,5.93,5.57,8,14.22,15.406,92.3,17
2026-08-22T01:10:33,5955.4,57.3,5.77,5.55,8,14.683,15.406,95.3,17
2026-08-22T01:10:35,5957.4,60.4,5.77,5.55,8,14.576,15.406,94.6,17
2026-08-22T01:10:37,5959.4,71.0,5.77,5.55,8,14.336,15.406,93.1,17
2026-08-22T01:10:39,5961.4,53.7,5.55,5.51,8,13.601,15.406,88.3,14
2026-08-22T01:10:41,5963.4,57.2,5.55,5.51,8,14.55,15.406,94.4,17
2026-08-22T01:10:43,5965.4,64.0,5.67,5.53,8,14.265,15.406,92.6,17
2026-08-22T01:10:45,5967.4,52.1,5.67,5.53,8,14.728,15.406,95.6,17
2026-08-22T01:10:47,5969.4,58.3,5.67,5.53,8,14.499,15.406,94.1,17
2026-08-22T01:10:49,5971.4,70.4,5.61,5.52,8,14.281,15.406,92.7,17
2026-08-22T01:10:51,5973.4,55.0,5.61,5.52,8,14.705,15.406,95.5,17
2026-08-22T01:10:53,5975.4,48.4,5.48,5.5,8,14.209,15.406,92.2,16
2026-08-22T01:10:55,5977.4,48.8,5.48,5.5,8,14.467,15.406,93.9,16
2026-08-22T01:10:57,5979.4,19.9,5.48,5.5,8,14.483,15.406,94.0,16
2026-08-22T01:10:59,5981.4,37.4,5.36,5.47,8,14.477,15.406,94.0,16
2026-08-22T01:11:01,5983.4,39.0,5.36,5.47,8,14.51,15.406,94.2,16
2026-08-22T01:11:03,5985.4,40.6,5.01,5.4,8,14.528,15.406,94.3,16
2026-08-22T01:11:05,5987.4,41.5,5.01,5.4,8,14.508,15.406,94.2,16
2026-08-22T01:11:07,5989.4,39.3,5.01,5.4,8,14.503,15.406,94.1,16
2026-08-22T01:11:09,5991.4,40.6,4.77,5.34,8,14.457,15.406,93.8,16
2026-08-22T01:11:11,5993.4,40.4,4.77,5.34,8,14.463,15.406,93.9,16
2026-08-22T01:11:13,5995.4,39.4,4.47,5.27,8,14.485,15.406,94.0,16
2026-08-22T01:11:15,5997.4,38.1,4.47,5.27,8,14.484,15.406,94.0,16
2026-08-22T01:11:17,5999.4,37.5,4.47,5.27,8,14.483,15.406,94.0,16
2026-08-22T01:11:19,6001.4,36.4,4.19,5.2,8,14.471,15.406,93.9,16
2026-08-22T01:11:21,6003.4,38.8,4.19,5.2,8,14.478,15.406,94.0,16
2026-08-22T01:11:23,6005.4,41.2,4.18,5.18,8,14.504,15.406,94.1,16
2026-08-22T01:11:25,6007.4,40.6,4.18,5.18,8,14.478,15.406,94.0,16
2026-08-22T01:11:27,6009.4,38.3,4.18,5.18,8,14.477,15.406,94.0,16
2026-08-22T01:11:29,6011.4,34.1,4.16,5.16,8,14.48,15.406,94.0,16
2026-08-22T01:11:31,6013.4,40.1,4.16,5.16,8,14.449,15.406,93.8,16
2026-08-22T01:11:33,6015.4,37.8,3.99,5.1,8,14.443,15.406,93.8,16
2026-08-22T01:11:35,6017.4,39.2,3.99,5.1,8,14.44,15.406,93.7,16
2026-08-22T01:11:37,6019.4,38.5,3.99,5.1,8,14.437,15.406,93.7,16
2026-08-22T01:11:39,6021.4,36.7,3.75,5.04,8,14.445,15.406,93.8,16
2026-08-22T01:11:41,6023.4,38.2,3.75,5.04,8,14.434,15.406,93.7,16
2026-08-22T01:11:43,6025.4,37.8,3.53,4.97,8,14.441,15.406,93.7,16
2026-08-22T01:11:45,6027.4,36.9,3.53,4.97,8,14.442,15.406,93.7,16
2026-08-22T01:11:47,6029.4,37.7,3.53,4.97,8,14.443,15.406,93.8,16
2026-08-22T01:11:49,6031.4,38.2,3.65,4.97,8,14.438,15.406,93.7,16
2026-08-22T01:11:51,6033.4,38.9,3.65,4.97,8,14.442,15.406,93.7,16
2026-08-22T01:11:53,6035.4,38.5,3.6,4.94,8,14.453,15.406,93.8,16
2026-08-22T01:11:55,6037.4,40.9,3.6,4.94,8,14.448,15.406,93.8,16
2026-08-22T01:11:57,6039.4,43.1,3.6,4.94,8,14.469,15.406,93.9,16
2026-08-22T01:11:59,6041.4,37.1,3.63,4.92,8,14.451,15.406,93.8,16
2026-08-22T01:12:01,6043.4,40.5,3.63,4.92,8,14.448,15.406,93.8,16
2026-08-22T01:12:03,6045.4,39.0,3.66,4.9,8,14.444,15.406,93.8,16
2026-08-22T01:12:05,6047.4,39.4,3.66,4.9,8,14.444,15.406,93.8,16
2026-08-22T01:12:07,6049.4,38.7,3.66,4.9,8,14.441,15.406,93.7,16
2026-08-22T01:12:09,6051.4,39.6,3.61,4.87,8,14.44,15.406,93.7,16
2026-08-22T01:12:11,6053.4,40.2,3.61,4.87,8,14.44,15.406,93.7,16
2026-08-22T01:12:13,6055.4,38.9,3.64,4.86,8,14.439,15.406,93.7,16
2026-08-22T01:12:15,6057.4,38.3,3.64,4.86,8,14.445,15.406,93.8,16
2026-08-22T01:12:17,6059.4,37.6,3.64,4.86,8,14.445,15.406,93.8,16
2026-08-22T01:12:19,6061.4,37.8,3.43,4.79,8,14.448,15.406,93.8,16
2026-08-22T01:12:21,6063.4,39.1,3.43,4.79,8,14.453,15.406,93.8,16
2026-08-22T01:12:23,6065.4,40.4,3.23,4.73,8,14.507,15.406,94.2,16
2026-08-22T01:12:25,6067.4,39.7,3.23,4.73,8,14.551,15.406,94.5,16
2026-08-22T01:12:27,6069.4,39.4,3.23,4.73,8,14.538,15.406,94.4,16
2026-08-22T01:12:29,6071.4,39.2,3.05,4.67,8,14.525,15.406,94.3,16
2026-08-22T01:12:31,6073.4,42.3,3.05,4.67,8,14.5,15.406,94.1,16
2026-08-22T01:12:33,6075.4,38.3,2.89,4.61,8,14.496,15.406,94.1,16
2026-08-22T01:12:35,6077.4,39.2,2.89,4.61,8,14.483,15.406,94.0,16
2026-08-22T01:12:37,6079.4,37.9,2.89,4.61,8,14.482,15.406,94.0,16
2026-08-22T01:12:39,6081.4,37.0,3.38,4.68,8,14.481,15.406,94.0,16
2026-08-22T01:12:41,6083.4,35.2,3.38,4.68,8,14.476,15.406,94.0,16
2026-08-22T01:12:43,6085.4,38.1,3.43,4.67,8,14.48,15.406,94.0,16
2026-08-22T01:12:45,6087.4,37.3,3.43,4.67,8,14.479,15.406,94.0,16
2026-08-22T01:12:47,6089.4,37.2,3.43,4.67,8,14.478,15.406,94.0,16
2026-08-22T01:12:49,6091.4,38.0,3.47,4.66,8,14.478,15.406,94.0,16
2026-08-22T01:12:51,6093.4,39.7,3.47,4.66,8,14.478,15.406,94.0,16
2026-08-22T01:12:53,6095.4,40.1,3.28,4.6,8,14.488,15.406,94.0,16
2026-08-22T01:12:55,6097.4,38.0,3.28,4.6,8,14.488,15.406,94.0,16
2026-08-22T01:12:57,6099.4,42.7,3.28,4.6,8,14.486,15.406,94.0,16
2026-08-22T01:12:59,6101.4,39.7,3.65,4.65,8,14.508,15.406,94.2,16
2026-08-22T01:13:01,6103.5,41.2,3.65,4.65,8,14.514,15.406,94.2,16
2026-08-22T01:13:03,6105.5,38.0,3.44,4.59,8,14.504,15.406,94.2,16
2026-08-22T01:13:05,6107.5,39.9,3.44,4.59,8,14.501,15.406,94.1,16
2026-08-22T01:13:07,6109.5,36.7,3.44,4.59,8,14.501,15.406,94.1,16
2026-08-22T01:13:09,6111.5,38.2,3.33,4.55,8,14.501,15.406,94.1,16
2026-08-22T01:13:11,6113.5,38.8,3.33,4.55,8,14.496,15.406,94.1,16
2026-08-22T01:13:13,6115.5,39.2,3.14,4.49,8,14.498,15.406,94.1,16
2026-08-22T01:13:15,6117.5,38.0,3.14,4.49,8,14.496,15.406,94.1,16
2026-08-22T01:13:17,6119.5,38.2,3.14,4.49,8,14.499,15.406,94.1,16
2026-08-22T01:13:19,6121.5,38.6,2.97,4.43,8,14.504,15.406,94.1,16
2026-08-22T01:13:21,6123.5,42.9,2.97,4.43,8,14.502,15.406,94.1,16
2026-08-22T01:13:23,6125.5,40.4,2.81,4.38,8,14.571,15.406,94.6,16
2026-08-22T01:13:25,6127.5,41.5,2.81,4.38,8,14.599,15.406,94.8,16
2026-08-22T01:13:27,6129.5,38.7,2.81,4.38,8,14.595,15.406,94.7,16
2026-08-22T01:13:29,6131.5,37.5,2.99,4.39,8,14.59,15.406,94.7,16
2026-08-22T01:13:31,6133.5,41.2,2.99,4.39,8,14.557,15.406,94.5,16
2026-08-22T01:13:33,6135.5,38.6,2.83,4.33,8,14.541,15.406,94.4,16
2026-08-22T01:13:35,6137.5,40.0,2.83,4.33,8,14.529,15.406,94.3,16
2026-08-22T01:13:37,6139.5,39.3,2.83,4.33,8,14.523,15.406,94.3,16
2026-08-22T01:13:39,6141.5,38.1,2.68,4.27,8,14.52,15.406,94.3,16
2026-08-22T01:13:41,6143.5,38.7,2.68,4.27,8,14.514,15.406,94.2,16
2026-08-22T01:13:43,6145.5,38.4,2.71,4.25,8,14.516,15.406,94.2,16
2026-08-22T01:13:45,6147.5,38.7,2.71,4.25,8,14.517,15.406,94.2,16
2026-08-22T01:13:47,6149.5,37.5,2.71,4.25,8,14.516,15.406,94.2,16
2026-08-22T01:13:49,6151.5,37.3,2.57,4.2,8,14.512,15.406,94.2,16
2026-08-22T01:13:51,6153.5,38.7,2.57,4.2,8,14.507,15.406,94.2,16
2026-08-22T01:13:53,6155.5,38.3,2.6,4.18,8,14.508,15.406,94.2,16
2026-08-22T01:13:55,6157.5,33.3,2.6,4.18,8,14.51,15.406,94.2,16
2026-08-22T01:13:57,6159.5,39.3,2.6,4.18,8,14.516,15.406,94.2,16
2026-08-22T01:13:59,6161.5,39.8,2.48,4.12,8,14.535,15.406,94.4,16
2026-08-22T01:14:01,6163.5,38.7,2.48,4.12,8,14.532,15.406,94.3,16
2026-08-22T01:14:03,6165.5,40.8,2.44,4.09,8,14.536,15.406,94.4,16
2026-08-22T01:14:05,6167.5,38.7,2.44,4.09,8,14.523,15.406,94.3,16
2026-08-22T01:14:07,6169.5,39.4,2.44,4.09,8,14.518,15.406,94.2,16
2026-08-22T01:14:09,6171.5,37.4,2.32,4.04,8,14.514,15.406,94.2,16
2026-08-22T01:14:11,6173.5,37.8,2.32,4.04,8,14.506,15.406,94.2,16
2026-08-22T01:14:13,6175.5,37.8,2.46,4.04,8,14.504,15.406,94.2,16
2026-08-22T01:14:15,6177.5,38.7,2.46,4.04,8,14.504,15.406,94.1,16
2026-08-22T01:14:17,6179.5,37.8,2.46,4.04,8,14.502,15.406,94.1,16
2026-08-22T01:14:19,6181.5,39.9,3.06,4.14,8,14.515,15.406,94.2,16
2026-08-22T01:14:21,6183.5,39.6,3.06,4.14,8,14.532,15.406,94.3,16
2026-08-22T01:14:23,6185.5,43.7,2.98,4.1,8,14.58,15.406,94.6,16
2026-08-22T01:14:25,6187.5,40.0,2.98,4.1,8,14.583,15.406,94.7,16
2026-08-22T01:14:27,6189.5,37.4,2.98,4.1,8,14.591,15.406,94.7,16
2026-08-22T01:14:29,6191.5,38.1,2.82,4.05,8,14.587,15.406,94.7,16
2026-08-22T01:14:31,6193.5,39.1,2.82,4.05,8,14.576,15.406,94.6,16
2026-08-22T01:14:33,6195.5,38.6,2.67,4.0,8,14.567,15.406,94.6,16
2026-08-22T01:14:35,6197.5,40.2,2.67,4.0,8,14.548,15.406,94.4,16
2026-08-22T01:14:37,6199.5,37.6,2.67,4.0,8,14.545,15.406,94.4,16
2026-08-22T01:14:39,6201.5,38.3,2.54,3.95,8,14.548,15.406,94.4,16
2026-08-22T01:14:41,6203.5,39.7,2.54,3.95,8,14.541,15.406,94.4,16
2026-08-22T01:14:43,6205.5,37.8,2.49,3.91,8,14.531,15.406,94.3,16
2026-08-22T01:14:45,6207.5,39.2,2.49,3.91,8,14.539,15.406,94.4,16
2026-08-22T01:14:47,6209.5,38.0,2.49,3.91,8,14.538,15.406,94.4,16
2026-08-22T01:14:49,6211.5,38.0,2.85,3.97,8,14.538,15.406,94.4,16
2026-08-22T01:14:51,6213.5,32.1,2.85,3.97,8,14.53,15.406,94.3,16
2026-08-22T01:14:53,6215.5,39.1,2.95,3.97,8,14.534,15.406,94.3,16
2026-08-22T01:14:55,6217.5,38.4,2.95,3.97,8,14.535,15.406,94.3,16
2026-08-22T01:14:57,6219.5,38.5,2.95,3.97,8,14.537,15.406,94.4,16
2026-08-22T01:14:59,6221.5,38.7,2.79,3.92,8,14.562,15.406,94.5,16
2026-08-22T01:15:01,6223.5,40.5,2.79,3.92,8,14.558,15.406,94.5,16
2026-08-22T01:15:03,6225.5,37.8,2.65,3.87,8,14.559,15.406,94.5,16
2026-08-22T01:15:05,6227.5,39.4,2.65,3.87,8,14.573,15.406,94.6,16
2026-08-22T01:15:07,6229.5,38.6,2.65,3.87,8,14.579,15.406,94.6,16
2026-08-22T01:15:09,6231.5,38.2,2.51,3.82,8,14.576,15.406,94.6,16
2026-08-22T01:15:11,6233.5,39.6,2.51,3.82,8,14.568,15.406,94.6,16
2026-08-22T01:15:13,6235.5,38.1,2.47,3.79,8,14.565,15.406,94.5,16
2026-08-22T01:15:15,6237.5,39.2,2.47,3.79,8,14.561,15.406,94.5,16
2026-08-22T01:15:17,6239.5,36.7,2.47,3.79,8,14.557,15.406,94.5,16
2026-08-22T01:15:19,6241.5,37.8,2.76,3.83,8,14.561,15.406,94.5,16
2026-08-22T01:15:21,6243.5,40.0,2.76,3.83,8,14.566,15.406,94.5,16
2026-08-22T01:15:23,6245.5,42.9,3.18,3.9,8,14.632,15.406,95.0,16
2026-08-22T01:15:25,6247.5,51.5,3.18,3.9,8,14.2,15.406,92.2,16
2026-08-22T01:15:27,6249.5,32.1,3.18,3.9,8,14.483,15.406,94.0,16
2026-08-22T01:15:29,6251.5,28.6,3.16,3.88,8,14.632,15.406,95.0,16
2026-08-22T01:15:31,6253.5,50.7,3.16,3.88,8,14.302,15.406,92.8,16
2026-08-22T01:15:33,6255.5,35.9,3.15,3.87,8,14.549,15.406,94.4,16
2026-08-22T01:15:35,6257.5,23.3,3.15,3.87,8,14.609,15.406,94.8,16
2026-08-22T01:15:37,6259.5,32.3,3.15,3.87,8,14.613,15.406,94.9,16
2026-08-22T01:15:39,6261.5,38.3,2.98,3.82,8,14.588,15.406,94.7,16
2026-08-22T01:15:41,6263.5,38.0,2.98,3.82,8,14.592,15.406,94.7,16
2026-08-22T01:15:43,6265.5,38.6,2.98,3.81,8,14.594,15.406,94.7,16
2026-08-22T01:15:45,6267.5,38.3,2.98,3.81,8,14.591,15.406,94.7,16
2026-08-22T01:15:47,6269.5,38.0,2.98,3.81,8,14.596,15.406,94.7,16
2026-08-22T01:15:49,6271.5,39.2,2.82,3.76,8,14.601,15.406,94.8,16
2026-08-22T01:15:51,6273.5,37.9,2.82,3.76,8,14.605,15.406,94.8,16
2026-08-22T01:15:53,6275.5,38.1,2.99,3.78,8,14.609,15.406,94.8,16
2026-08-22T01:15:55,6277.5,43.7,2.99,3.78,8,14.016,15.406,91.0,16
2026-08-22T01:15:57,6279.5,50.0,2.99,3.78,8,14.412,15.406,93.6,16
2026-08-22T01:15:59,6281.5,36.1,2.91,3.75,8,14.627,15.406,94.9,16
2026-08-22T01:16:01,6283.5,39.4,2.91,3.75,8,14.634,15.406,95.0,16
2026-08-22T01:16:03,6285.5,42.8,2.84,3.72,8,14.444,15.406,93.8,16
2026-08-22T01:16:05,6287.5,50.8,2.84,3.72,8,13.931,15.406,90.4,16
2026-08-22T01:16:07,6289.5,39.6,2.84,3.72,8,14.567,15.406,94.6,16
2026-08-22T01:16:09,6291.5,42.4,3.17,3.78,8,14.427,15.406,93.6,16
2026-08-22T01:16:11,6293.5,51.9,3.17,3.78,8,14.011,15.406,91.0,14
2026-08-22T01:16:13,6295.5,46.4,3.56,3.85,8,13.6,15.406,88.3,13
2026-08-22T01:16:15,6297.5,53.5,3.56,3.85,8,14.531,15.406,94.3,16
2026-08-22T01:16:17,6299.5,44.6,3.56,3.85,8,14.333,15.406,93.0,16
2026-08-22T01:16:19,6301.5,31.6,3.6,3.85,8,14.639,15.406,95.0,16
2026-08-22T01:16:21,6303.5,55.7,3.6,3.85,8,14.398,15.406,93.5,16
2026-08-22T01:16:23,6305.5,48.9,3.87,3.9,8,13.879,15.406,90.1,14
2026-08-22T01:16:25,6307.5,47.2,3.87,3.9,8,14.566,15.406,94.5,16
2026-08-22T01:16:27,6309.5,63.5,3.87,3.9,8,14.256,15.406,92.5,16
2026-08-22T01:16:29,6311.5,47.4,3.8,3.89,8,13.996,15.406,90.9,14
2026-08-22T01:16:31,6313.5,39.4,3.8,3.89,8,14.598,15.406,94.8,16
2026-08-22T01:16:33,6315.5,40.2,3.74,3.87,8,14.289,15.406,92.8,16
2026-08-22T01:16:35,6317.5,45.0,3.74,3.87,8,14.656,15.406,95.1,16
2026-08-22T01:16:37,6319.5,34.8,3.74,3.87,8,14.611,15.406,94.8,16
2026-08-22T01:16:39,6321.5,44.3,3.92,3.91,8,14.475,15.406,94.0,16
2026-08-22T01:16:41,6323.5,46.4,3.92,3.91,8,14.334,15.406,93.0,16
2026-08-22T01:16:43,6325.5,44.7,3.92,3.91,8,13.903,15.406,90.2,14
2026-08-22T01:16:45,6327.5,33.2,3.92,3.91,8,14.575,15.406,94.6,16
2026-08-22T01:16:47,6329.5,39.9,3.92,3.91,8,14.287,15.406,92.7,16
2026-08-22T01:16:49,6331.5,39.2,4.49,4.03,8,14.621,15.406,94.9,16
2026-08-22T01:16:51,6333.5,50.8,4.49,4.03,8,14.399,15.406,93.5,16
2026-08-22T01:16:53,6335.5,41.9,4.69,4.08,8,14.646,15.406,95.1,16
2026-08-22T01:16:55,6337.5,43.8,4.69,4.08,8,14.49,15.406,94.1,16
2026-08-22T01:16:57,6339.5,56.5,4.69,4.08,8,14.128,15.406,91.7,16
2026-08-22T01:16:59,6341.5,39.9,4.56,4.06,8,14.571,15.406,94.6,16
2026-08-22T01:17:01,6343.5,39.4,4.56,4.06,8,14.325,15.406,93.0,16
2026-08-22T01:17:03,6345.5,52.4,4.75,4.11,8,14.632,15.406,95.0,16
2026-08-22T01:17:05,6347.5,41.9,4.75,4.11,8,14.418,15.406,93.6,16
2026-08-22T01:17:07,6349.5,38.0,4.75,4.11,8,14.624,15.406,94.9,16
2026-08-22T01:17:09,6351.5,32.8,4.61,4.09,8,14.61,15.406,94.8,16
2026-08-22T01:17:11,6353.5,38.6,4.61,4.09,8,14.615,15.406,94.9,16
2026-08-22T01:17:13,6355.5,39.0,4.56,4.09,8,14.611,15.406,94.8,16
2026-08-22T01:17:15,6357.5,38.8,4.56,4.09,8,14.622,15.406,94.9,16
2026-08-22T01:17:17,6359.5,38.0,4.56,4.09,8,14.614,15.406,94.9,16
2026-08-22T01:17:19,6361.5,38.4,4.52,4.09,8,14.615,15.406,94.9,16
2026-08-22T01:17:21,6363.5,37.9,4.52,4.09,8,14.624,15.406,94.9,16
2026-08-22T01:17:23,6365.5,52.2,4.4,4.07,8,14.385,15.406,93.4,16
2026-08-22T01:17:25,6367.5,42.6,4.4,4.07,8,13.893,15.406,90.2,14
2026-08-22T01:17:27,6369.5,38.1,4.4,4.07,8,14.534,15.406,94.3,16
2026-08-22T01:17:29,6371.5,53.7,4.68,4.13,8,14.494,15.406,94.1,16
2026-08-22T01:17:31,6373.5,46.1,4.68,4.13,8,13.514,15.406,87.7,13
2026-08-22T01:17:33,6375.5,56.2,4.71,4.15,8,14.405,15.406,93.5,16
2026-08-22T01:17:35,6377.5,43.7,4.71,4.15,8,14.308,15.406,92.9,16
2026-08-22T01:17:37,6379.5,33.4,4.71,4.15,8,14.634,15.406,95.0,16
2026-08-22T01:17:39,6381.5,52.2,4.81,4.18,8,14.396,15.406,93.4,16
2026-08-22T01:17:41,6383.5,41.5,4.81,4.18,8,13.88,15.406,90.1,14
2026-08-22T01:17:43,6385.5,40.4,4.59,4.14,8,14.521,15.406,94.3,16
2026-08-22T01:17:45,6387.5,50.9,4.59,4.14,8,14.29,15.406,92.8,16
2026-08-22T01:17:47,6389.5,41.1,4.59,4.14,8,14.615,15.406,94.9,16
2026-08-22T01:17:49,6391.5,39.8,4.7,4.17,8,14.35,15.406,93.1,16
2026-08-22T01:17:51,6393.5,50.8,4.7,4.17,8,14.64,15.406,95.0,16
2026-08-22T01:17:53,6395.5,37.7,5.21,4.29,8,14.455,15.406,93.8,16
2026-08-22T01:17:55,6397.5,44.7,5.21,4.29,8,13.837,15.406,89.8,14
2026-08-22T01:17:57,6399.5,51.3,5.21,4.29,8,14.448,15.406,93.8,16
2026-08-22T01:17:59,6401.5,41.1,4.95,4.25,8,13.843,15.406,89.9,14
2026-08-22T01:18:01,6403.5,43.8,4.95,4.25,8,14.489,15.406,94.1,16
2026-08-22T01:18:03,6405.5,51.9,4.71,4.21,8,14.142,15.406,91.8,16
2026-08-22T01:18:05,6407.5,41.1,4.71,4.21,8,14.54,15.406,94.4,16
2026-08-22T01:18:07,6409.5,23.7,4.71,4.21,8,14.626,15.406,94.9,16
2026-08-22T01:18:09,6411.5,33.0,4.42,4.16,8,14.631,15.406,95.0,16
2026-08-22T01:18:11,6413.5,38.9,4.42,4.16,8,14.626,15.406,94.9,16
2026-08-22T01:18:13,6415.5,38.1,4.46,4.17,8,14.633,15.406,95.0,16
2026-08-22T01:18:15,6417.5,36.9,4.46,4.17,8,14.635,15.406,95.0,16
2026-08-22T01:18:17,6419.5,49.9,4.46,4.17,8,14.382,15.406,93.4,16
2026-08-22T01:18:19,6421.5,41.9,4.26,4.14,8,14.478,15.406,94.0,16
2026-08-22T01:18:21,6423.5,38.9,4.26,4.14,8,14.478,15.406,94.0,16
2026-08-22T01:18:23,6425.5,54.2,4.16,4.12,8,13.941,15.406,90.5,16
2026-08-22T01:18:25,6427.5,40.7,4.16,4.12,8,14.608,15.406,94.8,16
2026-08-22T01:18:27,6429.5,51.1,4.16,4.12,8,14.367,15.406,93.3,16
2026-08-22T01:18:29,6431.5,46.2,4.15,4.11,8,13.66,15.406,88.7,16
2026-08-22T01:18:31,6433.5,44.8,4.15,4.11,8,14.539,15.406,94.4,16
2026-08-22T01:18:33,6435.5,41.1,3.98,4.08,8,14.474,15.406,94.0,16
2026-08-22T01:18:35,6437.5,35.5,3.98,4.08,8,14.205,15.406,92.2,16
2026-08-22T01:18:37,6439.5,54.1,3.98,4.08,8,14.553,15.406,94.5,16
2026-08-22T01:18:39,6441.5,42.2,3.82,4.04,8,14.48,15.406,94.0,16
2026-08-22T01:18:41,6443.5,47.1,3.82,4.04,8,13.797,15.406,89.6,16
2026-08-22T01:18:43,6445.5,46.0,3.91,4.06,8,14.546,15.406,94.4,16
2026-08-22T01:18:45,6447.5,37.6,3.91,4.06,8,14.498,15.406,94.1,16
2026-08-22T01:18:47,6449.5,36.6,3.91,4.06,8,13.832,15.406,89.8,16
2026-08-22T01:18:49,6451.5,41.6,3.84,4.04,8,14.493,15.406,94.1,16
2026-08-22T01:18:51,6453.5,39.5,3.84,4.04,8,14.375,15.406,93.3,16
2026-08-22T01:18:53,6455.5,31.6,3.69,4.01,8,14.656,15.406,95.1,16
2026-08-22T01:18:55,6457.5,51.5,3.69,4.01,8,14.437,15.406,93.7,16
2026-08-22T01:18:57,6459.5,48.1,3.69,4.01,8,14.292,15.406,92.8,16
2026-08-22T01:18:59,6461.5,42.6,3.88,4.04,8,14.624,15.406,94.9,16
2026-08-22T01:19:01,6463.5,56.9,3.88,4.04,8,14.351,15.406,93.2,16
2026-08-22T01:19:03,6465.5,42.0,3.81,4.02,8,14.627,15.406,94.9,16
2026-08-22T01:19:05,6467.5,54.9,3.81,4.02,8,14.359,15.406,93.2,16
2026-08-22T01:19:07,6469.5,42.4,3.81,4.02,8,14.624,15.406,94.9,16
2026-08-22T01:19:09,6471.5,39.8,3.9,4.04,8,14.527,15.406,94.3,16
2026-08-22T01:19:11,6473.5,60.3,3.9,4.04,8,14.006,15.406,90.9,16
2026-08-22T01:19:13,6475.5,43.8,3.83,4.02,8,14.557,15.406,94.5,16
2026-08-22T01:19:15,6477.5,38.4,3.83,4.02,8,14.38,15.406,93.3,16
2026-08-22T01:19:17,6479.5,40.7,3.83,4.02,8,14.648,15.406,95.1,16
2026-08-22T01:19:19,6481.5,40.7,3.76,4.01,8,14.476,15.406,94.0,16
2026-08-22T01:19:21,6483.5,50.4,3.76,4.01,8,14.052,15.406,91.2,16
2026-08-22T01:19:23,6485.5,45.1,3.78,4.01,8,14.614,15.406,94.9,16
2026-08-22T01:19:25,6487.5,45.2,3.78,4.01,8,14.595,15.406,94.7,16
2026-08-22T01:19:27,6489.5,64.9,3.78,4.01,8,14.331,15.406,93.0,16
2026-08-22T01:19:29,6491.5,44.7,3.72,3.99,8,14.685,15.406,95.3,16
2026-08-22T01:19:31,6493.5,36.7,3.72,3.99,8,14.555,15.406,94.5,16
2026-08-22T01:19:33,6495.5,42.6,3.9,4.02,8,14.424,15.406,93.6,16
2026-08-22T01:19:35,6497.5,45.9,3.9,4.02,8,13.902,15.406,90.2,14
2026-08-22T01:19:37,6499.5,50.0,3.9,4.02,8,14.53,15.406,94.3,16
2026-08-22T01:19:39,6501.5,40.8,3.75,3.99,8,14.418,15.406,93.6,16
2026-08-22T01:19:41,6503.5,40.7,3.75,3.99,8,14.201,15.406,92.2,16
2026-08-22T01:19:43,6505.5,51.6,3.93,4.02,8,14.567,15.406,94.6,16
2026-08-22T01:19:45,6507.5,44.6,3.93,4.02,8,14.452,15.406,93.8,16
2026-08-22T01:19:47,6509.5,45.8,3.93,4.02,8,13.947,15.406,90.5,14
2026-08-22T01:19:49,6511.5,50.0,3.86,4.01,8,14.521,15.406,94.3,16
2026-08-22T01:19:51,6513.5,43.3,3.86,4.01,8,14.385,15.406,93.4,16
2026-08-22T01:19:53,6515.5,41.3,3.71,3.97,8,14.077,15.406,91.4,14
2026-08-22T01:19:55,6517.5,52.5,3.71,3.97,8,14.538,15.406,94.4,16
2026-08-22T01:19:57,6519.5,52.5,3.71,3.97,8,14.336,15.406,93.1,16
2026-08-22T01:19:59,6521.5,40.0,3.65,3.96,8,14.636,15.406,95.0,16
2026-08-22T01:20:01,6523.5,55.6,3.65,3.96,8,14.427,15.406,93.6,16
2026-08-22T01:20:03,6525.5,42.1,4.16,4.06,8,14.396,15.406,93.4,16
2026-08-22T01:20:05,6527.5,46.6,4.16,4.06,8,14.665,15.406,95.2,16
2026-08-22T01:20:07,6529.5,51.9,4.16,4.06,8,14.445,15.406,93.8,16
2026-08-22T01:20:09,6531.5,44.8,3.99,4.02,8,13.893,15.406,90.2,16
2026-08-22T01:20:11,6533.5,42.3,3.99,4.02,8,14.544,15.406,94.4,16
2026-08-22T01:20:13,6535.5,50.4,3.91,4.0,8,14.376,15.406,93.3,16
2026-08-22T01:20:15,6537.5,41.6,3.91,4.0,8,13.857,15.406,89.9,14
2026-08-22T01:20:17,6539.5,41.0,3.91,4.0,8,14.515,15.406,94.2,16
2026-08-22T01:20:19,6541.5,51.9,3.83,3.99,8,14.299,15.406,92.8,16
2026-08-22T01:20:21,6543.5,40.7,3.83,3.99,8,14.633,15.406,95.0,16
2026-08-22T01:20:23,6545.5,49.6,3.85,3.99,8,14.493,15.406,94.1,16
2026-08-22T01:20:25,6547.5,61.8,3.85,3.99,8,13.757,15.406,89.3,16
2026-08-22T01:20:27,6549.5,48.6,3.85,3.99,8,14.535,15.406,94.4,16
2026-08-22T01:20:29,6551.5,43.8,3.86,3.99,8,14.511,15.406,94.2,16
2026-08-22T01:20:31,6553.5,38.6,3.86,3.99,8,14.051,15.406,91.2,16
2026-08-22T01:20:33,6555.5,44.9,3.79,3.97,8,14.544,15.406,94.4,16
2026-08-22T01:20:35,6557.5,40.6,3.79,3.97,8,14.423,15.406,93.6,16
2026-08-22T01:20:37,6559.5,40.6,3.79,3.97,8,14.641,15.406,95.0,16
2026-08-22T01:20:39,6561.5,45.3,3.89,3.99,8,14.448,15.406,93.8,16
2026-08-22T01:20:41,6563.5,51.5,3.89,3.99,8,14.236,15.406,92.4,16
2026-08-22T01:20:43,6565.5,41.5,3.82,3.97,8,14.649,15.406,95.1,16
2026-08-22T01:20:45,6567.5,43.5,3.82,3.97,8,14.453,15.406,93.8,16
2026-08-22T01:20:47,6569.5,51.1,3.82,3.97,8,14.161,15.406,91.9,16
2026-08-22T01:20:49,6571.5,41.3,3.67,3.94,8,14.594,15.406,94.7,16
2026-08-22T01:20:51,6573.5,45.3,3.67,3.94,8,14.419,15.406,93.6,16
2026-08-22T01:20:53,6575.5,53.3,3.78,3.96,8,14.024,15.406,91.0,16
2026-08-22T01:20:55,6577.5,43.8,3.78,3.96,8,14.56,15.406,94.5,16
2026-08-22T01:20:57,6579.5,48.0,3.78,3.96,8,14.445,15.406,93.8,16
2026-08-22T01:20:59,6581.5,50.7,3.71,3.94,8,14.654,15.406,95.1,16
2026-08-22T01:21:01,6583.5,41.4,3.71,3.94,8,14.448,15.406,93.8,16
2026-08-22T01:21:03,6585.5,47.0,3.74,3.94,8,14.071,15.406,91.3,16
2026-08-22T01:21:05,6587.5,46.6,3.74,3.94,8,14.52,15.406,94.2,16
2026-08-22T01:21:07,6589.5,40.3,3.74,3.94,8,14.403,15.406,93.5,16
2026-08-22T01:21:09,6591.5,68.3,3.6,3.91,8,14.47,15.406,93.9,16
2026-08-22T01:21:11,6593.5,51.6,3.6,3.91,8,14.193,15.406,92.1,16
2026-08-22T01:21:13,6595.5,43.1,3.55,3.89,8,14.629,15.406,95.0,16
2026-08-22T01:21:15,6597.5,45.0,3.55,3.89,8,14.484,15.406,94.0,16
2026-08-22T01:21:17,6599.5,54.1,3.55,3.89,8,14.157,15.406,91.9,16
2026-08-22T01:21:19,6601.5,40.2,3.43,3.86,8,14.61,15.406,94.8,16
2026-08-22T01:21:21,6603.5,41.9,3.43,3.86,8,14.494,15.406,94.1,16
2026-08-22T01:21:23,6605.5,62.8,3.55,3.88,8,14.405,15.406,93.5,16
2026-08-22T01:21:25,6607.5,45.9,3.55,3.88,8,13.576,15.406,88.1,13
2026-08-22T01:21:27,6609.5,53.3,3.55,3.88,8,14.51,15.406,94.2,16
2026-08-22T01:21:29,6611.5,44.2,3.67,3.9,8,14.333,15.406,93.0,16
2026-08-22T01:21:31,6613.5,47.8,3.67,3.9,8,14.695,15.406,95.4,16
2026-08-22T01:21:33,6615.5,36.5,3.53,3.87,8,14.511,15.406,94.2,16
2026-08-22T01:21:35,6617.5,34.2,3.53,3.87,8,14.363,15.406,93.2,16
2026-08-22T01:21:37,6619.5,53.2,3.53,3.87,8,14.676,15.406,95.3,16
2026-08-22T01:21:39,6621.5,41.5,3.41,3.84,8,14.57,15.406,94.6,16
2026-08-22T01:21:41,6623.5,50.2,3.41,3.84,8,14.263,15.406,92.6,16
2026-08-22T01:21:43,6625.5,45.0,3.38,3.82,8,13.883,15.406,90.1,14
2026-08-22T01:21:45,6627.5,31.9,3.38,3.82,8,14.591,15.406,94.7,16
2026-08-22T01:21:47,6629.5,42.0,3.38,3.82,8,14.423,15.406,93.6,16
2026-08-22T01:21:49,6631.5,47.0,3.35,3.81,8,13.704,15.406,89.0,16
2026-08-22T01:21:51,6633.5,44.4,3.35,3.81,8,14.552,15.406,94.5,16
2026-08-22T01:21:53,6635.5,47.9,3.32,3.8,8,14.394,15.406,93.4,16
2026-08-22T01:21:55,6637.5,50.0,3.32,3.8,8,14.034,15.406,91.1,16
2026-08-22T01:21:57,6639.5,49.0,3.32,3.8,8,14.527,15.406,94.3,16
2026-08-22T01:21:59,6641.5,47.4,3.53,3.83,8,14.307,15.406,92.9,16
2026-08-22T01:22:01,6643.5,47.2,3.53,3.83,8,14.657,15.406,95.1,16
2026-08-22T01:22:03,6645.5,33.0,3.41,3.8,8,14.487,15.406,94.0,16
2026-08-22T01:22:05,6647.5,60.5,3.41,3.8,8,14.265,15.406,92.6,16
2026-08-22T01:22:07,6649.5,40.7,3.41,3.8,8,14.586,15.406,94.7,16
2026-08-22T01:22:09,6651.5,38.4,3.38,3.79,8,14.304,15.406,92.8,16
2026-08-22T01:22:11,6653.5,47.1,3.38,3.79,8,14.589,15.406,94.7,16
2026-08-22T01:22:13,6655.5,21.3,3.43,3.79,8,14.63,15.406,95.0,16
2026-08-22T01:22:15,6657.5,48.5,3.43,3.79,8,14.317,15.406,92.9,16
2026-08-22T01:22:17,6659.5,42.0,3.43,3.79,8,14.61,15.406,94.8,16
2026-08-22T01:22:19,6661.5,49.7,3.55,3.81,8,14.302,15.406,92.8,16
2026-08-22T01:22:21,6663.5,41.5,3.55,3.81,8,14.616,15.406,94.9,16
2026-08-22T01:22:23,6665.5,50.8,3.67,3.83,8,14.366,15.406,93.2,16
2026-08-22T01:22:25,6667.5,76.9,3.67,3.83,8,14.558,15.406,94.5,16
2026-08-22T01:22:27,6669.5,42.0,3.67,3.83,8,14.174,15.406,92.0,16
2026-08-22T01:22:29,6671.5,45.5,3.94,3.89,8,14.643,15.406,95.0,16
2026-08-22T01:22:31,6673.5,35.0,3.94,3.89,8,14.448,15.406,93.8,16
2026-08-22T01:22:33,6675.5,39.3,4.1,3.92,8,14.66,15.406,95.2,16
2026-08-22T01:22:35,6677.5,39.6,4.1,3.92,8,14.459,15.406,93.9,16
2026-08-22T01:22:37,6679.5,53.4,4.1,3.92,8,14.052,15.406,91.2,16
2026-08-22T01:22:39,6681.5,42.2,3.93,3.89,8,14.575,15.406,94.6,16
2026-08-22T01:22:41,6683.5,40.6,3.93,3.89,8,14.39,15.406,93.4,16
2026-08-22T01:22:43,6685.6,50.6,4.34,3.97,8,13.974,15.406,90.7,14
2026-08-22T01:22:45,6687.6,40.3,4.34,3.97,8,14.621,15.406,94.9,16
2026-08-22T01:22:47,6689.6,43.6,4.34,3.97,8,14.439,15.406,93.7,16
2026-08-22T01:22:49,6691.6,49.5,4.31,3.97,8,14.166,15.406,92.0,16
2026-08-22T01:22:51,6693.6,41.3,4.31,3.97,8,14.576,15.406,94.6,16
2026-08-22T01:22:53,6695.6,43.6,4.13,3.94,8,14.364,15.406,93.2,16
2026-08-22T01:22:55,6697.6,52.7,4.13,3.94,8,14.653,15.406,95.1,16
2026-08-22T01:22:57,6699.6,49.0,4.13,3.94,8,14.462,15.406,93.9,16
2026-08-22T01:22:59,6701.6,46.3,4.52,4.02,8,14.326,15.406,93.0,16
2026-08-22T01:23:01,6703.6,55.4,4.52,4.02,8,14.603,15.406,94.8,16
2026-08-22T01:23:03,6705.6,40.5,4.4,4.01,8,14.375,15.406,93.3,16
2026-08-22T01:23:05,6707.6,45.4,4.4,4.01,8,13.816,15.406,89.7,14
2026-08-22T01:23:07,6709.6,49.4,4.4,4.01,8,14.466,15.406,93.9,16
2026-08-22T01:23:09,6711.6,42.2,4.28,3.99,8,14.156,15.406,91.9,16
2026-08-22T01:23:11,6713.6,40.8,4.28,3.99,8,14.576,15.406,94.6,16
2026-08-22T01:23:13,6715.6,51.1,4.34,4.01,8,14.28,15.406,92.7,16
2026-08-22T01:23:15,6717.6,40.1,4.34,4.01,8,14.584,15.406,94.7,16
2026-08-22T01:23:17,6719.6,53.9,4.34,4.01,8,14.203,15.406,92.2,16
2026-08-22T01:23:19,6721.6,31.7,4.15,3.97,8,14.591,15.406,94.7,16
2026-08-22T01:23:21,6723.6,35.7,4.15,3.97,8,14.341,15.406,93.1,16
2026-08-22T01:23:23,6725.6,44.9,4.06,3.96,8,13.864,15.406,90.0,14
2026-08-22T01:23:25,6727.6,54.4,4.06,3.96,8,14.55,15.406,94.4,16
2026-08-22T01:23:27,6729.6,42.9,4.06,3.96,8,14.388,15.406,93.4,16
2026-08-22T01:23:29,6731.6,41.8,3.98,3.94,8,14.65,15.406,95.1,16
2026-08-22T01:23:31,6733.6,54.9,3.98,3.94,8,14.496,15.406,94.1,16
2026-08-22T01:23:33,6735.6,41.2,4.62,4.08,8,13.943,15.406,90.5,16
2026-08-22T01:23:35,6737.6,42.4,4.62,4.08,8,14.554,15.406,94.5,16
2026-08-22T01:23:37,6739.6,52.1,4.62,4.08,8,14.492,15.406,94.1,16
2026-08-22T01:23:39,6741.6,38.5,4.57,4.07,8,14.356,15.406,93.2,16
2026-08-22T01:23:41,6743.6,44.3,4.57,4.07,8,14.657,15.406,95.1,16
2026-08-22T01:23:43,6745.6,37.7,4.36,4.04,8,14.463,15.406,93.9,16
2026-08-22T01:23:45,6747.6,41.8,4.36,4.04,8,14.129,15.406,91.7,16
2026-08-22T01:23:47,6749.6,42.0,4.36,4.04,8,14.58,15.406,94.6,16
2026-08-22T01:23:49,6751.6,52.6,4.73,4.12,8,14.444,15.406,93.8,16
2026-08-22T01:23:51,6753.6,42.4,4.73,4.12,8,14.13,15.406,91.7,16
2026-08-22T01:23:53,6755.6,40.0,4.52,4.09,8,14.593,15.406,94.7,16
2026-08-22T01:23:55,6757.6,52.6,4.52,4.09,8,14.432,15.406,93.7,16
2026-08-22T01:23:57,6759.6,46.1,4.52,4.09,8,14.186,15.406,92.1,16
2026-08-22T01:23:59,6761.6,44.4,4.79,4.15,8,14.609,15.406,94.8,16
2026-08-22T01:24:01,6763.6,54.5,4.79,4.15,8,14.391,15.406,93.4,16
2026-08-22T01:24:03,6765.6,43.2,4.73,4.15,8,13.907,15.406,90.3,14
2026-08-22T01:24:05,6767.6,39.3,4.73,4.15,8,14.534,15.406,94.3,16
2026-08-22T01:24:07,6769.6,58.7,4.73,4.15,8,13.917,15.406,90.3,16
2026-08-22T01:24:09,6771.6,41.7,4.51,4.11,8,14.521,15.406,94.3,16
2026-08-22T01:24:11,6773.6,46.3,4.51,4.11,8,14.441,15.406,93.7,16
2026-08-22T01:24:13,6775.6,52.3,4.63,4.14,8,14.115,15.406,91.6,16
2026-08-22T01:24:15,6777.6,42.3,4.63,4.14,8,14.496,15.406,94.1,16
2026-08-22T01:24:17,6779.6,41.6,4.63,4.14,8,14.374,15.406,93.3,16
2026-08-22T01:24:19,6781.6,49.9,4.5,4.12,8,14.612,15.406,94.9,16
2026-08-22T01:24:21,6783.6,40.3,4.5,4.12,8,14.348,15.406,93.1,16
2026-08-22T01:24:23,6785.6,46.8,4.46,4.12,8,13.886,15.406,90.1,14
2026-08-22T01:24:25,6787.6,54.4,4.46,4.12,8,14.551,15.406,94.5,16
2026-08-22T01:24:27,6789.6,40.7,4.46,4.12,8,14.385,15.406,93.4,16
2026-08-22T01:24:29,6791.6,42.6,4.34,4.1,8,14.331,15.406,93.0,16
2026-08-22T01:24:31,6793.6,52.5,4.34,4.1,8,14.625,15.406,94.9,16
2026-08-22T01:24:33,6795.6,43.2,4.23,4.08,8,14.341,15.406,93.1,16
2026-08-22T01:24:35,6797.6,46.0,4.23,4.08,8,14.108,15.406,91.6,16
2026-08-22T01:24:37,6799.6,30.4,4.23,4.08,8,14.645,15.406,95.1,16
2026-08-22T01:24:39,6801.6,43.2,4.06,4.05,8,14.513,15.406,94.2,16
2026-08-22T01:24:41,6803.6,41.5,4.06,4.05,8,14.537,15.406,94.4,16
2026-08-22T01:24:43,6805.6,59.1,4.29,4.1,8,14.255,15.406,92.5,16
2026-08-22T01:24:45,6807.6,44.2,4.29,4.1,8,14.655,15.406,95.1,16
2026-08-22T01:24:47,6809.6,36.8,4.29,4.1,8,14.489,15.406,94.0,16
2026-08-22T01:24:49,6811.6,43.2,4.19,4.08,8,14.356,15.406,93.2,16
2026-08-22T01:24:51,6813.6,42.3,4.19,4.08,8,14.661,15.406,95.2,16
2026-08-22T01:24:53,6815.6,51.0,4.49,4.15,8,14.523,15.406,94.3,16
2026-08-22T01:24:55,6817.6,44.1,4.49,4.15,8,14.375,15.406,93.3,16
2026-08-22T01:24:57,6819.6,44.6,4.49,4.15,8,14.688,15.406,95.3,16
2026-08-22T01:24:59,6821.6,53.9,4.45,4.14,8,14.572,15.406,94.6,16
2026-08-22T01:25:01,6823.6,48.5,4.45,4.14,8,14.364,15.406,93.2,16
2026-08-22T01:25:03,6825.6,41.2,4.42,4.14,8,14.683,15.406,95.3,16
2026-08-22T01:25:05,6827.6,56.7,4.42,4.14,8,14.541,15.406,94.4,16
2026-08-22T01:25:07,6829.6,44.7,4.42,4.14,8,14.379,15.406,93.3,16
2026-08-22T01:25:09,6831.6,41.3,4.54,4.17,8,14.673,15.406,95.2,16
2026-08-22T01:25:11,6833.6,58.6,4.54,4.17,8,14.444,15.406,93.8,16
2026-08-22T01:25:13,6835.6,43.5,4.5,4.17,8,13.862,15.406,90.0,14
2026-08-22T01:25:15,6837.6,40.6,4.5,4.17,8,14.516,15.406,94.2,16
2026-08-22T01:25:17,6839.6,54.7,4.5,4.17,8,14.529,15.406,94.3,16
2026-08-22T01:25:19,6841.6,44.0,4.3,4.13,8,13.951,15.406,90.6,14
2026-08-22T01:25:21,6843.6,40.5,4.3,4.13,8,14.53,15.406,94.3,16
2026-08-22T01:25:23,6845.6,62.8,4.28,4.13,8,14.416,15.406,93.6,16
2026-08-22T01:25:25,6847.6,46.5,4.28,4.13,8,13.494,15.406,87.6,13
2026-08-22T01:25:27,6849.6,56.0,4.28,4.13,8,14.386,15.406,93.4,16
2026-08-22T01:25:29,6851.6,46.4,4.17,4.11,8,14.44,15.406,93.7,16
2026-08-22T01:25:31,6853.6,31.8,4.17,4.11,8,14.645,15.406,95.1,16
2026-08-22T01:25:33,6855.6,53.7,4.72,4.23,8,14.419,15.406,93.6,16
2026-08-22T01:25:35,6857.6,43.3,4.72,4.23,8,14.022,15.406,91.0,16
2026-08-22T01:25:37,6859.6,38.7,4.72,4.23,8,14.664,15.406,95.2,16
2026-08-22T01:25:39,6861.6,52.6,4.66,4.22,8,14.409,15.406,93.5,16
2026-08-22T01:25:41,6863.6,43.4,4.66,4.22,8,13.899,15.406,90.2,16
2026-08-22T01:25:43,6865.6,40.6,4.45,4.19,8,14.573,15.406,94.6,16
2026-08-22T01:25:45,6867.6,52.6,4.45,4.19,8,14.394,15.406,93.4,16
2026-08-22T01:25:47,6869.6,42.2,4.45,4.19,8,13.909,15.406,90.3,16
2026-08-22T01:25:49,6871.6,40.0,4.33,4.17,8,14.564,15.406,94.5,16
2026-08-22T01:25:51,6873.6,54.9,4.33,4.17,8,14.4,15.406,93.5,16
2026-08-22T01:25:53,6875.6,41.2,4.23,4.15,8,14.661,15.406,95.2,16
2026-08-22T01:25:55,6877.6,43.2,4.23,4.15,8,14.526,15.406,94.3,16
2026-08-22T01:25:57,6879.6,80.9,4.23,4.15,8,14.583,15.406,94.7,16
2026-08-22T01:25:59,6881.6,47.3,4.21,4.14,8,14.448,15.406,93.8,16
2026-08-22T01:26:01,6883.6,55.2,4.21,4.14,8,13.984,15.406,90.8,16
2026-08-22T01:26:03,6885.6,48.9,4.11,4.12,8,13.552,15.406,88.0,13
2026-08-22T01:26:05,6887.6,54.3,4.11,4.12,8,14.497,15.406,94.1,16
2026-08-22T01:26:07,6889.6,47.0,4.11,4.12,8,14.214,15.406,92.3,16
2026-08-22T01:26:09,6891.6,31.3,3.94,4.09,8,14.642,15.406,95.0,16
2026-08-22T01:26:11,6893.6,59.3,3.94,4.09,8,14.413,15.406,93.6,16
2026-08-22T01:26:13,6895.6,44.7,3.95,4.09,8,13.544,15.406,87.9,13
2026-08-22T01:26:15,6897.6,58.2,3.95,4.09,8,14.367,15.406,93.3,16
2026-08-22T01:26:17,6899.6,39.5,3.95,4.09,8,13.88,15.406,90.1,14
2026-08-22T01:26:19,6901.6,32.8,3.79,4.05,8,14.54,15.406,94.4,16
2026-08-22T01:26:21,6903.6,55.4,3.79,4.05,8,14.39,15.406,93.4,16
2026-08-22T01:26:23,6905.6,49.2,4.29,4.15,8,14.399,15.406,93.5,16
2026-08-22T01:26:25,6907.6,50.9,4.29,4.15,8,14.571,15.406,94.6,16
2026-08-22T01:26:27,6909.6,50.2,4.29,4.15,8,14.021,15.406,91.0,15
2026-08-22T01:26:29,6911.6,28.8,4.1,4.12,8,14.292,15.406,92.8,15
2026-08-22T01:26:31,6913.6,24.3,4.1,4.12,8,14.357,15.406,93.2,15
2026-08-22T01:26:33,6915.6,37.6,4.1,4.11,8,14.345,15.406,93.1,15
2026-08-22T01:26:35,6917.6,37.7,4.1,4.11,8,14.343,15.406,93.1,15
2026-08-22T01:26:37,6919.6,37.2,4.1,4.11,8,14.323,15.406,93.0,15
2026-08-22T01:26:39,6921.6,37.4,4.17,4.13,8,14.309,15.406,92.9,15
2026-08-22T01:26:41,6923.6,37.2,4.17,4.13,8,14.295,15.406,92.8,15
2026-08-22T01:26:43,6925.6,36.7,4.07,4.11,8,14.289,15.406,92.8,15
2026-08-22T01:26:45,6927.6,35.5,4.07,4.11,8,14.283,15.406,92.7,15
2026-08-22T01:26:47,6929.6,36.9,4.07,4.11,8,14.275,15.406,92.7,15
2026-08-22T01:26:49,6931.6,36.7,3.99,4.09,8,14.268,15.406,92.6,15
2026-08-22T01:26:51,6933.6,37.2,3.99,4.09,8,14.263,15.406,92.6,15
2026-08-22T01:26:53,6935.6,36.9,3.83,4.06,8,14.262,15.406,92.6,15
2026-08-22T01:26:55,6937.6,36.4,3.83,4.06,8,14.261,15.406,92.6,15
2026-08-22T01:26:57,6939.6,40.2,3.83,4.06,8,14.257,15.406,92.5,15
2026-08-22T01:26:59,6941.6,38.5,3.84,4.06,8,14.26,15.406,92.6,15
2026-08-22T01:27:01,6943.6,39.0,3.84,4.06,8,14.284,15.406,92.7,15
2026-08-22T01:27:03,6945.6,35.8,3.61,4.0,8,14.275,15.406,92.7,15
2026-08-22T01:27:05,6947.6,38.7,3.61,4.0,8,14.276,15.406,92.7,15
2026-08-22T01:27:07,6949.6,38.4,3.61,4.0,8,14.304,15.406,92.9,15
2026-08-22T01:27:09,6951.6,37.4,3.73,4.02,8,14.284,15.406,92.7,15
2026-08-22T01:27:11,6953.6,39.5,3.73,4.02,8,14.267,15.406,92.6,15
2026-08-22T01:27:13,6955.6,37.9,3.51,3.97,8,14.256,15.406,92.5,15
2026-08-22T01:27:15,6957.6,37.0,3.51,3.97,8,14.255,15.406,92.5,15
2026-08-22T01:27:17,6959.6,38.7,3.51,3.97,8,14.256,15.406,92.5,15
2026-08-22T01:27:19,6961.6,37.1,3.31,3.92,8,14.234,15.406,92.4,15
2026-08-22T01:27:21,6963.6,39.6,3.31,3.92,8,14.237,15.406,92.4,15
2026-08-22T01:27:23,6965.6,40.1,3.2,3.89,8,14.3,15.406,92.8,15
2026-08-22T01:27:25,6967.6,39.1,3.2,3.89,8,14.32,15.406,93.0,15
2026-08-22T01:27:27,6969.6,37.1,3.2,3.89,8,14.314,15.406,92.9,15
2026-08-22T01:27:29,6971.6,40.2,3.35,3.91,8,14.306,15.406,92.9,15
2026-08-22T01:27:31,6973.6,33.1,3.35,3.91,8,14.268,15.406,92.6,15
2026-08-22T01:27:33,6975.6,37.9,3.24,3.88,8,14.262,15.406,92.6,15
2026-08-22T01:27:35,6977.6,37.5,3.24,3.88,8,14.258,15.406,92.6,15
2026-08-22T01:27:37,6979.6,35.9,3.24,3.88,8,14.252,15.406,92.5,15
2026-08-22T01:27:39,6981.6,36.7,3.46,3.91,8,14.251,15.406,92.5,15
2026-08-22T01:27:41,6983.6,37.4,3.46,3.91,8,14.246,15.406,92.5,15
2026-08-22T01:27:43,6985.6,37.6,3.5,3.91,8,14.242,15.406,92.4,15
2026-08-22T01:27:45,6987.6,35.7,3.5,3.91,8,14.243,15.406,92.5,15
2026-08-22T01:27:47,6989.6,36.6,3.5,3.91,8,14.243,15.406,92.5,15
2026-08-22T01:27:49,6991.6,37.5,3.38,3.88,8,14.242,15.406,92.4,15
2026-08-22T01:27:51,6993.6,37.1,3.38,3.88,8,14.246,15.406,92.5,15
2026-08-22T01:27:53,6995.6,36.9,3.43,3.88,8,14.245,15.406,92.5,15
2026-08-22T01:27:55,6997.6,38.7,3.43,3.88,8,14.26,15.406,92.6,15
2026-08-22T01:27:57,6999.6,38.9,3.43,3.88,8,14.259,15.406,92.6,15
2026-08-22T01:27:59,7001.6,38.1,3.64,3.92,8,14.263,15.406,92.6,15
2026-08-22T01:28:01,7003.6,37.6,3.64,3.92,8,14.271,15.406,92.6,15
2026-08-22T01:28:03,7005.6,38.7,3.43,3.87,8,14.282,15.406,92.7,15
2026-08-22T01:28:05,7007.6,38.5,3.43,3.87,8,14.282,15.406,92.7,15
2026-08-22T01:28:07,7009.6,38.8,3.43,3.87,8,14.259,15.406,92.6,15
2026-08-22T01:28:09,7011.6,38.0,3.47,3.87,8,14.255,15.406,92.5,15
2026-08-22T01:28:11,7013.6,38.4,3.47,3.87,8,14.253,15.406,92.5,15
2026-08-22T01:28:13,7015.6,36.5,3.52,3.87,8,14.243,15.406,92.5,15
2026-08-22T01:28:15,7017.6,37.8,3.52,3.87,8,14.245,15.406,92.5,15
2026-08-22T01:28:17,7019.6,37.1,3.52,3.87,8,14.253,15.406,92.5,15
2026-08-22T01:28:19,7021.6,37.7,3.55,3.88,8,14.254,15.406,92.5,15
2026-08-22T01:28:21,7023.6,38.0,3.55,3.88,8,14.266,15.406,92.6,15
2026-08-22T01:28:23,7025.6,39.2,3.67,3.9,8,14.339,15.406,93.1,15
2026-08-22T01:28:25,7027.6,41.4,3.67,3.9,8,14.353,15.406,93.2,15
2026-08-22T01:28:27,7029.6,38.1,3.67,3.9,8,14.345,15.406,93.1,15
2026-08-22T01:28:29,7031.6,38.0,3.54,3.86,8,14.339,15.406,93.1,15
2026-08-22T01:28:31,7033.6,38.2,3.54,3.86,8,14.319,15.406,92.9,15
2026-08-22T01:28:33,7035.6,36.8,3.33,3.82,8,14.313,15.406,92.9,15
2026-08-22T01:28:35,7037.6,39.6,3.33,3.82,8,14.283,15.406,92.7,15
2026-08-22T01:28:37,7039.6,38.9,3.33,3.82,8,14.285,15.406,92.7,15
2026-08-22T01:28:39,7041.6,37.2,3.39,3.82,8,14.285,15.406,92.7,15
2026-08-22T01:28:41,7043.6,37.4,3.39,3.82,8,14.278,15.406,92.7,15
2026-08-22T01:28:43,7045.6,36.1,3.44,3.82,8,14.281,15.406,92.7,15
2026-08-22T01:28:45,7047.6,37.9,3.44,3.82,8,14.286,15.406,92.7,15
2026-08-22T01:28:47,7049.6,36.9,3.44,3.82,8,14.283,15.406,92.7,15
2026-08-22T01:28:49,7051.6,36.1,3.48,3.83,8,14.278,15.406,92.7,15
2026-08-22T01:28:51,7053.6,36.2,3.48,3.83,8,14.277,15.406,92.7,15
2026-08-22T01:28:53,7055.6,37.7,3.52,3.83,8,14.28,15.406,92.7,15
2026-08-22T01:28:55,7057.6,37.4,3.52,3.83,8,14.279,15.406,92.7,15
2026-08-22T01:28:57,7059.6,41.7,3.52,3.83,8,14.292,15.406,92.8,15
2026-08-22T01:28:59,7061.6,33.0,3.56,3.83,8,14.294,15.406,92.8,15
2026-08-22T01:29:01,7063.6,38.2,3.56,3.83,8,14.298,15.406,92.8,15
2026-08-22T01:29:03,7065.6,37.6,3.68,3.85,8,14.298,15.406,92.8,15
2026-08-22T01:29:05,7067.6,40.2,3.68,3.85,8,14.29,15.406,92.8,15
2026-08-22T01:29:07,7069.6,37.7,3.68,3.85,8,14.29,15.406,92.8,15
2026-08-22T01:29:09,7071.6,35.9,3.46,3.8,8,14.29,15.406,92.8,15
2026-08-22T01:29:11,7073.6,38.0,3.46,3.8,8,14.288,15.406,92.7,15
2026-08-22T01:29:13,7075.6,37.7,3.51,3.81,8,14.285,15.406,92.7,15
2026-08-22T01:29:15,7077.6,37.5,3.51,3.81,8,14.285,15.406,92.7,15
2026-08-22T01:29:17,7079.6,37.8,3.51,3.81,8,14.285,15.406,92.7,15
2026-08-22T01:29:19,7081.6,37.4,3.55,3.81,8,14.276,15.406,92.7,15
2026-08-22T01:29:21,7083.6,37.1,3.55,3.81,8,14.28,15.406,92.7,15
2026-08-22T01:29:23,7085.6,45.4,3.5,3.8,8,14.332,15.406,93.0,15
2026-08-22T01:29:25,7087.6,39.5,3.5,3.8,8,14.367,15.406,93.3,15
2026-08-22T01:29:27,7089.6,36.2,3.5,3.8,8,14.353,15.406,93.2,15
2026-08-22T01:29:29,7091.6,39.6,3.54,3.8,8,14.341,15.406,93.1,15
2026-08-22T01:29:31,7093.6,39.5,3.54,3.8,8,14.314,15.406,92.9,15
2026-08-22T01:29:33,7095.6,38.6,3.42,3.77,8,14.3,15.406,92.8,15
2026-08-22T01:29:35,7097.6,39.8,3.42,3.77,8,14.3,15.406,92.8,15
2026-08-22T01:29:37,7099.6,37.7,3.42,3.77,8,14.298,15.406,92.8,15
2026-08-22T01:29:39,7101.6,36.9,3.47,3.77,8,14.291,15.406,92.8,15
2026-08-22T01:29:41,7103.6,36.7,3.47,3.77,8,14.281,15.406,92.7,15
2026-08-22T01:29:43,7105.6,37.3,3.51,3.78,8,14.279,15.406,92.7,15
2026-08-22T01:29:45,7107.6,35.8,3.51,3.78,8,14.279,15.406,92.7,15
2026-08-22T01:29:47,7109.6,36.5,3.51,3.78,8,14.281,15.406,92.7,15
2026-08-22T01:29:49,7111.6,37.0,3.39,3.75,8,14.281,15.406,92.7,15
2026-08-22T01:29:51,7113.6,37.4,3.39,3.75,8,14.28,15.406,92.7,15
2026-08-22T01:29:53,7115.6,37.4,3.52,3.77,8,14.279,15.406,92.7,15
2026-08-22T01:29:55,7117.6,36.9,3.52,3.77,8,14.278,15.406,92.7,15
2026-08-22T01:29:57,7119.6,41.0,3.52,3.77,8,14.306,15.406,92.9,15
2026-08-22T01:29:59,7121.6,37.1,3.31,3.72,8,14.313,15.406,92.9,15
2026-08-22T01:30:01,7123.6,37.6,3.31,3.72,8,14.314,15.406,92.9,15
2026-08-22T01:30:03,7125.6,36.0,3.13,3.68,8,14.318,15.406,92.9,15
2026-08-22T01:30:05,7127.6,39.6,3.13,3.68,8,14.328,15.406,93.0,15
2026-08-22T01:30:07,7129.6,36.6,3.13,3.68,8,14.318,15.406,92.9,15
2026-08-22T01:30:09,7131.6,38.9,3.04,3.65,8,14.307,15.406,92.9,15
2026-08-22T01:30:11,7133.6,37.7,3.04,3.65,8,14.301,15.406,92.8,15
2026-08-22T01:30:13,7135.6,37.4,2.88,3.61,8,14.298,15.406,92.8,15
2026-08-22T01:30:15,7137.6,37.5,2.88,3.61,8,14.301,15.406,92.8,15
2026-08-22T01:30:17,7139.6,36.2,2.88,3.61,8,14.298,15.406,92.8,15
2026-08-22T01:30:19,7141.6,36.1,3.05,3.63,8,14.299,15.406,92.8,15
2026-08-22T01:30:21,7143.6,37.5,3.05,3.63,8,14.308,15.406,92.9,15
2026-08-22T01:30:23,7145.6,41.0,2.96,3.6,8,14.37,15.406,93.3,15
2026-08-22T01:30:25,7147.6,39.9,2.96,3.6,8,14.393,15.406,93.4,15
2026-08-22T01:30:27,7149.6,37.1,2.96,3.6,8,14.385,15.406,93.4,15
2026-08-22T01:30:29,7151.6,34.4,3.04,3.61,8,14.382,15.406,93.4,15
2026-08-22T01:30:31,7153.6,38.1,3.04,3.61,8,14.37,15.406,93.3,15
2026-08-22T01:30:33,7155.6,36.9,2.96,3.58,8,14.356,15.406,93.2,15
2026-08-22T01:30:35,7157.6,40.4,2.96,3.58,8,14.342,15.406,93.1,15
2026-08-22T01:30:37,7159.6,36.2,2.96,3.58,8,14.334,15.406,93.0,15
2026-08-22T01:30:39,7161.6,37.6,2.8,3.54,8,14.33,15.406,93.0,15
2026-08-22T01:30:41,7163.6,38.2,2.8,3.54,8,14.323,15.406,93.0,15
2026-08-22T01:30:43,7165.6,37.2,2.9,3.55,8,14.319,15.406,92.9,15
2026-08-22T01:30:45,7167.6,37.7,2.9,3.55,8,14.318,15.406,92.9,15
2026-08-22T01:30:47,7169.6,36.9,2.9,3.55,8,14.313,15.406,92.9,15
2026-08-22T01:30:49,7171.6,38.0,2.99,3.55,8,14.314,15.406,92.9,15
2026-08-22T01:30:51,7173.6,37.5,2.99,3.55,8,14.314,15.406,92.9,15
2026-08-22T01:30:53,7175.6,36.5,2.83,3.51,8,14.313,15.406,92.9,15
2026-08-22T01:30:55,7177.6,35.8,2.83,3.51,8,14.313,15.406,92.9,15
2026-08-22T01:30:57,7179.6,37.9,2.83,3.51,8,14.324,15.406,93.0,15
2026-08-22T01:30:59,7181.6,39.7,3.08,3.55,8,14.345,15.406,93.1,15
2026-08-22T01:31:01,7183.6,37.5,3.08,3.55,8,14.345,15.406,93.1,15
2026-08-22T01:31:03,7185.6,39.8,2.92,3.51,8,14.374,15.406,93.3,15
2026-08-22T01:31:05,7187.6,38.3,2.92,3.51,8,14.372,15.406,93.3,15
2026-08-22T01:31:07,7189.6,37.1,2.92,3.51,8,14.372,15.406,93.3,15
2026-08-22T01:31:09,7191.6,38.3,2.76,3.47,8,14.367,15.406,93.3,15
2026-08-22T01:31:11,7193.6,41.0,2.76,3.47,8,14.377,15.406,93.3,15
2026-08-22T01:31:13,7195.6,38.7,2.94,3.49,8,14.386,15.406,93.4,15
2026-08-22T01:31:15,7197.6,38.0,2.94,3.49,8,14.358,15.406,93.2,15
2026-08-22T01:31:17,7199.6,37.7,2.94,3.49,8,14.357,15.406,93.2,15
2026-08-22T01:31:19,7201.6,39.3,2.95,3.49,8,14.353,15.406,93.2,15
2026-08-22T01:31:21,7203.6,37.6,2.95,3.49,8,14.361,15.406,93.2,15
2026-08-22T01:31:23,7205.6,40.3,2.87,3.46,8,14.424,15.406,93.6,15
2026-08-22T01:31:25,7207.6,39.9,2.87,3.46,8,14.441,15.406,93.7,15
2026-08-22T01:31:27,7209.6,36.8,2.87,3.46,8,14.438,15.406,93.7,15
2026-08-22T01:31:29,7211.6,37.4,2.96,3.47,8,14.435,15.406,93.7,15
2026-08-22T01:31:31,7213.6,36.9,2.96,3.47,8,14.436,15.406,93.7,15
2026-08-22T01:31:33,7215.6,38.0,2.8,3.43,8,14.432,15.406,93.7,15
2026-08-22T01:31:35,7217.6,38.3,2.8,3.43,8,14.432,15.406,93.7,15
2026-08-22T01:31:37,7219.6,37.0,2.8,3.43,8,14.43,15.406,93.7,15
2026-08-22T01:31:39,7221.6,40.4,3.06,3.47,8,14.404,15.406,93.5,15
2026-08-22T01:31:41,7223.6,38.4,3.06,3.47,8,14.405,15.406,93.5,15
2026-08-22T01:31:43,7225.6,38.5,3.22,3.5,8,14.396,15.406,93.4,15
2026-08-22T01:31:45,7227.6,37.9,3.22,3.5,8,14.396,15.406,93.4,15
2026-08-22T01:31:47,7229.6,38.0,3.22,3.5,8,14.392,15.406,93.4,15
2026-08-22T01:31:49,7231.6,36.3,3.36,3.52,8,14.388,15.406,93.4,15
2026-08-22T01:31:51,7233.6,38.0,3.36,3.52,8,14.392,15.406,93.4,15
2026-08-22T01:31:53,7235.6,37.1,3.25,3.5,8,14.39,15.406,93.4,15
2026-08-22T01:31:55,7237.6,37.8,3.25,3.5,8,14.389,15.406,93.4,15
2026-08-22T01:31:57,7239.6,38.4,3.25,3.5,8,14.391,15.406,93.4,15
2026-08-22T01:31:59,7241.6,41.0,3.15,3.47,8,14.433,15.406,93.7,15
2026-08-22T01:32:01,7243.6,37.8,3.15,3.47,8,14.435,15.406,93.7,15
2026-08-22T01:32:03,7245.6,32.2,3.06,3.45,8,14.444,15.406,93.8,15
2026-08-22T01:32:05,7247.6,39.7,3.06,3.45,8,14.426,15.406,93.6,15
2026-08-22T01:32:07,7249.6,35.2,3.06,3.45,8,14.425,15.406,93.6,15
2026-08-22T01:32:09,7251.6,39.5,2.97,3.42,8,14.404,15.406,93.5,15
2026-08-22T01:32:11,7253.6,38.1,2.97,3.42,8,14.401,15.406,93.5,15
2026-08-22T01:32:13,7255.6,38.1,2.81,3.38,8,14.398,15.406,93.5,15
2026-08-22T01:32:15,7257.6,37.0,2.81,3.38,8,14.392,15.406,93.4,15
2026-08-22T01:32:17,7259.6,38.4,2.81,3.38,8,14.392,15.406,93.4,15
2026-08-22T01:32:19,7261.6,37.5,2.99,3.41,8,14.39,15.406,93.4,15
2026-08-22T01:32:21,7263.6,37.1,2.99,3.41,8,14.391,15.406,93.4,15
2026-08-22T01:32:23,7265.6,39.7,2.99,3.4,8,14.471,15.406,93.9,15
2026-08-22T01:32:25,7267.6,37.1,2.99,3.4,8,14.512,15.406,94.2,15
2026-08-22T01:32:27,7269.6,36.2,2.99,3.4,8,14.506,15.406,94.2,15
2026-08-22T01:32:29,7271.6,38.1,2.91,3.38,8,14.503,15.406,94.1,15
2026-08-22T01:32:31,7273.6,36.6,2.91,3.38,8,14.502,15.406,94.1,15
2026-08-22T01:32:33,7275.6,39.7,2.84,3.36,8,14.48,15.406,94.0,15
2026-08-22T01:32:35,7277.6,37.5,2.84,3.36,8,14.439,15.406,93.7,15
2026-08-22T01:32:37,7279.6,38.8,2.84,3.36,8,14.418,15.406,93.6,15
2026-08-22T01:32:39,7281.6,38.4,2.69,3.32,8,14.418,15.406,93.6,15
2026-08-22T01:32:41,7283.6,36.8,2.69,3.32,8,14.412,15.406,93.6,15
2026-08-22T01:32:43,7285.6,37.9,2.55,3.28,8,14.406,15.406,93.5,15
2026-08-22T01:32:45,7287.6,36.5,2.55,3.28,8,14.406,15.406,93.5,15
2026-08-22T01:32:47,7289.6,37.8,2.55,3.28,8,14.399,15.406,93.5,15
2026-08-22T01:32:49,7291.6,38.3,2.67,3.29,8,14.397,15.406,93.5,15
2026-08-22T01:32:51,7293.6,37.5,2.67,3.29,8,14.4,15.406,93.5,15
2026-08-22T01:32:53,7295.6,37.5,2.7,3.29,8,14.398,15.406,93.5,15
2026-08-22T01:32:55,7297.6,37.3,2.7,3.29,8,14.389,15.406,93.4,15
2026-08-22T01:32:57,7299.6,36.8,2.7,3.29,8,14.387,15.406,93.4,15
2026-08-22T01:32:59,7301.7,41.4,2.96,3.33,8,14.4,15.406,93.5,15
2026-08-22T01:33:01,7303.7,39.6,2.96,3.33,8,14.412,15.406,93.6,15
2026-08-22T01:33:03,7305.7,37.4,2.8,3.29,8,14.408,15.406,93.5,15
2026-08-22T01:33:05,7307.7,38.4,2.8,3.29,8,14.407,15.406,93.5,15
2026-08-22T01:33:07,7309.7,37.1,2.8,3.29,8,14.406,15.406,93.5,15
2026-08-22T01:33:09,7311.7,37.6,2.82,3.29,8,14.399,15.406,93.5,15
2026-08-22T01:33:11,7313.7,37.4,2.82,3.29,8,14.396,15.406,93.4,15
2026-08-22T01:33:13,7315.7,38.3,2.84,3.28,8,14.386,15.406,93.4,15
2026-08-22T01:33:15,7317.7,37.0,2.84,3.28,8,14.385,15.406,93.4,15
2026-08-22T01:33:17,7319.7,37.2,2.84,3.28,8,14.385,15.406,93.4,15
2026-08-22T01:33:19,7321.7,36.4,2.69,3.24,8,14.386,15.406,93.4,15
2026-08-22T01:33:21,7323.7,37.1,2.69,3.24,8,14.394,15.406,93.4,15
2026-08-22T01:33:23,7325.7,38.9,3.03,3.31,8,14.469,15.406,93.9,15
2026-08-22T01:33:25,7327.7,39.2,3.03,3.31,8,14.487,15.406,94.0,15
2026-08-22T01:33:27,7329.7,36.6,3.03,3.31,8,14.489,15.406,94.0,15
2026-08-22T01:33:29,7331.7,38.2,2.95,3.28,8,14.489,15.406,94.1,15
2026-08-22T01:33:31,7333.7,38.9,2.95,3.28,8,14.455,15.406,93.8,15
2026-08-22T01:33:33,7335.7,37.6,2.79,3.25,8,14.452,15.406,93.8,15
2026-08-22T01:33:35,7337.7,39.0,2.79,3.25,8,14.438,15.406,93.7,15
2026-08-22T01:33:37,7339.7,37.5,2.79,3.25,8,14.438,15.406,93.7,15
2026-08-22T01:33:39,7341.7,31.5,2.97,3.28,8,14.423,15.406,93.6,15
2026-08-22T01:33:41,7343.7,38.0,2.97,3.28,8,14.42,15.406,93.6,15
2026-08-22T01:33:43,7345.7,35.3,2.81,3.24,8,14.424,15.406,93.6,15
2026-08-22T01:33:45,7347.7,37.5,2.81,3.24,8,14.412,15.406,93.5,15
2026-08-22T01:33:47,7349.7,36.6,2.81,3.24,8,14.414,15.406,93.6,15
2026-08-22T01:33:49,7351.7,39.6,2.75,3.22,8,14.415,15.406,93.6,15
2026-08-22T01:33:51,7353.7,37.7,2.75,3.22,8,14.415,15.406,93.6,15
2026-08-22T01:33:53,7355.7,37.6,2.69,3.2,8,14.415,15.406,93.6,15
2026-08-22T01:33:55,7357.7,36.5,2.69,3.2,8,14.412,15.406,93.6,15
2026-08-22T01:33:57,7359.7,37.2,2.69,3.2,8,14.413,15.406,93.6,15
2026-08-22T01:33:59,7361.7,41.0,2.63,3.18,8,14.439,15.406,93.7,15
2026-08-22T01:34:01,7363.7,40.3,2.63,3.18,8,14.45,15.406,93.8,15
2026-08-22T01:34:03,7365.7,36.1,2.5,3.14,8,14.451,15.406,93.8,15
2026-08-22T01:34:05,7367.7,39.6,2.5,3.14,8,14.435,15.406,93.7,15
2026-08-22T01:34:07,7369.7,37.0,2.5,3.14,8,14.432,15.406,93.7,15
2026-08-22T01:34:09,7371.7,37.4,2.54,3.14,8,14.425,15.406,93.6,15
2026-08-22T01:34:11,7373.7,35.9,2.54,3.14,8,14.42,15.406,93.6,15
2026-08-22T01:34:13,7375.7,37.9,2.5,3.12,8,14.42,15.406,93.6,15
2026-08-22T01:34:15,7377.7,37.6,2.5,3.12,8,14.424,15.406,93.6,15
2026-08-22T01:34:17,7379.7,37.4,2.5,3.12,8,14.419,15.406,93.6,15
2026-08-22T01:34:19,7381.7,36.9,2.54,3.12,8,14.418,15.406,93.6,15
2026-08-22T01:34:21,7383.7,48.5,2.54,3.12,8,14.438,15.406,93.7,15
2026-08-22T01:34:23,7385.7,41.0,2.5,3.1,8,14.467,15.406,93.9,15
2026-08-22T01:34:25,7387.7,39.8,2.5,3.1,8,14.466,15.406,93.9,15
2026-08-22T01:34:27,7389.7,37.9,2.5,3.1,8,14.468,15.406,93.9,15
2026-08-22T01:34:29,7391.7,36.0,2.62,3.11,8,14.46,15.406,93.9,15
2026-08-22T01:34:31,7393.7,39.8,2.62,3.11,8,14.451,15.406,93.8,15
2026-08-22T01:34:33,7395.7,37.3,2.57,3.09,8,14.446,15.406,93.8,15
2026-08-22T01:34:35,7397.7,39.2,2.57,3.09,8,14.435,15.406,93.7,15
2026-08-22T01:34:37,7399.7,37.8,2.57,3.09,8,14.431,15.406,93.7,15
2026-08-22T01:34:39,7401.7,36.8,2.76,3.13,8,14.424,15.406,93.6,15
2026-08-22T01:34:41,7403.7,36.9,2.76,3.13,8,14.422,15.406,93.6,15
2026-08-22T01:34:43,7405.7,37.2,2.94,3.16,8,14.417,15.406,93.6,15
2026-08-22T01:34:45,7407.7,37.5,2.94,3.16,8,14.416,15.406,93.6,15
2026-08-22T01:34:47,7409.7,36.9,2.94,3.16,8,14.413,15.406,93.6,15
2026-08-22T01:34:49,7411.7,37.3,3.03,3.17,8,14.411,15.406,93.5,15
2026-08-22T01:34:51,7413.7,37.1,3.03,3.17,8,14.408,15.406,93.5,15
2026-08-22T01:34:53,7415.7,38.6,3.18,3.2,8,14.402,15.406,93.5,15
2026-08-22T01:34:55,7417.7,36.4,3.18,3.2,8,14.401,15.406,93.5,15
2026-08-22T01:34:57,7419.7,39.2,3.18,3.2,8,14.398,15.406,93.5,15
2026-08-22T01:34:59,7421.7,39.2,3.09,3.18,8,14.395,15.406,93.4,15
2026-08-22T01:35:01,7423.7,41.7,3.09,3.18,8,14.408,15.406,93.5,15
2026-08-22T01:35:03,7425.7,37.3,2.92,3.15,8,14.409,15.406,93.5,15
2026-08-22T01:35:05,7427.7,38.9,2.92,3.15,8,14.39,15.406,93.4,15
2026-08-22T01:35:07,7429.7,36.9,2.92,3.15,8,14.381,15.406,93.4,15
2026-08-22T01:35:09,7431.7,36.7,3.01,3.16,8,14.375,15.406,93.3,15
2026-08-22T01:35:11,7433.7,37.1,3.01,3.16,8,14.374,15.406,93.3,15
2026-08-22T01:35:13,7435.7,38.2,3.09,3.17,8,14.375,15.406,93.3,15
2026-08-22T01:35:15,7437.7,36.8,3.09,3.17,8,14.376,15.406,93.3,15
2026-08-22T01:35:17,7439.7,37.6,3.09,3.17,8,14.372,15.406,93.3,15
2026-08-22T01:35:19,7441.7,29.7,2.92,3.14,8,14.372,15.406,93.3,15
2026-08-22T01:35:21,7443.7,38.7,2.92,3.14,8,14.368,15.406,93.3,15
2026-08-22T01:35:23,7445.7,39.8,3.01,3.15,8,14.424,15.406,93.6,15
2026-08-22T01:35:25,7447.7,38.4,3.01,3.15,8,14.444,15.406,93.8,15
2026-08-22T01:35:27,7449.7,38.5,3.01,3.15,8,14.439,15.406,93.7,15
2026-08-22T01:35:29,7451.7,39.4,3.25,3.2,8,14.427,15.406,93.6,15
2026-08-22T01:35:31,7453.7,39.0,3.25,3.2,8,14.425,15.406,93.6,15
2026-08-22T01:35:33,7455.7,49.3,3.15,3.18,8,14.44,15.406,93.7,15
2026-08-22T01:35:35,7457.7,39.5,3.15,3.18,8,14.446,15.406,93.8,15
2026-08-22T01:35:37,7459.7,42.4,3.15,3.18,8,14.405,15.406,93.5,15
2026-08-22T01:35:39,7461.7,57.2,3.13,3.18,8,14.526,15.406,94.3,15
2026-08-22T01:35:41,7463.7,68.6,3.13,3.18,8,14.431,15.406,93.7,15
2026-08-22T01:35:43,7465.7,76.4,3.52,3.26,8,14.489,15.406,94.1,15
2026-08-22T01:35:45,7467.7,55.7,3.52,3.26,8,14.448,15.406,93.8,15
2026-08-22T01:35:47,7469.7,38.1,3.52,3.26,8,14.443,15.406,93.8,15
2026-08-22T01:35:49,7471.7,36.3,3.48,3.25,8,14.433,15.406,93.7,15
2026-08-22T01:35:51,7473.7,37.2,3.48,3.25,8,14.426,15.406,93.6,15
2026-08-22T01:35:53,7475.7,36.8,3.28,3.21,8,14.412,15.406,93.6,15
2026-08-22T01:35:55,7477.7,36.8,3.28,3.21,8,14.413,15.406,93.6,15
2026-08-22T01:35:57,7479.7,37.4,3.28,3.21,8,14.412,15.406,93.5,15
2026-08-22T01:35:59,7481.7,40.3,3.34,3.23,8,14.415,15.406,93.6,15
2026-08-22T01:36:01,7483.7,41.6,3.34,3.23,8,14.43,15.406,93.7,15
2026-08-22T01:36:03,7485.7,40.8,3.23,3.21,8,14.462,15.406,93.9,15
2026-08-22T01:36:05,7487.7,40.0,3.23,3.21,8,14.449,15.406,93.8,15
2026-08-22T01:36:07,7489.7,38.6,3.23,3.21,8,14.433,15.406,93.7,15
2026-08-22T01:36:09,7491.7,37.1,3.05,3.17,8,14.43,15.406,93.7,15
2026-08-22T01:36:11,7493.7,38.2,3.05,3.17,8,14.419,15.406,93.6,15
2026-08-22T01:36:13,7495.7,39.7,3.37,3.23,8,14.419,15.406,93.6,15
2026-08-22T01:36:15,7497.7,37.1,3.37,3.23,8,14.426,15.406,93.6,15
2026-08-22T01:36:17,7499.7,36.6,3.37,3.23,8,14.425,15.406,93.6,15
2026-08-22T01:36:19,7501.7,36.2,3.26,3.21,8,14.423,15.406,93.6,15
2026-08-22T01:36:21,7503.7,37.4,3.26,3.21,8,14.432,15.406,93.7,15
2026-08-22T01:36:23,7505.7,40.7,3.4,3.24,8,14.492,15.406,94.1,15
2026-08-22T01:36:25,7507.7,38.7,3.4,3.24,8,14.536,15.406,94.4,15
2026-08-22T01:36:27,7509.7,36.8,3.4,3.24,8,14.522,15.406,94.3,15
2026-08-22T01:36:29,7511.7,36.8,3.45,3.26,8,14.519,15.406,94.2,15
2026-08-22T01:36:31,7513.7,40.0,3.45,3.26,8,14.508,15.406,94.2,15
2026-08-22T01:36:33,7515.7,36.4,3.49,3.27,8,14.501,15.406,94.1,15
2026-08-22T01:36:35,7517.7,39.5,3.49,3.27,8,14.481,15.406,94.0,15
2026-08-22T01:36:37,7519.7,37.7,3.49,3.27,8,14.472,15.406,93.9,15
2026-08-22T01:36:39,7521.7,37.6,3.29,3.23,8,14.467,15.406,93.9,15
2026-08-22T01:36:41,7523.7,37.2,3.29,3.23,8,14.465,15.406,93.9,15
2026-08-22T01:36:43,7525.7,37.1,3.35,3.24,8,14.458,15.406,93.9,15
2026-08-22T01:36:45,7527.7,36.9,3.35,3.24,8,14.456,15.406,93.8,15
2026-08-22T01:36:47,7529.7,37.5,3.35,3.24,8,14.454,15.406,93.8,15
2026-08-22T01:36:49,7531.7,32.6,3.4,3.26,8,14.455,15.406,93.8,15
2026-08-22T01:36:51,7533.7,36.8,3.4,3.26,8,14.454,15.406,93.8,15
2026-08-22T01:36:53,7535.7,36.1,3.53,3.29,8,14.453,15.406,93.8,15
2026-08-22T01:36:55,7537.7,37.0,3.53,3.29,8,14.452,15.406,93.8,15
2026-08-22T01:36:57,7539.7,37.3,3.53,3.29,8,14.45,15.406,93.8,15
2026-08-22T01:36:59,7541.7,42.2,3.41,3.26,8,14.47,15.406,93.9,15
2026-08-22T01:37:01,7543.7,40.5,3.41,3.26,8,14.492,15.406,94.1,15
2026-08-22T01:37:03,7545.7,37.7,3.38,3.26,8,14.491,15.406,94.1,15
2026-08-22T01:37:05,7547.7,39.0,3.38,3.26,8,14.48,15.406,94.0,15
2026-08-22T01:37:07,7549.7,39.6,3.38,3.26,8,14.47,15.406,93.9,15
2026-08-22T01:37:09,7551.7,36.1,3.18,3.22,8,14.458,15.406,93.8,15
2026-08-22T01:37:11,7553.7,37.5,3.18,3.22,8,14.453,15.406,93.8,15
2026-08-22T01:37:13,7555.7,37.1,3.09,3.2,8,14.447,15.406,93.8,15
2026-08-22T01:37:15,7557.7,36.7,3.09,3.2,8,14.441,15.406,93.7,15
2026-08-22T01:37:17,7559.7,38.2,3.09,3.2,8,14.439,15.406,93.7,15
2026-08-22T01:37:19,7561.7,37.5,2.92,3.17,8,14.438,15.406,93.7,15
2026-08-22T01:37:21,7563.7,37.8,2.92,3.17,8,14.439,15.406,93.7,15
2026-08-22T01:37:23,7565.7,42.0,3.65,3.31,8,14.516,15.406,94.2,15
2026-08-22T01:37:25,7567.7,38.8,3.65,3.31,8,14.533,15.406,94.3,15
2026-08-22T01:37:27,7569.7,35.9,3.65,3.31,8,14.534,15.406,94.3,15
2026-08-22T01:37:29,7571.7,35.6,3.44,3.27,8,14.532,15.406,94.3,15
2026-08-22T01:37:31,7573.7,38.3,3.44,3.27,8,14.5,15.406,94.1,15
2026-08-22T01:37:33,7575.7,37.0,3.24,3.24,8,14.498,15.406,94.1,15
2026-08-22T01:37:35,7577.7,37.8,3.24,3.24,8,14.498,15.406,94.1,15
2026-08-22T01:37:37,7579.7,39.9,3.24,3.24,8,14.49,15.406,94.1,15
2026-08-22T01:37:39,7581.7,37.7,3.3,3.25,8,14.486,15.406,94.0,15
2026-08-22T01:37:41,7583.7,37.6,3.3,3.25,8,14.486,15.406,94.0,15
2026-08-22T01:37:43,7585.7,37.1,3.2,3.23,8,14.485,15.406,94.0,15
2026-08-22T01:37:45,7587.7,36.4,3.2,3.23,8,14.481,15.406,94.0,15
2026-08-22T01:37:47,7589.7,36.5,3.2,3.23,8,14.478,15.406,94.0,15
2026-08-22T01:37:49,7591.7,36.5,3.34,3.26,8,14.43,15.406,93.7,15
2026-08-22T01:37:51,7593.7,37.5,3.34,3.26,8,14.428,15.406,93.7,15
2026-08-22T01:37:53,7595.7,37.7,3.15,3.22,8,14.427,15.406,93.7,15
2026-08-22T01:37:55,7597.7,37.1,3.15,3.22,8,14.427,15.406,93.6,15
2026-08-22T01:37:57,7599.7,37.1,3.15,3.22,8,14.423,15.406,93.6,15
2026-08-22T01:37:59,7601.7,41.8,2.98,3.18,8,14.426,15.406,93.6,15
2026-08-22T01:38:01,7603.7,38.4,2.98,3.18,8,14.431,15.406,93.7,15
2026-08-22T01:38:03,7605.7,40.4,2.82,3.15,8,14.439,15.406,93.7,15
2026-08-22T01:38:05,7607.7,35.1,2.82,3.15,8,14.438,15.406,93.7,15
2026-08-22T01:38:07,7609.7,39.3,2.82,3.15,8,14.431,15.406,93.7,15
2026-08-22T01:38:09,7611.7,38.6,2.84,3.14,8,14.431,15.406,93.7,15
2026-08-22T01:38:11,7613.7,37.3,2.84,3.14,8,14.431,15.406,93.7,15
2026-08-22T01:38:13,7615.7,37.9,2.77,3.12,8,14.43,15.406,93.7,15
2026-08-22T01:38:15,7617.7,38.4,2.77,3.12,8,14.429,15.406,93.7,15
2026-08-22T01:38:17,7619.7,38.4,2.77,3.12,8,14.423,15.406,93.6,15
2026-08-22T01:38:19,7621.7,37.9,2.87,3.14,8,14.421,15.406,93.6,15
2026-08-22T01:38:21,7623.7,36.9,2.87,3.14,8,14.426,15.406,93.6,15
2026-08-22T01:38:23,7625.7,42.2,2.8,3.12,8,14.469,15.406,93.9,15
2026-08-22T01:38:25,7627.7,39.3,2.8,3.12,8,14.486,15.406,94.0,15
2026-08-22T01:38:27,7629.7,32.3,2.8,3.12,8,14.488,15.406,94.0,15
2026-08-22T01:38:29,7631.7,36.9,2.65,3.08,8,14.484,15.406,94.0,15
2026-08-22T01:38:31,7633.7,40.1,2.65,3.08,8,14.459,15.406,93.9,15
2026-08-22T01:38:33,7635.7,37.0,2.68,3.08,8,14.458,15.406,93.8,15
2026-08-22T01:38:35,7637.7,39.5,2.68,3.08,8,14.444,15.406,93.8,15
2026-08-22T01:38:37,7639.7,38.3,2.68,3.08,8,14.449,15.406,93.8,15
2026-08-22T01:38:39,7641.7,35.6,2.55,3.05,8,14.448,15.406,93.8,15
2026-08-22T01:38:41,7643.7,36.4,2.55,3.05,8,14.446,15.406,93.8,15
2026-08-22T01:38:43,7645.7,37.5,2.42,3.01,8,14.435,15.406,93.7,15
2026-08-22T01:38:45,7647.7,37.3,2.42,3.01,8,14.437,15.406,93.7,15
2026-08-22T01:38:47,7649.7,37.5,2.42,3.01,8,14.437,15.406,93.7,15
2026-08-22T01:38:49,7651.7,37.0,2.31,2.98,8,14.435,15.406,93.7,15
2026-08-22T01:38:51,7653.7,37.6,2.31,2.98,8,14.434,15.406,93.7,15
2026-08-22T01:38:53,7655.7,37.8,2.28,2.96,8,14.431,15.406,93.7,15
2026-08-22T01:38:55,7657.7,38.0,2.28,2.96,8,14.433,15.406,93.7,15
2026-08-22T01:38:57,7659.7,35.8,2.28,2.96,8,14.432,15.406,93.7,15
2026-08-22T01:38:59,7661.7,37.4,2.34,2.96,8,14.431,15.406,93.7,15
2026-08-22T01:39:01,7663.7,38.0,2.34,2.96,8,14.438,15.406,93.7,15
2026-08-22T01:39:03,7665.7,38.0,2.23,2.93,8,14.439,15.406,93.7,15
2026-08-22T01:39:05,7667.7,37.1,2.23,2.93,8,14.437,15.406,93.7,15
2026-08-22T01:39:07,7669.7,39.5,2.23,2.93,8,14.432,15.406,93.7,15
2026-08-22T01:39:09,7671.7,38.4,2.13,2.9,8,14.428,15.406,93.7,15
2026-08-22T01:39:11,7673.7,39.9,2.13,2.9,8,14.413,15.406,93.6,15
2026-08-22T01:39:13,7675.7,38.2,2.2,2.9,8,14.414,15.406,93.6,15
2026-08-22T01:39:15,7677.7,36.7,2.2,2.9,8,14.414,15.406,93.6,15
2026-08-22T01:39:17,7679.7,37.1,2.2,2.9,8,14.412,15.406,93.5,15
2026-08-22T01:39:19,7681.7,37.6,2.43,2.94,8,14.409,15.406,93.5,15
2026-08-22T01:39:21,7683.7,37.9,2.43,2.94,8,14.411,15.406,93.5,15
2026-08-22T01:39:23,7685.7,41.9,2.39,2.92,8,14.482,15.406,94.0,15
2026-08-22T01:39:25,7687.7,38.8,2.39,2.92,8,14.488,15.406,94.0,15
2026-08-22T01:39:27,7689.7,38.3,2.39,2.92,8,14.488,15.406,94.0,15
2026-08-22T01:39:29,7691.7,37.8,2.52,2.94,8,14.486,15.406,94.0,15
2026-08-22T01:39:31,7693.7,40.0,2.52,2.94,8,14.47,15.406,93.9,15
2026-08-22T01:39:33,7695.7,35.6,2.72,2.97,8,14.46,15.406,93.9,15
2026-08-22T01:39:35,7697.7,39.4,2.72,2.97,8,14.446,15.406,93.8,15
2026-08-22T01:39:37,7699.7,35.8,2.72,2.97,8,14.444,15.406,93.8,15
2026-08-22T01:39:39,7701.7,37.1,2.66,2.96,8,14.446,15.406,93.8,15
2026-08-22T01:39:41,7703.7,36.8,2.66,2.96,8,14.446,15.406,93.8,15
2026-08-22T01:39:43,7705.7,37.3,2.77,2.98,8,14.443,15.406,93.8,15
2026-08-22T01:39:45,7707.7,36.8,2.77,2.98,8,14.443,15.406,93.7,15
2026-08-22T01:39:47,7709.7,37.1,2.77,2.98,8,14.443,15.406,93.8,15
2026-08-22T01:39:49,7711.7,37.0,2.87,2.99,8,14.442,15.406,93.7,15
2026-08-22T01:39:51,7713.7,36.3,2.87,2.99,8,14.442,15.406,93.7,15
2026-08-22T01:39:53,7715.7,37.8,2.72,2.96,8,14.439,15.406,93.7,15
2026-08-22T01:39:55,7717.7,38.7,2.72,2.96,8,14.441,15.406,93.7,15
2026-08-22T01:39:57,7719.7,36.3,2.72,2.96,8,14.443,15.406,93.7,15
2026-08-22T01:39:59,7721.7,41.0,2.74,2.96,8,14.447,15.406,93.8,15
2026-08-22T01:40:01,7723.7,38.4,2.74,2.96,8,14.43,15.406,93.7,15
2026-08-22T01:40:03,7725.7,40.2,2.76,2.96,8,14.426,15.406,93.6,15
2026-08-22T01:40:05,7727.7,34.6,2.76,2.96,8,14.516,15.406,94.2,15
2026-08-22T01:40:07,7729.7,39.8,2.76,2.96,8,14.508,15.406,94.2,15
2026-08-22T01:40:09,7731.7,35.2,3.02,3.01,8,14.509,15.406,94.2,15
2026-08-22T01:40:11,7733.7,37.6,3.02,3.01,8,14.509,15.406,94.2,15
2026-08-22T01:40:13,7735.7,38.8,3.1,3.03,8,14.486,15.406,94.0,15
2026-08-22T01:40:15,7737.7,38.4,3.1,3.03,8,14.429,15.406,93.7,15
2026-08-22T01:40:17,7739.7,36.9,3.1,3.03,8,14.425,15.406,93.6,15
2026-08-22T01:40:19,7741.7,40.0,3.25,3.06,8,14.413,15.406,93.6,15
2026-08-22T01:40:21,7743.7,37.3,3.25,3.06,8,14.417,15.406,93.6,15
2026-08-22T01:40:23,7745.7,43.3,3.23,3.06,8,14.473,15.406,93.9,15
2026-08-22T01:40:25,7747.7,38.1,3.23,3.06,8,14.48,15.406,94.0,15
2026-08-22T01:40:27,7749.7,37.5,3.23,3.06,8,14.477,15.406,94.0,15
2026-08-22T01:40:29,7751.7,37.1,3.29,3.08,8,14.479,15.406,94.0,15
2026-08-22T01:40:31,7753.7,38.9,3.29,3.08,8,14.447,15.406,93.8,15
2026-08-22T01:40:33,7755.7,36.9,3.11,3.04,8,14.446,15.406,93.8,15
2026-08-22T01:40:35,7757.7,36.6,3.11,3.04,8,14.445,15.406,93.8,15
2026-08-22T01:40:37,7759.7,37.2,3.11,3.04,8,14.445,15.406,93.8,15
2026-08-22T01:40:39,7761.7,37.5,3.26,3.07,8,14.438,15.406,93.7,15
2026-08-22T01:40:41,7763.7,36.8,3.26,3.07,8,14.439,15.406,93.7,15
2026-08-22T01:40:43,7765.7,37.3,3.08,3.04,8,14.44,15.406,93.7,15
2026-08-22T01:40:45,7767.7,35.1,3.08,3.04,8,14.437,15.406,93.7,15
2026-08-22T01:40:47,7769.7,37.5,3.08,3.04,8,14.437,15.406,93.7,15
2026-08-22T01:40:49,7771.7,37.4,3.15,3.06,8,14.437,15.406,93.7,15
2026-08-22T01:40:51,7773.7,37.3,3.15,3.06,8,14.439,15.406,93.7,15
2026-08-22T01:40:53,7775.7,35.4,3.06,3.04,8,14.44,15.406,93.7,15
2026-08-22T01:40:55,7777.7,37.3,3.06,3.04,8,14.439,15.406,93.7,15
2026-08-22T01:40:57,7779.7,37.9,3.06,3.04,8,14.444,15.406,93.8,15
2026-08-22T01:40:59,7781.7,39.7,2.98,3.02,8,14.433,15.406,93.7,15
2026-08-22T01:41:01,7783.7,37.4,2.98,3.02,8,14.434,15.406,93.7,15
2026-08-22T01:41:03,7785.7,39.5,2.9,3.0,8,14.465,15.406,93.9,15
2026-08-22T01:41:05,7787.7,37.4,2.9,3.0,8,14.462,15.406,93.9,15
2026-08-22T01:41:07,7789.7,37.5,2.9,3.0,8,14.462,15.406,93.9,15
2026-08-22T01:41:09,7791.7,37.5,2.83,2.99,8,14.459,15.406,93.9,15
2026-08-22T01:41:11,7793.7,37.5,2.83,2.99,8,14.459,15.406,93.9,15
2026-08-22T01:41:13,7795.7,37.2,2.68,2.95,8,14.47,15.406,93.9,15
2026-08-22T01:41:15,7797.7,38.4,2.68,2.95,8,14.483,15.406,94.0,15
2026-08-22T01:41:17,7799.7,37.6,2.68,2.95,8,14.488,15.406,94.0,15
2026-08-22T01:41:19,7801.7,37.6,2.54,2.92,8,14.488,15.406,94.0,15
2026-08-22T01:41:21,7803.7,38.6,2.54,2.92,8,14.468,15.406,93.9,15
2026-08-22T01:41:23,7805.7,40.3,2.66,2.94,8,14.524,15.406,94.3,15
2026-08-22T01:41:25,7807.7,41.4,2.66,2.94,8,14.515,15.406,94.2,15
2026-08-22T01:41:27,7809.7,38.2,2.66,2.94,8,14.507,15.406,94.2,15
2026-08-22T01:41:29,7811.7,38.7,2.77,2.96,8,14.489,15.406,94.1,15
2026-08-22T01:41:31,7813.7,37.3,2.77,2.96,8,14.487,15.406,94.0,15
2026-08-22T01:41:33,7815.7,38.1,3.03,3.01,8,14.485,15.406,94.0,15
2026-08-22T01:41:35,7817.7,37.9,3.03,3.01,8,14.478,15.406,94.0,15
2026-08-22T01:41:37,7819.7,37.9,3.03,3.01,8,14.472,15.406,93.9,15
2026-08-22T01:41:39,7821.7,36.0,3.11,3.02,8,14.461,15.406,93.9,15
2026-08-22T01:41:41,7823.7,37.3,3.11,3.02,8,14.458,15.406,93.8,15
2026-08-22T01:41:43,7825.7,31.8,2.94,2.99,8,14.459,15.406,93.9,15
2026-08-22T01:41:45,7827.7,35.8,2.94,2.99,8,14.458,15.406,93.8,15
2026-08-22T01:41:47,7829.7,38.3,2.94,2.99,8,14.457,15.406,93.8,15
2026-08-22T01:41:49,7831.7,36.6,2.78,2.96,8,14.458,15.406,93.9,15
2026-08-22T01:41:51,7833.7,37.4,2.78,2.96,8,14.459,15.406,93.9,15
2026-08-22T01:41:53,7835.7,37.8,2.96,2.99,8,14.461,15.406,93.9,15
2026-08-22T01:41:55,7837.7,37.8,2.96,2.99,8,14.458,15.406,93.8,15
2026-08-22T01:41:57,7839.7,37.7,2.96,2.99,8,14.466,15.406,93.9,15
2026-08-22T01:41:59,7841.7,40.7,3.2,3.04,8,14.468,15.406,93.9,15
2026-08-22T01:42:01,7843.7,37.4,3.2,3.04,8,14.469,15.406,93.9,15
2026-08-22T01:42:03,7845.7,39.9,3.43,3.09,8,14.445,15.406,93.8,15
2026-08-22T01:42:05,7847.7,38.1,3.43,3.09,8,14.436,15.406,93.7,15
2026-08-22T01:42:07,7849.7,37.4,3.43,3.09,8,14.433,15.406,93.7,15
2026-08-22T01:42:09,7851.7,35.4,3.63,3.14,8,14.426,15.406,93.6,15
2026-08-22T01:42:11,7853.7,37.7,3.63,3.14,8,14.426,15.406,93.6,15
2026-08-22T01:42:13,7855.7,37.0,3.66,3.15,8,14.422,15.406,93.6,15
2026-08-22T01:42:15,7857.7,37.0,3.66,3.15,8,14.422,15.406,93.6,15
2026-08-22T01:42:17,7859.7,36.8,3.66,3.15,8,14.425,15.406,93.6,15
2026-08-22T01:42:19,7861.7,37.6,3.45,3.12,8,14.427,15.406,93.6,15
2026-08-22T01:42:21,7863.7,38.3,3.45,3.12,8,14.432,15.406,93.7,15
2026-08-22T01:42:23,7865.7,40.5,3.33,3.1,8,14.501,15.406,94.1,15
2026-08-22T01:42:25,7867.7,38.8,3.33,3.1,8,14.523,15.406,94.3,15
2026-08-22T01:42:27,7869.7,36.4,3.33,3.1,8,14.526,15.406,94.3,15
2026-08-22T01:42:29,7871.7,36.7,3.15,3.06,8,14.52,15.406,94.2,15
2026-08-22T01:42:31,7873.7,39.1,3.15,3.06,8,14.507,15.406,94.2,15
2026-08-22T01:42:33,7875.7,36.6,3.21,3.08,8,14.495,15.406,94.1,15
2026-08-22T01:42:35,7877.7,39.7,3.21,3.08,8,14.48,15.406,94.0,15
2026-08-22T01:42:37,7879.7,37.7,3.21,3.08,8,14.477,15.406,94.0,15
2026-08-22T01:42:39,7881.7,37.8,3.12,3.06,8,14.473,15.406,93.9,15
2026-08-22T01:42:41,7883.7,38.0,3.12,3.06,8,14.465,15.406,93.9,15
2026-08-22T01:42:43,7885.7,37.5,2.95,3.03,8,14.464,15.406,93.9,15
2026-08-22T01:42:45,7887.7,36.8,2.95,3.03,8,14.463,15.406,93.9,15
2026-08-22T01:42:47,7889.7,39.2,2.95,3.03,8,12.83,15.406,83.3,15
2026-08-22T01:42:49,7891.7,37.0,3.03,3.04,8,12.831,15.406,83.3,15
2026-08-22T01:42:51,7893.7,36.1,3.03,3.04,8,12.83,15.406,83.3,15
2026-08-22T01:42:53,7895.7,40.4,3.11,3.06,8,12.825,15.406,83.2,15
2026-08-22T01:42:55,7897.7,37.3,3.11,3.06,8,12.824,15.406,83.2,15
2026-08-22T01:42:57,7899.7,39.4,3.11,3.06,8,12.839,15.406,83.3,15
2026-08-22T01:42:59,7901.7,38.8,2.94,3.02,8,12.838,15.406,83.3,15
2026-08-22T01:43:01,7903.7,39.6,2.94,3.02,8,12.842,15.406,83.4,15
2026-08-22T01:43:03,7905.7,37.8,2.78,2.99,8,12.845,15.406,83.4,15
2026-08-22T01:43:05,7907.7,38.1,2.78,2.99,8,12.832,15.406,83.3,15
2026-08-22T01:43:07,7909.7,37.8,2.78,2.99,8,12.83,15.406,83.3,15
2026-08-22T01:43:09,7911.7,36.7,2.96,3.02,8,12.829,15.406,83.3,15
2026-08-22T01:43:11,7913.8,36.0,2.96,3.02,8,12.821,15.406,83.2,15
2026-08-22T01:43:13,7915.8,37.8,3.13,3.06,8,12.823,15.406,83.2,15
2026-08-22T01:43:15,7917.8,37.4,3.13,3.06,8,12.823,15.406,83.2,15
2026-08-22T01:43:17,7919.8,38.2,3.13,3.06,8,12.82,15.406,83.2,15
2026-08-22T01:43:19,7921.8,37.4,3.2,3.07,8,12.817,15.406,83.2,15
2026-08-22T01:43:21,7923.8,31.5,3.2,3.07,8,12.821,15.406,83.2,15
2026-08-22T01:43:23,7925.8,40.5,3.42,3.12,8,12.874,15.406,83.6,15
2026-08-22T01:43:25,7927.8,38.4,3.42,3.12,8,12.894,15.406,83.7,15
2026-08-22T01:43:27,7929.8,38.3,3.42,3.12,8,12.892,15.406,83.7,15
2026-08-22T01:43:29,7931.8,36.0,3.31,3.1,8,12.89,15.406,83.7,15
2026-08-22T01:43:31,7933.8,40.0,3.31,3.1,8,12.855,15.406,83.4,15
2026-08-22T01:43:33,7935.8,36.8,3.12,3.07,8,12.855,15.406,83.4,15
2026-08-22T01:43:35,7937.8,37.0,3.12,3.07,8,12.852,15.406,83.4,15
2026-08-22T01:43:37,7939.8,38.1,3.12,3.07,8,12.847,15.406,83.4,15
2026-08-22T01:43:39,7941.8,37.4,2.95,3.03,8,12.845,15.406,83.4,15
2026-08-22T01:43:41,7943.8,38.5,2.95,3.03,8,12.845,15.406,83.4,15
2026-08-22T01:43:43,7945.8,36.1,2.88,3.02,8,12.834,15.406,83.3,15
2026-08-22T01:43:45,7947.8,37.6,2.88,3.02,8,12.834,15.406,83.3,15
2026-08-22T01:43:47,7949.8,35.4,2.88,3.02,8,12.834,15.406,83.3,15
2026-08-22T01:43:49,7951.8,37.1,3.05,3.05,8,12.835,15.406,83.3,15
2026-08-22T01:43:51,7953.8,37.2,3.05,3.05,8,12.835,15.406,83.3,15
2026-08-22T01:43:53,7955.8,37.6,2.88,3.02,8,12.835,15.406,83.3,15
2026-08-22T01:43:55,7957.8,36.7,2.88,3.02,8,12.835,15.406,83.3,15
2026-08-22T01:43:57,7959.8,39.3,2.88,3.02,8,12.831,15.406,83.3,15
2026-08-22T01:43:59,7961.8,39.2,2.73,2.98,8,12.834,15.406,83.3,15
2026-08-22T01:44:01,7963.8,38.6,2.73,2.98,8,12.85,15.406,83.4,15
2026-08-22T01:44:03,7965.8,37.5,2.59,2.95,8,12.852,15.406,83.4,15
2026-08-22T01:44:05,7967.8,39.3,2.59,2.95,8,12.837,15.406,83.3,15
2026-08-22T01:44:07,7969.8,36.3,2.59,2.95,8,12.819,15.406,83.2,15
2026-08-22T01:44:09,7971.8,37.7,2.78,2.98,8,12.82,15.406,83.2,15
2026-08-22T01:44:11,7973.8,37.7,2.78,2.98,8,12.816,15.406,83.2,15
2026-08-22T01:44:13,7975.8,37.2,2.64,2.95,8,12.808,15.406,83.1,15
2026-08-22T01:44:15,7977.8,38.6,2.64,2.95,8,12.809,15.406,83.1,15
2026-08-22T01:44:17,7979.8,37.2,2.64,2.95,8,12.809,15.406,83.1,15
2026-08-22T01:44:19,7981.8,38.9,2.51,2.92,8,12.8,15.406,83.1,15
2026-08-22T01:44:21,7983.8,36.0,2.51,2.92,8,12.803,15.406,83.1,15
2026-08-22T01:44:23,7985.8,39.5,2.87,2.98,8,12.874,15.406,83.6,15
2026-08-22T01:44:25,7987.8,38.1,2.87,2.98,8,12.899,15.406,83.7,15
2026-08-22T01:44:27,7989.8,37.0,2.87,2.98,8,12.894,15.406,83.7,15
2026-08-22T01:44:29,7991.8,37.6,2.96,3.0,8,12.89,15.406,83.7,15
2026-08-22T01:44:31,7993.8,40.4,2.96,3.0,8,12.868,15.406,83.5,15
2026-08-22T01:44:33,7995.8,37.7,3.12,3.03,8,12.867,15.406,83.5,15
2026-08-22T01:44:35,7997.8,38.2,3.12,3.03,8,12.861,15.406,83.5,15
2026-08-22T01:44:37,7999.8,39.4,3.12,3.03,8,12.858,15.406,83.5,15
2026-08-22T01:44:39,8001.8,36.5,2.95,3.0,8,12.857,15.406,83.5,15
2026-08-22T01:44:41,8003.8,36.2,2.95,3.0,8,12.85,15.406,83.4,15
2026-08-22T01:44:43,8005.8,36.9,3.04,3.02,8,12.849,15.406,83.4,15
2026-08-22T01:44:45,8007.8,37.9,3.04,3.02,8,12.849,15.406,83.4,15
2026-08-22T01:44:47,8009.8,36.5,3.04,3.02,8,12.847,15.406,83.4,15
2026-08-22T01:44:49,8011.8,39.0,2.87,2.98,8,12.846,15.406,83.4,15
2026-08-22T01:44:51,8013.8,37.7,2.87,2.98,8,12.846,15.406,83.4,15
2026-08-22T01:44:53,8015.8,37.5,3.04,3.02,8,12.846,15.406,83.4,15
2026-08-22T01:44:55,8017.8,36.7,3.04,3.02,8,12.85,15.406,83.4,15
2026-08-22T01:44:57,8019.8,39.0,3.04,3.02,8,12.847,15.406,83.4,15
2026-08-22T01:44:59,8021.8,31.0,3.12,3.03,8,12.846,15.406,83.4,15
2026-08-22T01:45:01,8023.8,39.3,3.12,3.03,8,12.857,15.406,83.5,15
2026-08-22T01:45:03,8025.8,38.9,3.19,3.05,8,12.853,15.406,83.4,15
2026-08-22T01:45:05,8027.8,40.3,3.19,3.05,8,12.851,15.406,83.4,15
2026-08-22T01:45:07,8029.8,37.7,3.19,3.05,8,12.85,15.406,83.4,15
2026-08-22T01:45:09,8031.8,37.1,3.02,3.02,8,12.852,15.406,83.4,15
2026-08-22T01:45:11,8033.8,37.5,3.02,3.02,8,12.85,15.406,83.4,15
2026-08-22T01:45:13,8035.8,38.4,2.85,2.98,8,12.833,15.406,83.3,15
2026-08-22T01:45:15,8037.8,36.9,2.85,2.98,8,12.831,15.406,83.3,15
2026-08-22T01:45:17,8039.8,36.2,2.85,2.98,8,12.831,15.406,83.3,15
2026-08-22T01:45:19,8041.8,38.6,3.03,3.02,8,12.832,15.406,83.3,15
2026-08-22T01:45:21,8043.8,37.6,3.03,3.02,8,12.827,15.406,83.3,15
2026-08-22T01:45:23,8045.8,40.5,3.26,3.07,8,12.899,15.406,83.7,15
2026-08-22T01:45:25,8047.8,39.1,3.26,3.07,8,12.917,15.406,83.8,15
2026-08-22T01:45:27,8049.8,38.5,3.26,3.07,8,12.916,15.406,83.8,15
2026-08-22T01:45:29,8051.8,36.9,3.32,3.08,8,12.915,15.406,83.8,15
2026-08-22T01:45:31,8053.8,39.6,3.32,3.08,8,12.904,15.406,83.8,15
2026-08-22T01:45:33,8055.8,34.9,3.14,3.05,8,12.901,15.406,83.7,15
2026-08-22T01:45:35,8057.8,38.5,3.14,3.05,8,12.885,15.406,83.6,15
2026-08-22T01:45:37,8059.8,39.1,3.14,3.05,8,12.883,15.406,83.6,15
2026-08-22T01:45:39,8061.8,38.1,3.29,3.08,8,12.88,15.406,83.6,15
2026-08-22T01:45:41,8063.8,37.5,3.29,3.08,8,12.87,15.406,83.5,15
2026-08-22T01:45:43,8065.8,37.4,3.18,3.06,8,12.87,15.406,83.5,15
2026-08-22T01:45:45,8067.8,38.3,3.18,3.06,8,12.871,15.406,83.5,15
2026-08-22T01:45:47,8069.8,36.8,3.18,3.06,8,12.871,15.406,83.5,15
2026-08-22T01:45:49,8071.8,38.2,3.01,3.03,8,12.871,15.406,83.5,15
2026-08-22T01:45:51,8073.8,35.9,3.01,3.03,8,12.868,15.406,83.5,15
2026-08-22T01:45:53,8075.8,37.0,3.17,3.06,8,12.868,15.406,83.5,15
2026-08-22T01:45:55,8077.8,37.4,3.17,3.06,8,12.864,15.406,83.5,15
2026-08-22T01:45:57,8079.8,39.5,3.17,3.06,8,12.867,15.406,83.5,15
2026-08-22T01:45:59,8081.8,39.3,3.39,3.11,8,12.87,15.406,83.5,15
2026-08-22T01:46:01,8083.8,40.9,3.39,3.11,8,12.907,15.406,83.8,15
2026-08-22T01:46:03,8085.8,39.9,3.68,3.17,8,12.901,15.406,83.7,15
2026-08-22T01:46:05,8087.8,40.9,3.68,3.17,8,12.89,15.406,83.7,15
2026-08-22T01:46:07,8089.8,35.7,3.68,3.17,8,12.887,15.406,83.7,15
2026-08-22T01:46:09,8091.8,38.0,3.71,3.19,8,12.883,15.406,83.6,15
2026-08-22T01:46:11,8093.8,36.6,3.71,3.19,8,12.859,15.406,83.5,15
2026-08-22T01:46:13,8095.8,38.3,3.73,3.2,8,12.868,15.406,83.5,15
2026-08-22T01:46:15,8097.8,39.7,3.73,3.2,8,12.884,15.406,83.6,15
2026-08-22T01:46:17,8099.8,37.2,3.73,3.2,8,12.884,15.406,83.6,15
2026-08-22T01:46:19,8101.8,38.5,3.75,3.21,8,12.862,15.406,83.5,15
2026-08-22T01:46:21,8103.8,38.6,3.75,3.21,8,12.86,15.406,83.5,15
2026-08-22T01:46:23,8105.8,42.7,3.61,3.19,8,12.908,15.406,83.8,15
2026-08-22T01:46:25,8107.8,39.0,3.61,3.19,8,12.922,15.406,83.9,15
2026-08-22T01:46:27,8109.8,36.2,3.61,3.19,8,12.912,15.406,83.8,15
2026-08-22T01:46:29,8111.8,36.5,3.64,3.21,8,12.914,15.406,83.8,15
2026-08-22T01:46:31,8113.8,38.0,3.64,3.21,8,12.905,15.406,83.8,15
2026-08-22T01:46:33,8115.8,37.3,3.51,3.19,8,12.901,15.406,83.7,15
2026-08-22T01:46:35,8117.8,37.8,3.51,3.19,8,12.901,15.406,83.7,15
2026-08-22T01:46:37,8119.8,34.4,3.51,3.19,8,12.884,15.406,83.6,15
2026-08-22T01:46:39,8121.8,36.1,3.31,3.15,8,12.882,15.406,83.6,15
2026-08-22T01:46:41,8123.8,38.2,3.31,3.15,8,12.875,15.406,83.6,15
2026-08-22T01:46:43,8125.8,36.5,3.21,3.13,8,12.874,15.406,83.6,15
2026-08-22T01:46:45,8127.8,36.5,3.21,3.13,8,12.874,15.406,83.6,15
2026-08-22T01:46:47,8129.8,37.0,3.21,3.13,8,12.875,15.406,83.6,15
2026-08-22T01:46:49,8131.8,37.1,3.35,3.16,8,12.869,15.406,83.5,15
2026-08-22T01:46:51,8133.8,37.5,3.35,3.16,8,12.87,15.406,83.5,15
2026-08-22T01:46:53,8135.8,38.3,3.24,3.14,8,12.869,15.406,83.5,15
2026-08-22T01:46:55,8137.8,36.6,3.24,3.14,8,12.861,15.406,83.5,15
2026-08-22T01:46:57,8139.8,39.6,3.24,3.14,8,12.859,15.406,83.5,15
2026-08-22T01:46:59,8141.8,40.8,3.3,3.16,8,12.863,15.406,83.5,15
2026-08-22T01:47:01,8143.8,36.6,3.3,3.16,8,12.863,15.406,83.5,15
2026-08-22T01:47:03,8145.8,36.7,3.52,3.21,8,12.872,15.406,83.6,15
2026-08-22T01:47:05,8147.8,40.3,3.52,3.21,8,12.875,15.406,83.6,15
2026-08-22T01:47:07,8149.8,36.8,3.52,3.21,8,12.873,15.406,83.6,15
2026-08-22T01:47:09,8151.8,38.0,3.4,3.19,8,12.865,15.406,83.5,15
2026-08-22T01:47:11,8153.8,37.3,3.4,3.19,8,12.852,15.406,83.4,15
2026-08-22T01:47:13,8155.8,37.9,3.44,3.2,8,12.853,15.406,83.4,15
2026-08-22T01:47:15,8157.8,37.3,3.44,3.2,8,12.855,15.406,83.4,15
2026-08-22T01:47:17,8159.8,37.6,3.44,3.2,8,12.854,15.406,83.4,15
2026-08-22T01:47:19,8161.8,37.6,3.25,3.16,8,12.856,15.406,83.5,15
2026-08-22T01:47:21,8163.8,36.7,3.25,3.16,8,12.857,15.406,83.5,15
2026-08-22T01:47:23,8165.8,45.1,3.15,3.14,8,12.913,15.406,83.8,15
2026-08-22T01:47:25,8167.8,38.2,3.15,3.14,8,12.918,15.406,83.9,15
2026-08-22T01:47:27,8169.8,36.2,3.15,3.14,8,12.918,15.406,83.9,15
2026-08-22T01:47:29,8171.8,38.4,2.98,3.11,8,12.917,15.406,83.8,15
2026-08-22T01:47:31,8173.8,38.6,2.98,3.11,8,12.894,15.406,83.7,15
2026-08-22T01:47:33,8175.8,38.0,2.98,3.1,8,12.883,15.406,83.6,15
2026-08-22T01:47:35,8177.8,37.2,2.98,3.1,8,12.881,15.406,83.6,15
2026-08-22T01:47:37,8179.8,38.3,2.98,3.1,8,12.869,15.406,83.5,15
2026-08-22T01:47:39,8181.8,37.0,2.82,3.07,8,12.87,15.406,83.5,15
2026-08-22T01:47:41,8183.8,37.7,2.82,3.07,8,12.867,15.406,83.5,15
2026-08-22T01:47:43,8185.8,36.5,2.75,3.05,8,12.867,15.406,83.5,15
2026-08-22T01:47:45,8187.8,37.4,2.75,3.05,8,12.865,15.406,83.5,15
2026-08-22T01:47:47,8189.8,38.4,2.75,3.05,8,12.875,15.406,83.6,15
2026-08-22T01:47:49,8191.8,52.2,2.69,3.03,8,13.097,15.406,85.0,15
2026-08-22T01:47:51,8193.8,42.3,2.69,3.03,8,13.142,15.406,85.3,15
2026-08-22T01:47:53,8195.8,37.3,2.64,3.02,8,13.141,15.406,85.3,15
2026-08-22T01:47:55,8197.8,36.2,2.64,3.02,8,13.139,15.406,85.3,15
2026-08-22T01:47:57,8199.8,37.4,2.64,3.02,8,13.137,15.406,85.3,15
2026-08-22T01:47:59,8201.8,42.2,2.91,3.07,8,13.153,15.406,85.4,15
2026-08-22T01:48:01,8203.8,40.1,2.91,3.07,8,12.921,15.406,83.9,15
2026-08-22T01:48:03,8205.8,38.0,3.0,3.08,8,12.916,15.406,83.8,15
2026-08-22T01:48:05,8207.8,39.7,3.0,3.08,8,12.883,15.406,83.6,15
2026-08-22T01:48:07,8209.8,37.8,3.0,3.08,8,12.882,15.406,83.6,15
2026-08-22T01:48:09,8211.8,36.4,3.08,3.1,8,12.883,15.406,83.6,15
2026-08-22T01:48:11,8213.8,37.1,3.08,3.1,8,12.876,15.406,83.6,15
2026-08-22T01:48:13,8215.8,36.6,3.15,3.11,8,12.875,15.406,83.6,15
2026-08-22T01:48:15,8217.8,36.5,3.15,3.11,8,12.875,15.406,83.6,15
2026-08-22T01:48:17,8219.8,31.9,3.15,3.11,8,12.874,15.406,83.6,15
2026-08-22T01:48:19,8221.8,36.7,3.14,3.11,8,12.866,15.406,83.5,15
2026-08-22T01:48:21,8223.8,38.1,3.14,3.11,8,12.868,15.406,83.5,15
2026-08-22T01:48:23,8225.8,39.1,3.05,3.09,8,12.93,15.406,83.9,15
2026-08-22T01:48:25,8227.8,38.1,3.05,3.09,8,12.949,15.406,84.1,15
2026-08-22T01:48:27,8229.8,37.5,3.05,3.09,8,12.948,15.406,84.1,15
2026-08-22T01:48:29,8231.8,38.7,3.28,3.14,8,12.934,15.406,84.0,15
2026-08-22T01:48:31,8233.8,39.7,3.28,3.14,8,12.937,15.406,84.0,15
2026-08-22T01:48:33,8235.8,36.6,3.34,3.16,8,12.927,15.406,83.9,15
2026-08-22T01:48:35,8237.8,38.9,3.34,3.16,8,12.911,15.406,83.8,15
2026-08-22T01:48:37,8239.8,38.2,3.34,3.16,8,12.91,15.406,83.8,15
2026-08-22T01:48:39,8241.8,37.4,3.15,3.12,8,12.912,15.406,83.8,15
2026-08-22T01:48:41,8243.8,37.1,3.15,3.12,8,12.912,15.406,83.8,15
2026-08-22T01:48:43,8245.8,36.1,3.3,3.15,8,12.902,15.406,83.7,15
2026-08-22T01:48:45,8247.8,37.4,3.3,3.15,8,12.901,15.406,83.7,15
2026-08-22T01:48:47,8249.8,37.2,3.3,3.15,8,12.901,15.406,83.7,15
2026-08-22T01:48:49,8251.8,36.3,3.2,3.13,8,12.901,15.406,83.7,15
2026-08-22T01:48:51,8253.8,36.8,3.2,3.13,8,12.893,15.406,83.7,15
2026-08-22T01:48:53,8255.8,37.8,3.02,3.1,8,12.895,15.406,83.7,15
2026-08-22T01:48:55,8257.8,37.5,3.02,3.1,8,12.894,15.406,83.7,15
2026-08-22T01:48:57,8259.8,37.7,3.02,3.1,8,12.894,15.406,83.7,15
2026-08-22T01:48:59,8261.8,40.4,3.02,3.09,8,12.907,15.406,83.8,15
2026-08-22T01:49:01,8263.8,37.1,3.02,3.09,8,12.906,15.406,83.8,15
2026-08-22T01:49:03,8265.8,38.0,3.02,3.09,8,12.902,15.406,83.7,15
2026-08-22T01:49:05,8267.8,41.0,3.02,3.09,8,12.906,15.406,83.8,15
2026-08-22T01:49:07,8269.8,38.0,3.02,3.09,8,12.891,15.406,83.7,15
2026-08-22T01:49:09,8271.8,38.4,3.18,3.12,8,12.888,15.406,83.7,15
2026-08-22T01:49:11,8273.8,37.1,3.18,3.12,8,12.889,15.406,83.7,15
2026-08-22T01:49:13,8275.8,37.7,3.0,3.09,8,12.89,15.406,83.7,15
2026-08-22T01:49:15,8277.8,36.8,3.0,3.09,8,12.886,15.406,83.6,15
2026-08-22T01:49:17,8279.8,37.4,3.0,3.09,8,12.885,15.406,83.6,15
2026-08-22T01:49:19,8281.8,51.9,3.08,3.1,8,13.154,15.406,85.4,15
2026-08-22T01:49:21,8283.8,54.4,3.08,3.1,8,13.5,15.406,87.6,15
2026-08-22T01:49:23,8285.8,47.3,2.99,3.08,8,13.682,15.406,88.8,15
2026-08-22T01:49:25,8287.8,39.0,2.99,3.08,8,13.694,15.406,88.9,15
2026-08-22T01:49:27,8289.8,36.0,2.99,3.08,8,13.694,15.406,88.9,15
2026-08-22T01:49:29,8291.8,37.1,2.83,3.05,8,13.694,15.406,88.9,15
2026-08-22T01:49:31,8293.8,38.8,2.83,3.05,8,13.681,15.406,88.8,15
2026-08-22T01:49:33,8295.8,37.9,2.93,3.07,8,13.682,15.406,88.8,15
2026-08-22T01:49:35,8297.8,38.7,2.93,3.07,8,13.679,15.406,88.8,15
2026-08-22T01:49:37,8299.8,37.3,2.93,3.07,8,13.679,15.406,88.8,15
2026-08-22T01:49:39,8301.8,36.7,3.01,3.08,8,13.67,15.406,88.7,15
2026-08-22T01:49:41,8303.8,37.1,3.01,3.08,8,13.66,15.406,88.7,15
2026-08-22T01:49:43,8305.8,36.6,2.93,3.06,8,13.657,15.406,88.7,15
2026-08-22T01:49:45,8307.8,37.3,2.93,3.06,8,13.654,15.406,88.6,15
2026-08-22T01:49:47,8309.8,37.0,2.93,3.06,8,13.653,15.406,88.6,15
2026-08-22T01:49:49,8311.8,38.0,3.1,3.1,8,13.647,15.406,88.6,15
2026-08-22T01:49:51,8313.8,37.1,3.1,3.1,8,13.65,15.406,88.6,15
2026-08-22T01:49:53,8315.8,37.3,3.25,3.13,8,13.65,15.406,88.6,15
2026-08-22T01:49:55,8317.8,37.7,3.25,3.13,8,13.649,15.406,88.6,15
2026-08-22T01:49:57,8319.8,36.4,3.25,3.13,8,13.646,15.406,88.6,15
2026-08-22T01:49:59,8321.8,34.0,3.07,3.09,8,13.655,15.406,88.6,15
2026-08-22T01:50:01,8323.8,37.4,3.07,3.09,8,13.656,15.406,88.6,15
2026-08-22T01:50:03,8325.8,36.9,2.98,3.07,8,13.66,15.406,88.7,15
2026-08-22T01:50:05,8327.8,38.7,2.98,3.07,8,13.66,15.406,88.7,15
2026-08-22T01:50:07,8329.8,38.2,2.98,3.07,8,13.661,15.406,88.7,15
2026-08-22T01:50:09,8331.8,39.6,2.83,3.04,8,13.658,15.406,88.7,15
2026-08-22T01:50:11,8333.8,36.7,2.83,3.04,8,13.658,15.406,88.7,15
2026-08-22T01:50:13,8335.8,40.3,2.76,3.02,8,13.636,15.406,88.5,15
2026-08-22T01:50:15,8337.8,37.4,2.76,3.02,8,13.635,15.406,88.5,15
2026-08-22T01:50:17,8339.8,37.8,2.76,3.02,8,13.617,15.406,88.4,15
2026-08-22T01:50:19,8341.8,36.4,2.78,3.02,8,13.616,15.406,88.4,15
2026-08-22T01:50:21,8343.8,36.5,2.78,3.02,8,13.611,15.406,88.3,15
2026-08-22T01:50:23,8345.8,39.8,2.72,3.0,8,13.674,15.406,88.8,15
2026-08-22T01:50:25,8347.8,39.2,2.72,3.0,8,13.691,15.406,88.9,15
2026-08-22T01:50:27,8349.8,37.1,2.72,3.0,8,13.69,15.406,88.9,15
2026-08-22T01:50:29,8351.8,38.1,2.66,2.99,8,13.686,15.406,88.8,15
2026-08-22T01:50:31,8353.8,38.5,2.66,2.99,8,13.663,15.406,88.7,15
2026-08-22T01:50:33,8355.8,36.8,2.69,2.99,8,13.662,15.406,88.7,15
2026-08-22T01:50:35,8357.8,36.9,2.69,2.99,8,13.663,15.406,88.7,15
2026-08-22T01:50:37,8359.8,35.9,2.69,2.99,8,13.657,15.406,88.6,15
2026-08-22T01:50:39,8361.8,36.5,2.95,3.04,8,13.657,15.406,88.6,15
2026-08-22T01:50:41,8363.8,37.5,2.95,3.04,8,13.656,15.406,88.6,15
2026-08-22T01:50:43,8365.8,36.5,2.96,3.04,8,13.65,15.406,88.6,15
2026-08-22T01:50:45,8367.8,36.8,2.96,3.04,8,13.649,15.406,88.6,15
2026-08-22T01:50:47,8369.8,37.0,2.96,3.04,8,13.649,15.406,88.6,15
2026-08-22T01:50:49,8371.8,37.2,3.04,3.05,8,13.647,15.406,88.6,15
2026-08-22T01:50:51,8373.8,38.1,3.04,3.05,8,13.647,15.406,88.6,15
2026-08-22T01:50:53,8375.8,37.0,3.28,3.1,8,13.642,15.406,88.6,15
2026-08-22T01:50:55,8377.8,36.3,3.28,3.1,8,13.641,15.406,88.5,15
2026-08-22T01:50:57,8379.8,36.4,3.28,3.1,8,13.641,15.406,88.5,15
2026-08-22T01:50:59,8381.8,41.3,3.17,3.08,8,13.638,15.406,88.5,15
2026-08-22T01:51:01,8383.8,40.6,3.17,3.08,8,13.637,15.406,88.5,15
2026-08-22T01:51:03,8385.8,40.7,3.32,3.12,8,13.671,15.406,88.7,15
2026-08-22T01:51:05,8387.8,41.4,3.32,3.12,8,13.673,15.406,88.8,15
2026-08-22T01:51:07,8389.8,40.3,3.32,3.12,8,13.643,15.406,88.6,15
2026-08-22T01:51:09,8391.8,37.4,3.38,3.13,8,13.642,15.406,88.6,15
2026-08-22T01:51:11,8393.8,39.3,3.38,3.13,8,13.636,15.406,88.5,15
2026-08-22T01:51:13,8395.8,36.6,3.43,3.15,8,13.63,15.406,88.5,15
2026-08-22T01:51:15,8397.8,38.4,3.43,3.15,8,13.635,15.406,88.5,15
2026-08-22T01:51:17,8399.8,39.3,3.43,3.15,8,13.63,15.406,88.5,15
2026-08-22T01:51:19,8401.8,37.9,3.63,3.19,8,13.631,15.406,88.5,15
2026-08-22T01:51:21,8403.8,38.9,3.63,3.19,8,13.633,15.406,88.5,15
2026-08-22T01:51:23,8405.8,40.6,3.98,3.27,8,13.698,15.406,88.9,15
2026-08-22T01:51:25,8407.8,38.7,3.98,3.27,8,13.723,15.406,89.1,15
2026-08-22T01:51:27,8409.8,37.0,3.98,3.27,8,13.723,15.406,89.1,15
2026-08-22T01:51:29,8411.8,37.6,3.74,3.23,8,13.724,15.406,89.1,15
2026-08-22T01:51:31,8413.8,37.2,3.74,3.23,8,13.698,15.406,88.9,15
2026-08-22T01:51:33,8415.8,36.7,3.84,3.26,8,13.697,15.406,88.9,15
2026-08-22T01:51:35,8417.8,37.4,3.84,3.26,8,13.697,15.406,88.9,15
2026-08-22T01:51:37,8419.8,31.1,3.84,3.26,8,13.697,15.406,88.9,15
2026-08-22T01:51:39,8421.8,37.0,4.02,3.31,8,13.689,15.406,88.9,15
2026-08-22T01:51:41,8423.8,37.9,4.02,3.31,8,13.664,15.406,88.7,15
2026-08-22T01:51:43,8425.8,37.3,3.94,3.31,8,13.663,15.406,88.7,15
2026-08-22T01:51:45,8427.8,37.2,3.94,3.31,8,13.66,15.406,88.7,15
2026-08-22T01:51:47,8429.8,36.3,3.94,3.31,8,13.655,15.406,88.6,15
2026-08-22T01:51:49,8431.8,35.6,3.78,3.28,8,13.654,15.406,88.6,15
2026-08-22T01:51:51,8433.8,36.8,3.78,3.28,8,13.645,15.406,88.6,15
2026-08-22T01:51:53,8435.8,37.4,3.56,3.25,8,13.645,15.406,88.6,15
2026-08-22T01:51:55,8437.8,40.0,3.56,3.25,8,13.646,15.406,88.6,15
2026-08-22T01:51:57,8439.8,37.0,3.56,3.25,8,13.638,15.406,88.5,15
2026-08-22T01:51:59,8441.8,38.8,3.35,3.21,8,13.644,15.406,88.6,15
2026-08-22T01:52:01,8443.8,39.1,3.35,3.21,8,13.643,15.406,88.6,15
2026-08-22T01:52:03,8445.8,39.0,3.24,3.19,8,13.626,15.406,88.4,15
2026-08-22T01:52:05,8447.8,39.4,3.24,3.19,8,13.628,15.406,88.5,15
2026-08-22T01:52:07,8449.8,36.8,3.24,3.19,8,13.626,15.406,88.4,15
2026-08-22T01:52:09,8451.8,36.6,3.22,3.18,8,13.623,15.406,88.4,15
2026-08-22T01:52:11,8453.8,36.9,3.22,3.18,8,13.623,15.406,88.4,15
2026-08-22T01:52:13,8455.8,37.8,3.29,3.2,8,13.624,15.406,88.4,15
2026-08-22T01:52:15,8457.8,36.8,3.29,3.2,8,13.624,15.406,88.4,15
2026-08-22T01:52:17,8459.8,37.8,3.29,3.2,8,13.623,15.406,88.4,15
2026-08-22T01:52:19,8461.8,37.7,3.1,3.16,8,13.622,15.406,88.4,15
2026-08-22T01:52:21,8463.8,38.7,3.1,3.16,8,13.625,15.406,88.4,15
2026-08-22T01:52:23,8465.8,45.1,3.09,3.16,8,13.675,15.406,88.8,15
2026-08-22T01:52:25,8467.8,37.8,3.09,3.16,8,13.681,15.406,88.8,15
2026-08-22T01:52:27,8469.8,36.4,3.09,3.16,8,13.681,15.406,88.8,15
2026-08-22T01:52:29,8471.8,36.8,3.17,3.17,8,13.681,15.406,88.8,15
2026-08-22T01:52:31,8473.8,39.3,3.17,3.17,8,13.658,15.406,88.7,15
2026-08-22T01:52:33,8475.8,38.3,2.99,3.14,8,13.658,15.406,88.7,15
2026-08-22T01:52:35,8477.8,38.3,2.99,3.14,8,13.648,15.406,88.6,15
2026-08-22T01:52:37,8479.8,38.8,2.99,3.14,8,13.639,15.406,88.5,15
2026-08-22T01:52:39,8481.8,37.0,2.91,3.12,8,13.64,15.406,88.5,15
2026-08-22T01:52:41,8483.8,37.9,2.91,3.12,8,13.64,15.406,88.5,15
2026-08-22T01:52:43,8485.8,35.8,3.0,3.13,8,13.639,15.406,88.5,15
2026-08-22T01:52:45,8487.8,36.9,3.0,3.13,8,13.639,15.406,88.5,15
2026-08-22T01:52:47,8489.8,36.3,3.0,3.13,8,13.639,15.406,88.5,15
2026-08-22T01:52:49,8491.8,37.5,3.08,3.15,8,13.639,15.406,88.5,15
2026-08-22T01:52:51,8493.8,36.9,3.08,3.15,8,13.639,15.406,88.5,15
2026-08-22T01:52:53,8495.8,37.8,3.16,3.16,8,13.637,15.406,88.5,15
2026-08-22T01:52:55,8497.8,39.5,3.16,3.16,8,13.643,15.406,88.6,15
2026-08-22T01:52:57,8499.8,37.3,3.16,3.16,8,13.642,15.406,88.6,15
2026-08-22T01:52:59,8501.8,37.8,3.06,3.14,8,13.649,15.406,88.6,15
2026-08-22T01:53:01,8503.8,37.7,3.06,3.14,8,13.649,15.406,88.6,15
2026-08-22T01:53:03,8505.8,37.6,3.06,3.14,8,13.649,15.406,88.6,15
2026-08-22T01:53:05,8507.8,36.9,3.06,3.14,8,13.649,15.406,88.6,15
2026-08-22T01:53:07,8509.8,40.7,3.06,3.14,8,13.649,15.406,88.6,15
2026-08-22T01:53:09,8511.8,37.9,2.89,3.1,8,13.648,15.406,88.6,15
2026-08-22T01:53:11,8513.8,38.9,2.89,3.1,8,13.642,15.406,88.6,15
2026-08-22T01:53:13,8515.8,38.7,2.74,3.07,8,13.634,15.406,88.5,15
2026-08-22T01:53:15,8517.8,32.3,2.74,3.07,8,13.634,15.406,88.5,15
2026-08-22T01:53:17,8519.8,36.5,2.74,3.07,8,13.635,15.406,88.5,15
2026-08-22T01:53:19,8521.8,35.6,2.6,3.03,8,13.634,15.406,88.5,15
2026-08-22T01:53:21,8523.8,36.8,2.6,3.03,8,13.634,15.406,88.5,15
2026-08-22T01:53:23,8525.8,39.7,2.95,3.1,8,13.689,15.406,88.9,15
2026-08-22T01:53:25,8527.8,39.0,2.95,3.1,8,13.693,15.406,88.9,15
2026-08-22T01:53:27,8529.8,37.4,2.95,3.1,8,13.694,15.406,88.9,15
2026-08-22T01:53:29,8531.8,37.8,3.2,3.15,8,13.694,15.406,88.9,15
2026-08-22T01:53:31,8533.8,40.3,3.2,3.15,8,13.673,15.406,88.8,15
2026-08-22T01:53:33,8535.8,39.1,3.18,3.15,8,13.671,15.406,88.7,15
2026-08-22T01:53:35,8537.8,40.2,3.18,3.15,8,13.667,15.406,88.7,15
2026-08-22T01:53:37,8539.8,37.1,3.18,3.15,8,13.668,15.406,88.7,15
2026-08-22T01:53:39,8541.8,36.4,3.25,3.16,8,13.67,15.406,88.7,15
2026-08-22T01:53:41,8543.8,37.2,3.25,3.16,8,13.67,15.406,88.7,15
2026-08-22T01:53:43,8545.8,36.3,3.15,3.14,8,13.673,15.406,88.8,15
2026-08-22T01:53:45,8547.8,37.0,3.15,3.14,8,13.649,15.406,88.6,15
2026-08-22T01:53:47,8549.8,37.2,3.15,3.14,8,13.649,15.406,88.6,15
2026-08-22T01:53:49,8551.8,37.9,3.3,3.17,8,13.65,15.406,88.6,15
2026-08-22T01:53:51,8553.8,36.9,3.3,3.17,8,13.644,15.406,88.6,15
2026-08-22T01:53:53,8555.8,37.7,3.11,3.14,8,13.639,15.406,88.5,15
2026-08-22T01:53:55,8557.8,37.5,3.11,3.14,8,13.649,15.406,88.6,15
2026-08-22T01:53:57,8559.8,37.4,3.11,3.14,8,13.645,15.406,88.6,15
2026-08-22T01:53:59,8561.8,39.8,2.94,3.1,8,13.644,15.406,88.6,15
2026-08-22T01:54:01,8563.9,40.0,2.94,3.1,8,13.646,15.406,88.6,15
2026-08-22T01:54:03,8565.9,37.4,2.79,3.06,8,13.642,15.406,88.6,15
2026-08-22T01:54:05,8567.9,37.3,2.79,3.06,8,13.64,15.406,88.5,15
2026-08-22T01:54:07,8569.9,38.3,2.79,3.06,8,13.639,15.406,88.5,15
2026-08-22T01:54:09,8571.9,37.8,2.72,3.05,8,13.642,15.406,88.6,15
2026-08-22T01:54:11,8573.9,37.3,2.72,3.05,8,13.642,15.406,88.5,15
2026-08-22T01:54:13,8575.9,36.8,2.67,3.03,8,13.641,15.406,88.5,15
2026-08-22T01:54:15,8577.9,36.2,2.67,3.03,8,13.638,15.406,88.5,15
2026-08-22T01:54:17,8579.9,37.8,2.67,3.03,8,13.638,15.406,88.5,15
2026-08-22T01:54:19,8581.9,37.7,2.61,3.01,8,13.634,15.406,88.5,15
2026-08-22T01:54:21,8583.9,36.6,2.61,3.01,8,13.638,15.406,88.5,15
2026-08-22T01:54:23,8585.9,40.9,2.64,3.01,8,13.696,15.406,88.9,15
2026-08-22T01:54:25,8587.9,38.7,2.64,3.01,8,13.709,15.406,89.0,15
2026-08-22T01:54:27,8589.9,37.0,2.64,3.01,8,13.709,15.406,89.0,15
2026-08-22T01:54:29,8591.9,37.7,2.83,3.04,8,13.696,15.406,88.9,15
2026-08-22T01:54:31,8593.9,40.1,2.83,3.04,8,13.663,15.406,88.7,15
2026-08-22T01:54:33,8595.9,35.8,2.93,3.06,8,13.661,15.406,88.7,15
2026-08-22T01:54:35,8597.9,39.9,2.93,3.06,8,13.657,15.406,88.6,15
2026-08-22T01:54:37,8599.9,37.2,2.93,3.06,8,13.655,15.406,88.6,15
2026-08-22T01:54:39,8601.9,37.2,2.77,3.03,8,13.655,15.406,88.6,15
2026-08-22T01:54:41,8603.9,36.8,2.77,3.03,8,13.65,15.406,88.6,15
2026-08-22T01:54:43,8605.9,37.3,2.63,2.99,8,13.649,15.406,88.6,15
2026-08-22T01:54:45,8607.9,36.9,2.63,2.99,8,13.647,15.406,88.6,15
2026-08-22T01:54:47,8609.9,36.7,2.63,2.99,8,13.647,15.406,88.6,15
2026-08-22T01:54:49,8611.9,36.7,2.5,2.96,8,13.645,15.406,88.6,15
2026-08-22T01:54:51,8613.9,37.7,2.5,2.96,8,13.646,15.406,88.6,15
2026-08-22T01:54:53,8615.9,33.9,2.78,3.01,8,13.642,15.406,88.6,15
2026-08-22T01:54:55,8617.9,35.2,2.78,3.01,8,13.645,15.406,88.6,15
2026-08-22T01:54:57,8619.9,38.6,2.78,3.01,8,13.651,15.406,88.6,15
2026-08-22T01:54:59,8621.9,36.0,2.64,2.98,8,13.651,15.406,88.6,15
2026-08-22T01:55:01,8623.9,41.5,2.64,2.98,8,13.653,15.406,88.6,15
2026-08-22T01:55:03,8625.9,37.5,2.5,2.94,8,13.653,15.406,88.6,15
2026-08-22T01:55:05,8627.9,40.0,2.5,2.94,8,13.644,15.406,88.6,15
2026-08-22T01:55:07,8629.9,38.1,2.5,2.94,8,13.648,15.406,88.6,15
2026-08-22T01:55:09,8631.9,36.1,2.62,2.96,8,13.648,15.406,88.6,15
2026-08-22T01:55:11,8633.9,36.9,2.62,2.96,8,13.649,15.406,88.6,15
2026-08-22T01:55:13,8635.9,37.0,3.22,3.08,8,13.653,15.406,88.6,15
2026-08-22T01:55:15,8637.9,37.4,3.22,3.08,8,13.653,15.406,88.6,15
2026-08-22T01:55:17,8639.9,36.4,3.22,3.08,8,13.648,15.406,88.6,15
2026-08-22T01:55:19,8641.9,36.3,3.04,3.04,8,13.648,15.406,88.6,15
2026-08-22T01:55:21,8643.9,37.5,3.04,3.04,8,13.646,15.406,88.6,15
2026-08-22T01:55:23,8645.9,41.3,3.03,3.04,8,13.696,15.406,88.9,15
2026-08-22T01:55:25,8647.9,39.9,3.03,3.04,8,13.721,15.406,89.1,15
2026-08-22T01:55:27,8649.9,36.1,3.03,3.04,8,13.72,15.406,89.1,15
2026-08-22T01:55:29,8651.9,37.3,3.27,3.09,8,13.721,15.406,89.1,15
2026-08-22T01:55:31,8653.9,39.3,3.27,3.09,8,13.701,15.406,88.9,15
2026-08-22T01:55:33,8655.9,37.7,3.09,3.06,8,13.702,15.406,88.9,15
2026-08-22T01:55:35,8657.9,38.0,3.09,3.06,8,13.687,15.406,88.8,15
2026-08-22T01:55:37,8659.9,37.6,3.09,3.06,8,13.681,15.406,88.8,15
2026-08-22T01:55:39,8661.9,38.4,2.92,3.02,8,13.676,15.406,88.8,15
2026-08-22T01:55:41,8663.9,37.0,2.92,3.02,8,13.67,15.406,88.7,15
2026-08-22T01:55:43,8665.9,38.0,2.85,3.0,8,13.671,15.406,88.7,15
2026-08-22T01:55:45,8667.9,36.2,2.85,3.0,8,13.669,15.406,88.7,15
2026-08-22T01:55:47,8669.9,36.2,2.85,3.0,8,13.671,15.406,88.7,15
2026-08-22T01:55:49,8671.9,37.7,2.7,2.97,8,13.666,15.406,88.7,15
2026-08-22T01:55:51,8673.9,38.1,2.7,2.97,8,13.664,15.406,88.7,15
2026-08-22T01:55:53,8675.9,37.8,2.8,2.99,8,13.662,15.406,88.7,15
2026-08-22T01:55:55,8677.9,36.5,2.8,2.99,8,13.662,15.406,88.7,15
2026-08-22T01:55:57,8679.9,37.9,2.8,2.99,8,13.661,15.406,88.7,15
2026-08-22T01:55:59,8681.9,37.4,2.66,2.96,8,13.661,15.406,88.7,15
2026-08-22T01:56:01,8683.9,41.1,2.66,2.96,8,13.67,15.406,88.7,15
2026-08-22T01:56:03,8685.9,36.2,2.53,2.92,8,13.696,15.406,88.9,15
2026-08-22T01:56:05,8687.9,42.6,2.53,2.92,8,13.684,15.406,88.8,15
2026-08-22T01:56:07,8689.9,38.5,2.53,2.92,8,13.68,15.406,88.8,15
2026-08-22T01:56:09,8691.9,39.9,2.48,2.91,8,13.669,15.406,88.7,15
2026-08-22T01:56:11,8693.9,37.1,2.48,2.91,8,13.669,15.406,88.7,15
2026-08-22T01:56:13,8695.9,38.0,2.61,2.93,8,13.671,15.406,88.7,15
2026-08-22T01:56:15,8697.9,38.2,2.61,2.93,8,13.689,15.406,88.9,15
2026-08-22T01:56:17,8699.9,36.8,2.61,2.93,8,13.689,15.406,88.9,15
2026-08-22T01:56:19,8701.9,37.1,2.48,2.89,8,13.689,15.406,88.9,15
2026-08-22T01:56:21,8703.9,36.0,2.48,2.89,8,13.691,15.406,88.9,15
2026-08-22T01:56:23,8705.9,39.9,2.52,2.9,8,13.739,15.406,89.2,15
2026-08-22T01:56:25,8707.9,38.4,2.52,2.9,8,13.767,15.406,89.4,15
2026-08-22T01:56:27,8709.9,38.4,2.52,2.9,8,13.766,15.406,89.4,15
2026-08-22T01:56:29,8711.9,36.9,2.64,2.91,8,13.766,15.406,89.4,15
2026-08-22T01:56:31,8713.9,35.5,2.64,2.91,8,13.752,15.406,89.3,15
2026-08-22T01:56:33,8715.9,34.7,2.75,2.93,8,13.753,15.406,89.3,15
2026-08-22T01:56:35,8717.9,36.6,2.75,2.93,8,13.739,15.406,89.2,15
2026-08-22T01:56:37,8719.9,38.5,2.75,2.93,8,13.727,15.406,89.1,15
2026-08-22T01:56:39,8721.9,36.2,2.61,2.9,8,13.725,15.406,89.1,15
2026-08-22T01:56:41,8723.9,36.5,2.61,2.9,8,13.725,15.406,89.1,15
2026-08-22T01:56:43,8725.9,38.6,2.72,2.92,8,13.721,15.406,89.1,15
2026-08-22T01:56:45,8727.9,36.9,2.72,2.92,8,13.721,15.406,89.1,15
2026-08-22T01:56:47,8729.9,38.9,2.72,2.92,8,13.721,15.406,89.1,15
2026-08-22T01:56:49,8731.9,36.7,2.58,2.89,8,13.719,15.406,89.1,15
2026-08-22T01:56:51,8733.9,37.7,2.58,2.89,8,13.718,15.406,89.0,15
2026-08-22T01:56:53,8735.9,36.3,2.61,2.89,8,13.693,15.406,88.9,15
2026-08-22T01:56:55,8737.9,36.6,2.61,2.89,8,13.693,15.406,88.9,15
2026-08-22T01:56:57,8739.9,38.4,2.61,2.89,8,13.7,15.406,88.9,15
2026-08-22T01:56:59,8741.9,36.1,2.57,2.87,8,13.7,15.406,88.9,15
2026-08-22T01:57:01,8743.9,40.1,2.57,2.87,8,13.702,15.406,88.9,15
2026-08-22T01:57:03,8745.9,37.4,2.68,2.89,8,13.702,15.406,88.9,15
2026-08-22T01:57:05,8747.9,40.1,2.68,2.89,8,13.702,15.406,88.9,15
2026-08-22T01:57:07,8749.9,38.7,2.68,2.89,8,13.703,15.406,89.0,15
2026-08-22T01:57:09,8751.9,39.6,2.71,2.89,8,13.696,15.406,88.9,15
2026-08-22T01:57:11,8753.9,36.7,2.71,2.89,8,13.691,15.406,88.9,15
2026-08-22T01:57:13,8755.9,37.2,2.57,2.86,8,13.691,15.406,88.9,15
2026-08-22T01:57:15,8757.9,37.1,2.57,2.86,8,13.691,15.406,88.9,15
2026-08-22T01:57:17,8759.9,37.1,2.57,2.86,8,13.687,15.406,88.8,15
2026-08-22T01:57:19,8761.9,38.3,2.44,2.83,8,13.682,15.406,88.8,15
2026-08-22T01:57:21,8763.9,38.0,2.44,2.83,8,13.689,15.406,88.9,15
2026-08-22T01:57:23,8765.9,44.4,2.57,2.85,8,13.744,15.406,89.2,15
2026-08-22T01:57:25,8767.9,38.2,2.57,2.85,8,13.752,15.406,89.3,15
2026-08-22T01:57:27,8769.9,37.3,2.57,2.85,8,13.753,15.406,89.3,15
2026-08-22T01:57:29,8771.9,36.3,3.0,2.94,8,13.752,15.406,89.3,15
2026-08-22T01:57:31,8773.9,39.6,3.0,2.94,8,13.732,15.406,89.1,15
2026-08-22T01:57:33,8775.9,36.2,3.08,2.95,8,13.728,15.406,89.1,15
2026-08-22T01:57:35,8777.9,37.4,3.08,2.95,8,13.723,15.406,89.1,15
2026-08-22T01:57:37,8779.9,40.2,3.08,2.95,8,13.707,15.406,89.0,15
2026-08-22T01:57:39,8781.9,37.5,3.0,2.94,8,13.708,15.406,89.0,15
2026-08-22T01:57:41,8783.9,37.5,3.0,2.94,8,13.702,15.406,88.9,15
2026-08-22T01:57:43,8785.9,37.4,2.84,2.91,8,13.702,15.406,88.9,15
2026-08-22T01:57:45,8787.9,37.0,2.84,2.91,8,13.703,15.406,88.9,15
2026-08-22T01:57:47,8789.9,37.1,2.84,2.91,8,13.703,15.406,88.9,15
2026-08-22T01:57:49,8791.9,38.1,2.93,2.92,8,13.692,15.406,88.9,15
2026-08-22T01:57:51,8793.9,35.6,2.93,2.92,8,13.691,15.406,88.9,15
2026-08-22T01:57:53,8795.9,39.1,3.02,2.94,8,13.692,15.406,88.9,15
2026-08-22T01:57:55,8797.9,37.3,3.02,2.94,8,13.692,15.406,88.9,15
2026-08-22T01:57:57,8799.9,38.7,3.02,2.94,8,13.69,15.406,88.9,15
2026-08-22T01:57:59,8801.9,38.5,2.93,2.93,8,13.684,15.406,88.8,15
2026-08-22T01:58:01,8803.9,41.8,2.93,2.93,8,13.699,15.406,88.9,15
2026-08-22T01:58:03,8805.9,37.6,2.94,2.93,8,13.697,15.406,88.9,15
2026-08-22T01:58:05,8807.9,39.1,2.94,2.93,8,13.69,15.406,88.9,15
2026-08-22T01:58:07,8809.9,38.1,2.94,2.93,8,13.681,15.406,88.8,15
2026-08-22T01:58:09,8811.9,35.0,2.94,2.93,8,13.683,15.406,88.8,15
2026-08-22T01:58:11,8813.9,31.2,2.94,2.93,8,13.683,15.406,88.8,15
2026-08-22T01:58:13,8815.9,37.4,3.03,2.95,8,13.683,15.406,88.8,15
2026-08-22T01:58:15,8817.9,37.4,3.03,2.95,8,13.683,15.406,88.8,15
2026-08-22T01:58:18,8819.9,39.4,3.03,2.95,8,13.683,15.406,88.8,15
2026-08-22T01:58:20,8821.9,38.2,3.35,3.01,8,13.683,15.406,88.8,15
2026-08-22T01:58:22,8823.9,38.8,3.35,3.01,8,13.687,15.406,88.8,15
2026-08-22T01:58:24,8825.9,40.2,3.4,3.03,8,13.73,15.406,89.1,15
2026-08-22T01:58:26,8827.9,39.4,3.4,3.03,8,13.751,15.406,89.3,15
2026-08-22T01:58:28,8829.9,35.3,3.4,3.03,8,13.747,15.406,89.2,15
2026-08-22T01:58:30,8831.9,37.7,3.45,3.05,8,13.747,15.406,89.2,15
2026-08-22T01:58:32,8833.9,39.7,3.45,3.05,8,13.713,15.406,89.0,15
2026-08-22T01:58:34,8835.9,36.9,3.25,3.01,8,13.709,15.406,89.0,15
2026-08-22T01:58:36,8837.9,39.7,3.25,3.01,8,13.699,15.406,88.9,15
2026-08-22T01:58:38,8839.9,38.3,3.25,3.01,8,13.701,15.406,88.9,15
2026-08-22T01:58:40,8841.9,37.8,3.23,3.01,8,13.706,15.406,89.0,15
2026-08-22T01:58:42,8843.9,38.3,3.23,3.01,8,13.703,15.406,88.9,15
2026-08-22T01:58:44,8845.9,35.8,3.21,3.01,8,13.702,15.406,88.9,15
2026-08-22T01:58:46,8847.9,35.0,3.21,3.01,8,13.694,15.406,88.9,15
2026-08-22T01:58:48,8849.9,37.9,3.21,3.01,8,13.694,15.406,88.9,15
2026-08-22T01:58:50,8851.9,37.2,3.76,3.13,8,13.695,15.406,88.9,15
2026-08-22T01:58:52,8853.9,37.2,3.76,3.13,8,13.695,15.406,88.9,15
2026-08-22T01:58:54,8855.9,38.8,3.54,3.09,8,13.694,15.406,88.9,15
2026-08-22T01:58:56,8857.9,37.2,3.54,3.09,8,13.692,15.406,88.9,15
2026-08-22T01:58:58,8859.9,39.6,3.54,3.09,8,13.692,15.406,88.9,15
2026-08-22T01:59:00,8861.9,39.0,3.41,3.07,8,13.701,15.406,88.9,15
2026-08-22T01:59:02,8863.9,39.4,3.41,3.07,8,13.709,15.406,89.0,15
2026-08-22T01:59:04,8865.9,36.5,3.46,3.09,8,13.707,15.406,89.0,15
2026-08-22T01:59:06,8867.9,38.4,3.46,3.09,8,13.708,15.406,89.0,15
2026-08-22T01:59:08,8869.9,40.2,3.46,3.09,8,13.684,15.406,88.8,15
2026-08-22T01:59:10,8871.9,37.9,3.5,3.1,8,13.679,15.406,88.8,15
2026-08-22T01:59:12,8873.9,37.6,3.5,3.1,8,13.68,15.406,88.8,15
2026-08-22T01:59:14,8875.9,38.4,3.38,3.09,8,13.681,15.406,88.8,15
2026-08-22T01:59:16,8877.9,36.3,3.38,3.09,8,13.681,15.406,88.8,15
2026-08-22T01:59:18,8879.9,38.2,3.38,3.09,8,13.681,15.406,88.8,15
2026-08-22T01:59:20,8881.9,35.9,3.19,3.05,8,13.68,15.406,88.8,15
2026-08-22T01:59:22,8883.9,36.5,3.19,3.05,8,13.681,15.406,88.8,15
2026-08-22T01:59:24,8885.9,40.3,3.42,3.1,8,13.743,15.406,89.2,15
2026-08-22T01:59:26,8887.9,39.1,3.42,3.1,8,13.762,15.406,89.3,15
2026-08-22T01:59:28,8889.9,37.1,3.42,3.1,8,13.762,15.406,89.3,15
2026-08-22T01:59:30,8891.9,36.6,3.22,3.07,8,13.762,15.406,89.3,15
2026-08-22T01:59:32,8893.9,39.5,3.22,3.07,8,13.762,15.406,89.3,15
2026-08-22T01:59:34,8895.9,37.2,3.12,3.05,8,13.759,15.406,89.3,15
2026-08-22T01:59:36,8897.9,38.8,3.12,3.05,8,13.738,15.406,89.2,15
2026-08-22T01:59:38,8899.9,36.6,3.12,3.05,8,13.73,15.406,89.1,15
2026-08-22T01:59:40,8901.9,36.9,3.2,3.06,8,13.73,15.406,89.1,15
2026-08-22T01:59:42,8903.9,37.6,3.2,3.06,8,13.73,15.406,89.1,15
2026-08-22T01:59:44,8905.9,37.2,3.42,3.11,8,13.721,15.406,89.1,15
2026-08-22T01:59:46,8907.9,39.1,3.42,3.11,8,13.715,15.406,89.0,15
2026-08-22T01:59:48,8909.9,37.1,3.42,3.11,8,13.715,15.406,89.0,15
2026-08-22T01:59:50,8911.9,31.9,3.23,3.08,8,13.717,15.406,89.0,15
2026-08-22T01:59:52,8913.9,36.8,3.23,3.08,8,13.712,15.406,89.0,15
2026-08-22T01:59:54,8915.9,37.9,3.29,3.09,8,13.711,15.406,89.0,15
2026-08-22T01:59:56,8917.9,35.6,3.29,3.09,8,13.711,15.406,89.0,15
2026-08-22T01:59:58,8919.9,38.4,3.29,3.09,8,13.71,15.406,89.0,15
2026-08-22T02:00:00,8921.9,38.0,3.1,3.06,8,13.711,15.406,89.0,15
2026-08-22T02:00:02,8923.9,42.0,3.1,3.06,8,13.717,15.406,89.0,15
2026-08-22T02:00:04,8925.9,37.9,2.94,3.02,8,13.719,15.406,89.1,15
2026-08-22T02:00:06,8927.9,37.0,2.94,3.02,8,13.719,15.406,89.1,15
2026-08-22T02:00:08,8929.9,39.9,2.94,3.02,8,13.709,15.406,89.0,15
2026-08-22T02:00:10,8931.9,38.5,2.78,2.99,8,13.708,15.406,89.0,15
2026-08-22T02:00:12,8933.9,36.9,2.78,2.99,8,13.708,15.406,89.0,15
2026-08-22T02:00:14,8935.9,37.6,2.8,2.99,8,13.708,15.406,89.0,15
2026-08-22T02:00:16,8937.9,36.8,2.8,2.99,8,13.706,15.406,89.0,15
2026-08-22T02:00:18,8939.9,36.8,2.8,2.99,8,13.703,15.406,88.9,15
2026-08-22T02:00:20,8941.9,36.5,2.98,3.02,8,13.703,15.406,88.9,15
2026-08-22T02:00:22,8943.9,37.7,2.98,3.02,8,13.704,15.406,89.0,15
2026-08-22T02:00:24,8945.9,40.9,2.82,2.99,8,13.78,15.406,89.4,15
2026-08-22T02:00:26,8947.9,39.3,2.82,2.99,8,13.803,15.406,89.6,15
2026-08-22T02:00:28,8949.9,37.3,2.82,2.99,8,13.797,15.406,89.6,15
2026-08-22T02:00:30,8951.9,36.4,2.67,2.96,8,13.794,15.406,89.5,15
2026-08-22T02:00:32,8953.9,38.1,2.67,2.96,8,13.787,15.406,89.5,15
2026-08-22T02:00:34,8955.9,37.4,2.62,2.94,8,13.78,15.406,89.5,15
2026-08-22T02:00:36,8957.9,38.6,2.62,2.94,8,13.765,15.406,89.4,15
2026-08-22T02:00:38,8959.9,36.7,2.62,2.94,8,13.761,15.406,89.3,15
2026-08-22T02:00:40,8961.9,37.6,2.49,2.91,8,13.76,15.406,89.3,15
2026-08-22T02:00:42,8963.9,37.3,2.49,2.91,8,13.758,15.406,89.3,15
2026-08-22T02:00:44,8965.9,38.0,2.37,2.88,8,13.752,15.406,89.3,15
2026-08-22T02:00:46,8967.9,38.9,2.37,2.88,8,13.75,15.406,89.3,15
2026-08-22T02:00:48,8969.9,36.6,2.37,2.88,8,13.75,15.406,89.3,15
2026-08-22T02:00:50,8971.9,37.4,2.26,2.85,8,13.745,15.406,89.2,15
2026-08-22T02:00:52,8973.9,36.8,2.26,2.85,8,13.745,15.406,89.2,15
2026-08-22T02:00:54,8975.9,37.1,2.4,2.87,8,13.738,15.406,89.2,15
2026-08-22T02:00:56,8977.9,35.5,2.4,2.87,8,13.738,15.406,89.2,15
2026-08-22T02:00:58,8979.9,36.7,2.4,2.87,8,13.738,15.406,89.2,15
2026-08-22T02:01:00,8981.9,39.1,2.29,2.83,8,13.74,15.406,89.2,15
2026-08-22T02:01:02,8983.9,41.5,2.29,2.83,8,13.748,15.406,89.2,15
2026-08-22T02:01:04,8985.9,39.2,2.26,2.82,8,13.774,15.406,89.4,15
2026-08-22T02:01:06,8987.9,40.2,2.26,2.82,8,13.784,15.406,89.5,15
2026-08-22T02:01:08,8989.9,39.3,2.26,2.82,8,13.768,15.406,89.4,15
2026-08-22T02:01:10,8991.9,38.3,2.16,2.79,8,13.761,15.406,89.3,15
2026-08-22T02:01:12,8993.9,38.3,2.16,2.79,8,13.75,15.406,89.3,15
2026-08-22T02:01:14,8995.9,38.2,2.55,2.86,8,13.747,15.406,89.2,15
2026-08-22T02:01:16,8997.9,37.6,2.55,2.86,8,13.713,15.406,89.0,15
2026-08-22T02:01:18,8999.9,37.4,2.55,2.86,8,13.709,15.406,89.0,15
2026-08-22T02:01:20,9001.9,38.1,2.75,2.9,8,13.713,15.406,89.0,15
2026-08-22T02:01:22,9003.9,36.7,2.75,2.9,8,13.724,15.406,89.1,15
2026-08-22T02:01:24,9005.9,41.3,2.6,2.86,8,13.786,15.406,89.5,15
2026-08-22T02:01:26,9007.9,37.6,2.6,2.86,8,13.797,15.406,89.6,15
2026-08-22T02:01:28,9009.9,29.9,2.6,2.86,8,13.792,15.406,89.5,15
2026-08-22T02:01:30,9011.9,36.2,2.72,2.88,8,13.791,15.406,89.5,15
2026-08-22T02:01:32,9013.9,39.8,2.72,2.88,8,13.767,15.406,89.4,15
2026-08-22T02:01:34,9015.9,36.5,2.82,2.9,8,13.765,15.406,89.3,15
2026-08-22T02:01:36,9017.9,36.9,2.82,2.9,8,13.763,15.406,89.3,15
2026-08-22T02:01:38,9019.9,37.2,2.82,2.9,8,13.762,15.406,89.3,15
2026-08-22T02:01:40,9021.9,36.9,2.91,2.92,8,13.76,15.406,89.3,15
2026-08-22T02:01:42,9023.9,37.7,2.91,2.92,8,13.76,15.406,89.3,15
2026-08-22T02:01:44,9025.9,36.3,3.08,2.95,8,13.755,15.406,89.3,15
2026-08-22T02:01:46,9027.9,37.2,3.08,2.95,8,13.755,15.406,89.3,15
2026-08-22T02:01:48,9029.9,37.5,3.08,2.95,8,13.755,15.406,89.3,15
2026-08-22T02:01:50,9031.9,37.5,3.0,2.94,8,13.755,15.406,89.3,15
2026-08-22T02:01:52,9033.9,37.4,3.0,2.94,8,13.755,15.406,89.3,15
2026-08-22T02:01:54,9035.9,36.4,3.16,2.97,8,13.752,15.406,89.3,15
2026-08-22T02:01:56,9037.9,36.8,3.16,2.97,8,13.754,15.406,89.3,15
2026-08-22T02:01:58,9039.9,37.9,3.16,2.97,8,13.754,15.406,89.3,15
2026-08-22T02:02:00,9041.9,38.5,3.54,3.06,8,13.757,15.406,89.3,15
2026-08-22T02:02:02,9043.9,40.9,3.54,3.06,8,13.76,15.406,89.3,15
2026-08-22T02:02:04,9045.9,37.5,3.58,3.07,8,13.757,15.406,89.3,15
2026-08-22T02:02:06,9047.9,36.9,3.58,3.07,8,13.758,15.406,89.3,15
2026-08-22T02:02:08,9049.9,40.5,3.58,3.07,8,13.742,15.406,89.2,15
2026-08-22T02:02:10,9051.9,38.6,3.61,3.09,8,13.742,15.406,89.2,15
2026-08-22T02:02:12,9053.9,38.6,3.61,3.09,8,13.737,15.406,89.2,15
2026-08-22T02:02:14,9055.9,36.1,3.56,3.09,8,13.738,15.406,89.2,15
2026-08-22T02:02:16,9057.9,36.8,3.56,3.09,8,13.738,15.406,89.2,15
2026-08-22T02:02:18,9059.9,38.3,3.56,3.09,8,13.738,15.406,89.2,15
2026-08-22T02:02:20,9061.9,36.4,3.44,3.07,8,13.738,15.406,89.2,15
2026-08-22T02:02:22,9063.9,38.2,3.44,3.07,8,13.728,15.406,89.1,15
2026-08-22T02:02:24,9065.9,45.6,3.32,3.05,8,13.767,15.406,89.4,15
2026-08-22T02:02:26,9067.9,38.6,3.32,3.05,8,13.78,15.406,89.4,15
2026-08-22T02:02:28,9069.9,37.8,3.32,3.05,8,13.774,15.406,89.4,15
2026-08-22T02:02:30,9071.9,36.5,3.38,3.07,8,13.774,15.406,89.4,15
2026-08-22T02:02:32,9073.9,38.8,3.38,3.07,8,13.764,15.406,89.3,15
2026-08-22T02:02:34,9075.9,37.0,3.51,3.1,8,13.764,15.406,89.3,15
2026-08-22T02:02:36,9077.9,39.9,3.51,3.1,8,13.747,15.406,89.2,15
2026-08-22T02:02:38,9079.9,36.4,3.51,3.1,8,13.747,15.406,89.2,15
2026-08-22T02:02:40,9081.9,36.8,3.31,3.06,8,13.738,15.406,89.2,15
2026-08-22T02:02:42,9083.9,37.0,3.31,3.06,8,13.74,15.406,89.2,15
2026-08-22T02:02:44,9085.9,37.4,3.52,3.11,8,13.735,15.406,89.2,15
2026-08-22T02:02:46,9087.9,37.1,3.52,3.11,8,13.735,15.406,89.2,15
2026-08-22T02:02:48,9089.9,37.1,3.52,3.11,8,13.734,15.406,89.2,15
2026-08-22T02:02:50,9091.9,37.4,3.48,3.11,8,13.731,15.406,89.1,15
2026-08-22T02:02:52,9093.9,36.0,3.48,3.11,8,13.731,15.406,89.1,15
2026-08-22T02:02:54,9095.9,38.1,3.52,3.13,8,13.73,15.406,89.1,15
2026-08-22T02:02:56,9097.9,37.2,3.52,3.13,8,13.728,15.406,89.1,15
2026-08-22T02:02:58,9099.9,36.9,3.52,3.13,8,13.73,15.406,89.1,15
2026-08-22T02:03:00,9101.9,40.0,3.32,3.09,8,13.738,15.406,89.2,15
2026-08-22T02:03:02,9103.9,38.7,3.32,3.09,8,13.741,15.406,89.2,15
2026-08-22T02:03:04,9105.9,40.4,3.13,3.05,8,13.739,15.406,89.2,15
2026-08-22T02:03:06,9107.9,30.2,3.13,3.05,8,13.732,15.406,89.1,15
2026-08-22T02:03:08,9109.9,39.5,3.13,3.05,8,13.726,15.406,89.1,15
2026-08-22T02:03:10,9111.9,38.2,3.2,3.07,8,13.725,15.406,89.1,15
2026-08-22T02:03:12,9113.9,37.2,3.2,3.07,8,13.723,15.406,89.1,15
2026-08-22T02:03:14,9115.9,37.1,3.27,3.09,8,13.723,15.406,89.1,15
2026-08-22T02:03:16,9117.9,37.1,3.27,3.09,8,13.724,15.406,89.1,15
2026-08-22T02:03:18,9119.9,37.9,3.27,3.09,8,13.722,15.406,89.1,15
2026-08-22T02:03:20,9121.9,38.1,3.17,3.07,8,13.719,15.406,89.1,15
2026-08-22T02:03:22,9123.9,37.3,3.17,3.07,8,13.722,15.406,89.1,15
2026-08-22T02:03:24,9125.9,40.9,3.23,3.08,8,13.782,15.406,89.5,15
2026-08-22T02:03:26,9127.9,39.2,3.23,3.08,8,13.803,15.406,89.6,15
2026-08-22T02:03:28,9129.9,38.1,3.23,3.08,8,13.802,15.406,89.6,15
2026-08-22T02:03:30,9131.9,37.1,3.13,3.07,8,13.806,15.406,89.6,15
2026-08-22T02:03:32,9133.9,38.1,3.13,3.07,8,13.785,15.406,89.5,15
2026-08-22T02:03:34,9135.9,38.5,3.04,3.05,8,13.785,15.406,89.5,15
2026-08-22T02:03:36,9137.9,38.9,3.04,3.05,8,13.777,15.406,89.4,15
2026-08-22T02:03:38,9139.9,38.8,3.04,3.05,8,13.782,15.406,89.5,15
2026-08-22T02:03:40,9141.9,37.5,3.12,3.06,8,13.779,15.406,89.4,15
2026-08-22T02:03:42,9143.9,36.9,3.12,3.06,8,13.767,15.406,89.4,15
2026-08-22T02:03:44,9145.9,38.1,3.19,3.08,8,13.764,15.406,89.3,15
2026-08-22T02:03:46,9147.9,36.7,3.19,3.08,8,13.765,15.406,89.3,15
2026-08-22T02:03:48,9149.9,36.8,3.19,3.08,8,13.765,15.406,89.3,15
2026-08-22T02:03:50,9151.9,36.0,3.34,3.11,8,13.763,15.406,89.3,15
2026-08-22T02:03:52,9153.9,36.5,3.34,3.11,8,13.757,15.406,89.3,15
2026-08-22T02:03:54,9155.9,37.7,3.39,3.13,8,13.757,15.406,89.3,15
2026-08-22T02:03:56,9157.9,38.6,3.39,3.13,8,13.78,15.406,89.4,15
2026-08-22T02:03:58,9159.9,37.0,3.39,3.13,8,13.78,15.406,89.4,15
2026-08-22T02:04:00,9161.9,38.7,3.2,3.09,8,13.781,15.406,89.5,15
2026-08-22T02:04:02,9163.9,39.4,3.2,3.09,8,13.783,15.406,89.5,15
2026-08-22T02:04:04,9165.9,40.1,3.1,3.07,8,13.785,15.406,89.5,15
2026-08-22T02:04:06,9167.9,36.3,3.1,3.07,8,13.783,15.406,89.5,15
2026-08-22T02:04:08,9169.9,37.7,3.1,3.07,8,13.767,15.406,89.4,15
2026-08-22T02:04:10,9171.9,38.6,3.41,3.14,8,13.765,15.406,89.4,15
2026-08-22T02:04:12,9173.9,37.1,3.41,3.14,8,13.765,15.406,89.4,15
2026-08-22T02:04:14,9175.9,37.2,3.22,3.1,8,13.761,15.406,89.3,15
2026-08-22T02:04:16,9177.9,38.8,3.22,3.1,8,13.756,15.406,89.3,15
2026-08-22T02:04:18,9179.9,50.4,3.22,3.1,8,13.981,15.406,90.8,15
2026-08-22T02:04:20,9181.9,56.7,3.68,3.2,8,14.391,15.406,93.4,15
2026-08-22T02:04:22,9183.9,62.3,3.68,3.2,8,13.913,15.406,90.3,13
2026-08-22T02:04:24,9185.9,78.1,4.03,3.28,8,14.428,15.406,93.7,15
2026-08-22T02:04:26,9187.9,81.9,4.03,3.28,8,14.691,15.406,95.4,13
2026-08-22T02:04:28,9189.9,81.9,4.03,3.28,8,14.832,15.406,96.3,13
2026-08-22T02:04:30,9191.9,81.7,4.59,3.41,8,14.869,15.406,96.5,13
