timestamp,elapsed_sec,cpu_pct,load1,load5,nproc,mem_used_gb,mem_total_gb,mem_pct,ray_procs
2026-08-22T09:46:56,0.0,41.9,0.16,0.35,16,2.484,31.338,7.9,21
2026-08-22T09:46:58,2.0,6.5,0.16,0.35,16,2.642,31.338,8.4,21
2026-08-22T09:47:00,4.0,6.6,0.22,0.36,16,2.832,31.338,9.0,21
2026-08-22T09:47:02,6.0,6.6,0.22,0.36,16,2.842,31.338,9.1,21
2026-08-22T09:47:04,8.0,6.6,0.22,0.36,16,2.842,31.338,9.1,21
2026-08-22T09:47:06,10.0,6.6,0.29,0.37,16,2.839,31.338,9.1,21
2026-08-22T09:47:08,12.0,6.5,0.29,0.37,16,2.834,31.338,9.0,21
2026-08-22T09:47:10,14.0,6.6,0.34,0.38,16,2.832,31.338,9.0,21
2026-08-22T09:47:12,16.0,6.5,0.34,0.38,16,2.821,31.338,9.0,21
2026-08-22T09:47:14,18.0,6.5,0.34,0.38,16,2.813,31.338,9.0,21
2026-08-22T09:47:16,20.0,6.6,0.4,0.39,16,2.843,31.338,9.1,21
2026-08-22T09:47:18,22.0,6.6,0.4,0.39,16,2.847,31.338,9.1,21
2026-08-22T09:47:20,24.0,6.7,0.44,0.4,16,2.843,31.338,9.1,21
2026-08-22T09:47:22,26.0,6.6,0.44,0.4,16,2.83,31.338,9.0,21
2026-08-22T09:47:24,28.0,6.6,0.44,0.4,16,2.823,31.338,9.0,21
2026-08-22T09:47:26,30.0,6.6,0.49,0.41,16,2.821,31.338,9.0,21
2026-08-22T09:47:28,32.0,6.5,0.49,0.41,16,2.819,31.338,9.0,21
2026-08-22T09:47:30,34.0,6.6,0.53,0.42,16,2.819,31.338,9.0,21
2026-08-22T09:47:32,36.0,6.6,0.53,0.42,16,2.819,31.338,9.0,21
2026-08-22T09:47:34,38.0,6.6,0.53,0.42,16,2.819,31.338,9.0,21
2026-08-22T09:47:36,40.0,6.6,0.57,0.43,16,2.819,31.338,9.0,21
2026-08-22T09:47:38,42.0,6.6,0.57,0.43,16,2.816,31.338,9.0,21
2026-08-22T09:47:40,44.0,6.6,0.6,0.44,16,2.815,31.338,9.0,21
2026-08-22T09:47:42,46.0,6.5,0.6,0.44,16,2.815,31.338,9.0,21
2026-08-22T09:47:44,48.0,6.6,0.6,0.44,16,2.815,31.338,9.0,21
2026-08-22T09:47:46,50.0,6.6,0.64,0.45,16,2.816,31.338,9.0,21
2026-08-22T09:47:48,52.0,6.5,0.64,0.45,16,2.816,31.338,9.0,21
2026-08-22T09:47:50,54.0,6.5,0.66,0.46,16,2.816,31.338,9.0,21
2026-08-22T09:47:52,56.0,6.6,0.66,0.46,16,2.819,31.338,9.0,21
2026-08-22T09:47:54,58.0,6.6,0.66,0.46,16,2.819,31.338,9.0,21
2026-08-22T09:47:56,60.0,6.6,0.69,0.47,16,2.815,31.338,9.0,21
2026-08-22T09:47:58,62.0,6.5,0.69,0.47,16,2.816,31.338,9.0,21
2026-08-22T09:48:00,64.0,6.5,0.72,0.48,16,2.815,31.338,9.0,21
2026-08-22T09:48:02,66.0,6.7,0.72,0.48,16,2.815,31.338,9.0,21
2026-08-22T09:48:04,68.0,6.6,0.72,0.48,16,2.815,31.338,9.0,21
2026-08-22T09:48:06,70.0,6.7,0.74,0.49,16,2.815,31.338,9.0,21
2026-08-22T09:48:08,72.0,6.6,0.74,0.49,16,2.816,31.338,9.0,21
2026-08-22T09:48:10,74.0,6.6,0.76,0.5,16,2.819,31.338,9.0,21
2026-08-22T09:48:12,76.0,6.6,0.76,0.5,16,2.819,31.338,9.0,21
2026-08-22T09:48:14,78.0,6.6,0.76,0.5,16,2.82,31.338,9.0,21
2026-08-22T09:48:16,80.0,6.6,0.78,0.51,16,2.82,31.338,9.0,21
2026-08-22T09:48:18,82.0,6.6,0.78,0.51,16,2.82,31.338,9.0,21
2026-08-22T09:48:20,84.0,6.5,0.8,0.51,16,2.82,31.338,9.0,21
2026-08-22T09:48:22,86.0,6.6,0.8,0.51,16,2.82,31.338,9.0,21
2026-08-22T09:48:24,88.0,6.5,0.8,0.51,16,2.82,31.338,9.0,21
2026-08-22T09:48:26,90.0,6.5,0.81,0.52,16,2.82,31.338,9.0,21
2026-08-22T09:48:28,92.0,6.6,0.81,0.52,16,2.82,31.338,9.0,21
2026-08-22T09:48:30,94.0,6.6,0.83,0.53,16,2.82,31.338,9.0,21
2026-08-22T09:48:32,96.0,6.6,0.83,0.53,16,2.815,31.338,9.0,21
2026-08-22T09:48:34,98.0,6.5,0.83,0.53,16,2.815,31.338,9.0,21
2026-08-22T09:48:36,100.0,6.6,0.84,0.54,16,2.815,31.338,9.0,21
2026-08-22T09:48:38,102.0,6.5,0.84,0.54,16,2.815,31.338,9.0,21
2026-08-22T09:48:40,104.0,6.5,0.86,0.55,16,2.815,31.338,9.0,21
2026-08-22T09:48:42,106.0,6.5,0.86,0.55,16,2.815,31.338,9.0,21
2026-08-22T09:48:44,108.0,6.5,0.86,0.55,16,2.815,31.338,9.0,21
2026-08-22T09:48:46,110.0,6.7,0.87,0.55,16,2.827,31.338,9.0,21
2026-08-22T09:48:48,112.0,6.5,0.87,0.55,16,2.826,31.338,9.0,21
2026-08-22T09:48:50,114.0,6.6,0.88,0.56,16,2.826,31.338,9.0,21
2026-08-22T09:48:52,116.0,6.6,0.88,0.56,16,2.824,31.338,9.0,21
2026-08-22T09:48:54,118.0,6.5,0.88,0.56,16,2.823,31.338,9.0,21
2026-08-22T09:48:56,120.0,6.6,0.89,0.57,16,2.823,31.338,9.0,21
2026-08-22T09:48:58,122.0,6.5,0.89,0.57,16,2.823,31.338,9.0,21
2026-08-22T09:49:00,124.0,6.5,0.9,0.58,16,2.823,31.338,9.0,21
2026-08-22T09:49:02,126.0,6.6,0.9,0.58,16,2.823,31.338,9.0,21
2026-08-22T09:49:04,128.0,6.6,0.9,0.58,16,2.823,31.338,9.0,21
2026-08-22T09:49:06,130.0,6.5,0.91,0.58,16,2.823,31.338,9.0,21
2026-08-22T09:49:08,132.0,6.7,0.91,0.58,16,2.822,31.338,9.0,21
2026-08-22T09:49:10,134.0,6.6,0.91,0.59,16,2.821,31.338,9.0,21
2026-08-22T09:49:12,136.0,6.6,0.91,0.59,16,2.819,31.338,9.0,21
2026-08-22T09:49:14,138.0,6.6,0.91,0.59,16,2.818,31.338,9.0,21
2026-08-22T09:49:16,140.0,6.6,0.92,0.6,16,2.818,31.338,9.0,21
2026-08-22T09:49:18,142.0,6.5,0.92,0.6,16,2.818,31.338,9.0,21
2026-08-22T09:49:20,144.0,6.6,0.93,0.61,16,2.818,31.338,9.0,21
2026-08-22T09:49:22,146.0,6.6,0.93,0.61,16,2.826,31.338,9.0,21
2026-08-22T09:49:24,148.0,6.5,0.93,0.61,16,2.826,31.338,9.0,21
2026-08-22T09:49:26,150.0,6.6,0.93,0.61,16,2.825,31.338,9.0,21
2026-08-22T09:49:28,152.0,6.6,0.93,0.61,16,2.824,31.338,9.0,21
2026-08-22T09:49:30,154.0,6.6,0.94,0.62,16,2.824,31.338,9.0,21
2026-08-22T09:49:32,156.0,6.6,0.94,0.62,16,2.824,31.338,9.0,21
2026-08-22T09:49:34,158.0,6.6,0.94,0.62,16,2.824,31.338,9.0,21
2026-08-22T09:49:36,160.0,6.6,0.94,0.63,16,2.825,31.338,9.0,21
2026-08-22T09:49:38,162.0,6.5,0.94,0.63,16,2.825,31.338,9.0,21
2026-08-22T09:49:40,164.0,6.6,0.95,0.63,16,2.825,31.338,9.0,21
2026-08-22T09:49:42,166.0,6.6,0.95,0.63,16,2.825,31.338,9.0,21
2026-08-22T09:49:44,168.0,6.6,0.95,0.63,16,2.817,31.338,9.0,21
2026-08-22T09:49:46,170.0,6.5,0.95,0.64,16,2.817,31.338,9.0,21
2026-08-22T09:49:48,172.0,6.5,0.95,0.64,16,2.817,31.338,9.0,21
2026-08-22T09:49:50,174.0,6.6,0.96,0.64,16,2.817,31.338,9.0,21
2026-08-22T09:49:52,176.0,6.5,0.96,0.64,16,2.817,31.338,9.0,21
2026-08-22T09:49:54,178.0,6.5,0.96,0.64,16,2.817,31.338,9.0,21
2026-08-22T09:49:56,180.0,6.5,0.96,0.65,16,2.817,31.338,9.0,21
2026-08-22T09:49:58,182.0,6.6,0.96,0.65,16,2.824,31.338,9.0,21
2026-08-22T09:50:00,184.0,6.5,0.96,0.66,16,2.824,31.338,9.0,21
2026-08-22T09:50:02,186.0,6.6,0.96,0.66,16,2.819,31.338,9.0,21
2026-08-22T09:50:04,188.0,6.5,0.96,0.66,16,2.819,31.338,9.0,21
2026-08-22T09:50:06,190.0,6.6,0.97,0.66,16,2.819,31.338,9.0,21
2026-08-22T09:50:08,192.0,6.5,0.97,0.66,16,2.819,31.338,9.0,21
2026-08-22T09:50:10,194.0,6.6,0.97,0.67,16,2.819,31.338,9.0,21
2026-08-22T09:50:12,196.0,6.6,0.97,0.67,16,2.819,31.338,9.0,21
2026-08-22T09:50:14,198.0,6.5,0.97,0.67,16,2.819,31.338,9.0,21
2026-08-22T09:50:16,200.0,6.6,0.97,0.67,16,2.826,31.338,9.0,21
2026-08-22T09:50:18,202.0,6.5,0.97,0.67,16,2.826,31.338,9.0,21
2026-08-22T09:50:20,204.0,6.5,0.98,0.68,16,2.818,31.338,9.0,21
2026-08-22T09:50:22,206.0,6.6,0.98,0.68,16,2.818,31.338,9.0,21
2026-08-22T09:50:24,208.0,6.5,0.98,0.68,16,2.818,31.338,9.0,21
2026-08-22T09:50:26,210.0,6.6,0.98,0.69,16,2.818,31.338,9.0,21
2026-08-22T09:50:28,212.0,6.5,0.98,0.69,16,2.818,31.338,9.0,21
2026-08-22T09:50:30,214.0,6.6,0.98,0.69,16,2.818,31.338,9.0,21
2026-08-22T09:50:32,216.0,6.5,0.98,0.69,16,2.818,31.338,9.0,21
2026-08-22T09:50:34,218.0,6.6,0.98,0.69,16,2.826,31.338,9.0,21
2026-08-22T09:50:36,220.0,6.6,0.98,0.7,16,2.826,31.338,9.0,21
2026-08-22T09:50:38,222.0,6.6,0.98,0.7,16,2.821,31.338,9.0,21
2026-08-22T09:50:40,224.0,6.6,0.98,0.7,16,2.82,31.338,9.0,21
2026-08-22T09:50:42,226.1,6.5,0.98,0.7,16,2.82,31.338,9.0,21
2026-08-22T09:50:44,228.1,6.5,0.98,0.7,16,2.821,31.338,9.0,21
2026-08-22T09:50:46,230.1,6.6,0.98,0.71,16,2.824,31.338,9.0,21
2026-08-22T09:50:48,232.1,6.5,0.98,0.71,16,2.823,31.338,9.0,21
2026-08-22T09:50:50,234.1,6.5,0.99,0.71,16,2.823,31.338,9.0,21
2026-08-22T09:50:52,236.1,6.6,0.99,0.71,16,2.826,31.338,9.0,21
2026-08-22T09:50:54,238.1,6.6,0.99,0.71,16,2.826,31.338,9.0,21
2026-08-22T09:50:56,240.1,6.6,0.99,0.72,16,2.818,31.338,9.0,21
2026-08-22T09:50:58,242.1,6.6,0.99,0.72,16,2.818,31.338,9.0,21
2026-08-22T09:51:00,244.1,6.5,0.99,0.72,16,2.818,31.338,9.0,21
2026-08-22T09:51:02,246.1,6.7,0.99,0.72,16,2.818,31.338,9.0,21
2026-08-22T09:51:04,248.1,6.5,0.99,0.72,16,2.818,31.338,9.0,21
2026-08-22T09:51:06,250.1,6.7,0.99,0.73,16,2.818,31.338,9.0,21
2026-08-22T09:51:08,252.1,6.5,0.99,0.73,16,2.818,31.338,9.0,21
2026-08-22T09:51:10,254.1,6.6,0.99,0.73,16,2.826,31.338,9.0,21
2026-08-22T09:51:12,256.1,6.6,0.99,0.73,16,2.826,31.338,9.0,21
2026-08-22T09:51:14,258.1,6.7,0.99,0.73,16,2.821,31.338,9.0,21
2026-08-22T09:51:16,260.1,6.6,0.99,0.74,16,2.821,31.338,9.0,21
2026-08-22T09:51:18,262.1,6.6,0.99,0.74,16,2.821,31.338,9.0,21
2026-08-22T09:51:20,264.1,6.5,0.99,0.74,16,2.821,31.338,9.0,21
2026-08-22T09:51:22,266.1,6.6,0.99,0.74,16,2.821,31.338,9.0,21
2026-08-22T09:51:24,268.1,6.5,0.99,0.74,16,2.821,31.338,9.0,21
2026-08-22T09:51:26,270.1,6.6,0.99,0.75,16,2.821,31.338,9.0,21
2026-08-22T09:51:28,272.1,6.6,0.99,0.75,16,2.823,31.338,9.0,21
2026-08-22T09:51:30,274.1,6.6,0.99,0.75,16,2.823,31.338,9.0,21
2026-08-22T09:51:32,276.1,6.6,0.99,0.75,16,3.025,31.338,9.7,21
2026-08-22T09:51:34,278.1,6.7,0.99,0.75,16,3.025,31.338,9.7,21
2026-08-22T09:51:36,280.1,6.7,1.0,0.75,16,3.025,31.338,9.7,21
2026-08-22T09:51:38,282.1,6.6,1.0,0.75,16,3.025,31.338,9.7,21
2026-08-22T09:51:40,284.1,6.7,1.0,0.76,16,3.025,31.338,9.7,21
2026-08-22T09:51:42,286.1,6.6,1.0,0.76,16,3.025,31.338,9.7,21
2026-08-22T09:51:44,288.1,6.6,1.0,0.76,16,3.025,31.338,9.7,21
2026-08-22T09:51:46,290.1,6.7,1.0,0.76,16,3.032,31.338,9.7,21
2026-08-22T09:51:48,292.1,6.6,1.0,0.76,16,3.032,31.338,9.7,21
2026-08-22T09:51:50,294.1,6.6,1.0,0.77,16,3.025,31.338,9.7,21
2026-08-22T09:51:52,296.1,6.6,1.0,0.77,16,3.025,31.338,9.7,21
2026-08-22T09:51:54,298.1,6.5,1.0,0.77,16,3.024,31.338,9.6,21
2026-08-22T09:51:56,300.1,6.6,1.0,0.77,16,3.022,31.338,9.6,21
2026-08-22T09:51:58,302.1,6.5,1.0,0.77,16,3.02,31.338,9.6,21
2026-08-22T09:52:00,304.1,6.5,1.0,0.77,16,3.02,31.338,9.6,21
2026-08-22T09:52:02,306.1,6.6,1.0,0.77,16,3.02,31.338,9.6,21
2026-08-22T09:52:04,308.1,6.5,1.0,0.77,16,3.027,31.338,9.7,21
2026-08-22T09:52:06,310.1,6.6,1.0,0.78,16,3.027,31.338,9.7,21
2026-08-22T09:52:08,312.1,6.5,1.0,0.78,16,3.023,31.338,9.6,21
2026-08-22T09:52:10,314.1,6.6,1.0,0.78,16,3.023,31.338,9.6,21
2026-08-22T09:52:12,316.1,6.6,1.0,0.78,16,3.023,31.338,9.6,21
2026-08-22T09:52:14,318.1,6.5,1.0,0.78,16,3.023,31.338,9.6,21
2026-08-22T09:52:16,320.1,6.5,1.0,0.79,16,3.022,31.338,9.6,21
2026-08-22T09:52:18,322.1,6.6,1.0,0.79,16,3.022,31.338,9.6,21
2026-08-22T09:52:20,324.1,6.6,1.0,0.79,16,3.022,31.338,9.6,21
2026-08-22T09:52:22,326.1,6.5,1.0,0.79,16,3.022,31.338,9.6,21
2026-08-22T09:52:24,328.1,6.6,1.0,0.79,16,3.026,31.338,9.7,21
2026-08-22T09:52:26,330.1,6.7,1.0,0.79,16,3.022,31.338,9.6,21
2026-08-22T09:52:28,332.1,6.5,1.0,0.79,16,3.022,31.338,9.6,21
2026-08-22T09:52:30,334.1,6.5,1.0,0.8,16,3.022,31.338,9.6,21
2026-08-22T09:52:32,336.1,6.5,1.0,0.8,16,3.022,31.338,9.6,21
2026-08-22T09:52:34,338.1,6.5,1.0,0.8,16,3.022,31.338,9.6,21
2026-08-22T09:52:36,340.1,6.6,1.0,0.8,16,3.022,31.338,9.6,21
2026-08-22T09:52:38,342.1,6.6,1.0,0.8,16,3.022,31.338,9.6,21
2026-08-22T09:52:40,344.1,6.5,1.0,0.8,16,3.025,31.338,9.7,21
2026-08-22T09:52:42,346.1,6.6,1.0,0.8,16,3.026,31.338,9.7,21
2026-08-22T09:52:44,348.1,6.5,1.0,0.8,16,3.026,31.338,9.7,21
2026-08-22T09:52:46,350.1,6.6,1.0,0.81,16,3.023,31.338,9.6,21
2026-08-22T09:52:48,352.1,6.6,1.0,0.81,16,3.023,31.338,9.6,21
2026-08-22T09:52:50,354.1,6.5,1.0,0.81,16,3.023,31.338,9.6,21
2026-08-22T09:52:52,356.1,6.5,1.0,0.81,16,3.023,31.338,9.6,21
2026-08-22T09:52:54,358.1,6.5,1.0,0.81,16,3.023,31.338,9.6,21
2026-08-22T09:52:56,360.1,6.6,1.0,0.81,16,3.023,31.338,9.6,21
2026-08-22T09:52:58,362.1,6.6,1.0,0.81,16,3.026,31.338,9.7,21
2026-08-22T09:53:00,364.1,6.5,1.0,0.82,16,3.026,31.338,9.7,21
2026-08-22T09:53:02,366.1,6.6,1.0,0.82,16,3.022,31.338,9.6,21
2026-08-22T09:53:04,368.1,6.6,1.0,0.82,16,3.022,31.338,9.6,21
2026-08-22T09:53:06,370.1,6.6,1.0,0.82,16,3.022,31.338,9.6,21
2026-08-22T09:53:08,372.1,6.5,1.0,0.82,16,3.022,31.338,9.6,21
2026-08-22T09:53:10,374.1,6.5,1.0,0.83,16,3.022,31.338,9.6,21
2026-08-22T09:53:12,376.1,6.6,1.0,0.83,16,3.022,31.338,9.6,21
2026-08-22T09:53:14,378.1,6.5,1.0,0.83,16,3.022,31.338,9.6,21
2026-08-22T09:53:16,380.1,6.6,1.0,0.83,16,3.026,31.338,9.7,21
2026-08-22T09:53:18,382.1,6.6,1.0,0.83,16,3.026,31.338,9.7,21
2026-08-22T09:53:20,384.1,6.5,1.0,0.83,16,3.022,31.338,9.6,21
2026-08-22T09:53:22,386.1,6.6,1.0,0.83,16,3.022,31.338,9.6,21
2026-08-22T09:53:24,388.1,6.5,1.0,0.83,16,3.022,31.338,9.6,21
2026-08-22T09:53:26,390.1,6.6,1.0,0.83,16,3.022,31.338,9.6,21
2026-08-22T09:53:28,392.1,6.5,1.0,0.83,16,3.022,31.338,9.6,21
2026-08-22T09:53:30,394.1,6.6,1.0,0.84,16,3.022,31.338,9.6,21
2026-08-22T09:53:32,396.1,6.6,1.0,0.84,16,3.022,31.338,9.6,21
2026-08-22T09:53:34,398.1,6.5,1.0,0.84,16,3.026,31.338,9.7,21
2026-08-22T09:53:36,400.1,6.6,1.0,0.84,16,3.026,31.338,9.7,21
2026-08-22T09:53:38,402.1,6.6,1.0,0.84,16,3.018,31.338,9.6,21
2026-08-22T09:53:40,404.1,6.6,1.0,0.84,16,3.018,31.338,9.6,21
2026-08-22T09:53:42,406.1,6.5,1.0,0.84,16,3.018,31.338,9.6,21
2026-08-22T09:53:44,408.1,6.6,1.0,0.84,16,3.018,31.338,9.6,21
2026-08-22T09:53:46,410.1,6.6,1.0,0.85,16,3.018,31.338,9.6,21
2026-08-22T09:53:48,412.1,6.5,1.0,0.85,16,3.018,31.338,9.6,21
2026-08-22T09:53:50,414.1,6.6,1.0,0.85,16,3.018,31.338,9.6,21
2026-08-22T09:53:52,416.1,6.5,1.0,0.85,16,3.025,31.338,9.7,21
2026-08-22T09:53:54,418.1,6.6,1.0,0.85,16,3.025,31.338,9.7,21
2026-08-22T09:53:56,420.1,6.6,1.0,0.85,16,3.02,31.338,9.6,21
2026-08-22T09:53:58,422.1,6.6,1.0,0.85,16,3.02,31.338,9.6,21
2026-08-22T09:54:00,424.1,6.5,1.0,0.85,16,3.02,31.338,9.6,21
2026-08-22T09:54:02,426.1,6.6,1.0,0.85,16,3.02,31.338,9.6,21
2026-08-22T09:54:04,428.1,6.5,1.0,0.85,16,3.02,31.338,9.6,21
2026-08-22T09:54:06,430.1,6.6,1.0,0.86,16,3.02,31.338,9.6,21
2026-08-22T09:54:08,432.1,6.6,1.0,0.86,16,3.02,31.338,9.6,21
2026-08-22T09:54:10,434.1,6.5,1.0,0.86,16,3.024,31.338,9.6,21
2026-08-22T09:54:12,436.1,6.6,1.0,0.86,16,3.024,31.338,9.6,21
2026-08-22T09:54:14,438.1,6.5,1.0,0.86,16,3.024,31.338,9.6,21
2026-08-22T09:54:16,440.1,6.6,1.0,0.86,16,3.019,31.338,9.6,21
2026-08-22T09:54:18,442.1,6.5,1.0,0.86,16,3.019,31.338,9.6,21
2026-08-22T09:54:20,444.1,6.6,1.0,0.86,16,3.019,31.338,9.6,21
2026-08-22T09:54:22,446.1,6.6,1.0,0.86,16,3.019,31.338,9.6,21
2026-08-22T09:54:24,448.1,6.5,1.0,0.86,16,3.019,31.338,9.6,21
2026-08-22T09:54:26,450.1,6.6,1.0,0.87,16,3.019,31.338,9.6,21
2026-08-22T09:54:28,452.1,6.5,1.0,0.87,16,3.027,31.338,9.7,21
2026-08-22T09:54:30,454.1,6.6,1.0,0.87,16,3.027,31.338,9.7,21
2026-08-22T09:54:32,456.1,6.5,1.0,0.87,16,3.027,31.338,9.7,21
2026-08-22T09:54:34,458.1,6.6,1.0,0.87,16,3.02,31.338,9.6,21
2026-08-22T09:54:36,460.1,6.6,1.0,0.87,16,3.02,31.338,9.6,21
2026-08-22T09:54:38,462.1,6.5,1.0,0.87,16,3.02,31.338,9.6,21
2026-08-22T09:54:40,464.1,6.6,1.0,0.87,16,3.02,31.338,9.6,21
2026-08-22T09:54:42,466.1,6.6,1.0,0.87,16,3.02,31.338,9.6,21
2026-08-22T09:54:44,468.1,6.6,1.0,0.87,16,3.02,31.338,9.6,21
2026-08-22T09:54:46,470.1,6.6,1.0,0.88,16,3.021,31.338,9.6,21
2026-08-22T09:54:48,472.1,6.5,1.0,0.88,16,3.024,31.338,9.7,21
2026-08-22T09:54:50,474.1,6.6,1.0,0.88,16,3.024,31.338,9.7,21
2026-08-22T09:54:52,476.1,6.6,1.0,0.88,16,3.016,31.338,9.6,21
2026-08-22T09:54:54,478.1,6.5,1.0,0.88,16,3.016,31.338,9.6,21
2026-08-22T09:54:56,480.1,6.6,1.0,0.88,16,3.017,31.338,9.6,21
2026-08-22T09:54:58,482.1,6.5,1.0,0.88,16,3.017,31.338,9.6,21
2026-08-22T09:55:00,484.1,6.6,1.0,0.88,16,3.017,31.338,9.6,21
2026-08-22T09:55:02,486.1,6.5,1.0,0.88,16,3.017,31.338,9.6,21
2026-08-22T09:55:04,488.1,6.5,1.0,0.88,16,3.017,31.338,9.6,21
2026-08-22T09:55:06,490.1,6.5,1.08,0.9,16,3.024,31.338,9.7,21
2026-08-22T09:55:08,492.1,6.6,1.08,0.9,16,3.024,31.338,9.7,21
2026-08-22T09:55:10,494.1,6.6,1.07,0.9,16,3.019,31.338,9.6,21
2026-08-22T09:55:12,496.1,6.6,1.07,0.9,16,3.019,31.338,9.6,21
2026-08-22T09:55:14,498.1,6.5,1.07,0.9,16,3.019,31.338,9.6,21
2026-08-22T09:55:16,500.1,6.6,1.07,0.91,16,3.019,31.338,9.6,21
2026-08-22T09:55:18,502.1,6.5,1.07,0.91,16,3.019,31.338,9.6,21
2026-08-22T09:55:20,504.1,6.5,1.06,0.91,16,3.019,31.338,9.6,21
2026-08-22T09:55:22,506.1,6.6,1.06,0.91,16,3.019,31.338,9.6,21
2026-08-22T09:55:24,508.1,6.5,1.06,0.91,16,3.023,31.338,9.6,21
2026-08-22T09:55:26,510.1,6.6,1.06,0.91,16,3.023,31.338,9.6,21
2026-08-22T09:55:28,512.1,6.5,1.06,0.91,16,3.017,31.338,9.6,21
2026-08-22T09:55:30,514.1,6.5,1.05,0.91,16,3.017,31.338,9.6,21
2026-08-22T09:55:32,516.1,6.6,1.05,0.91,16,3.017,31.338,9.6,21
2026-08-22T09:55:34,518.1,6.5,1.05,0.91,16,3.017,31.338,9.6,21
2026-08-22T09:55:36,520.1,6.6,1.05,0.91,16,3.017,31.338,9.6,21
2026-08-22T09:55:38,522.1,6.6,1.05,0.91,16,3.017,31.338,9.6,21
2026-08-22T09:55:40,524.1,6.5,1.04,0.92,16,3.017,31.338,9.6,21
2026-08-22T09:55:42,526.1,6.7,1.04,0.92,16,3.025,31.338,9.7,21
2026-08-22T09:55:44,528.1,6.6,1.04,0.92,16,3.02,31.338,9.6,21
2026-08-22T09:55:46,530.1,6.6,1.04,0.92,16,3.014,31.338,9.6,21
2026-08-22T09:55:48,532.1,6.6,1.04,0.92,16,3.014,31.338,9.6,21
2026-08-22T09:55:50,534.1,6.6,1.04,0.92,16,3.014,31.338,9.6,21
2026-08-22T09:55:52,536.1,6.6,1.04,0.92,16,3.014,31.338,9.6,21
2026-08-22T09:55:54,538.1,6.6,1.04,0.92,16,3.014,31.338,9.6,21
2026-08-22T09:55:56,540.1,6.6,1.03,0.92,16,3.014,31.338,9.6,21
2026-08-22T09:55:58,542.1,6.5,1.03,0.92,16,3.014,31.338,9.6,21
2026-08-22T09:56:00,544.1,6.5,1.03,0.92,16,3.022,31.338,9.6,21
2026-08-22T09:56:02,546.1,6.6,1.03,0.92,16,3.022,31.338,9.6,21
2026-08-22T09:56:04,548.1,6.5,1.03,0.92,16,3.225,31.338,10.3,21
2026-08-22T09:56:06,550.1,6.6,1.03,0.92,16,3.225,31.338,10.3,21
2026-08-22T09:56:08,552.1,6.5,1.03,0.92,16,3.225,31.338,10.3,21
2026-08-22T09:56:10,554.1,6.5,1.11,0.94,16,3.225,31.338,10.3,21
2026-08-22T09:56:12,556.1,6.6,1.11,0.94,16,3.225,31.338,10.3,21
2026-08-22T09:56:14,558.1,6.5,1.11,0.94,16,3.225,31.338,10.3,21
2026-08-22T09:56:16,560.1,6.6,1.1,0.94,16,3.225,31.338,10.3,21
2026-08-22T09:56:18,562.1,6.5,1.1,0.94,16,3.229,31.338,10.3,21
2026-08-22T09:56:20,564.1,6.6,1.09,0.94,16,3.229,31.338,10.3,21
2026-08-22T09:56:22,566.1,6.6,1.09,0.94,16,3.22,31.338,10.3,21
2026-08-22T09:56:24,568.1,6.6,1.09,0.94,16,3.22,31.338,10.3,21
2026-08-22T09:56:26,570.1,6.5,1.08,0.94,16,3.218,31.338,10.3,21
2026-08-22T09:56:28,572.1,6.6,1.08,0.94,16,3.217,31.338,10.3,21
2026-08-22T09:56:30,574.1,6.5,1.07,0.94,16,3.215,31.338,10.3,21
2026-08-22T09:56:32,576.1,6.6,1.07,0.94,16,3.215,31.338,10.3,21
2026-08-22T09:56:34,578.1,6.5,1.07,0.94,16,3.215,31.338,10.3,21
2026-08-22T09:56:36,580.1,6.6,1.07,0.95,16,3.222,31.338,10.3,21
2026-08-22T09:56:38,582.1,6.6,1.07,0.95,16,3.222,31.338,10.3,21
2026-08-22T09:56:40,584.1,6.5,1.06,0.95,16,3.216,31.338,10.3,21
2026-08-22T09:56:42,586.1,6.6,1.06,0.95,16,3.216,31.338,10.3,21
2026-08-22T09:56:44,588.1,6.6,1.06,0.95,16,3.216,31.338,10.3,21
2026-08-22T09:56:46,590.1,6.6,1.06,0.95,16,3.216,31.338,10.3,21
2026-08-22T09:56:48,592.1,6.6,1.06,0.95,16,3.216,31.338,10.3,21
2026-08-22T09:56:50,594.1,6.6,1.05,0.95,16,3.216,31.338,10.3,21
2026-08-22T09:56:52,596.1,6.6,1.05,0.95,16,3.216,31.338,10.3,21
2026-08-22T09:56:54,598.1,6.5,1.05,0.95,16,3.22,31.338,10.3,21
2026-08-22T09:56:56,600.1,6.6,1.05,0.95,16,3.22,31.338,10.3,21
2026-08-22T09:56:58,602.1,6.6,1.05,0.95,16,3.22,31.338,10.3,21
2026-08-22T09:57:00,604.1,6.6,1.04,0.95,16,3.214,31.338,10.3,21
2026-08-22T09:57:02,606.1,6.5,1.04,0.95,16,3.214,31.338,10.3,21
2026-08-22T09:57:04,608.1,6.6,1.04,0.95,16,3.214,31.338,10.3,21
2026-08-22T09:57:06,610.1,6.5,1.04,0.95,16,3.214,31.338,10.3,21
2026-08-22T09:57:08,612.1,6.6,1.04,0.95,16,3.214,31.338,10.3,21
2026-08-22T09:57:10,614.1,6.6,1.04,0.95,16,3.214,31.338,10.3,21
2026-08-22T09:57:12,616.1,6.5,1.04,0.95,16,3.221,31.338,10.3,21
2026-08-22T09:57:14,618.1,6.6,1.04,0.95,16,3.221,31.338,10.3,21
2026-08-22T09:57:16,620.1,6.6,1.03,0.95,16,3.218,31.338,10.3,21
2026-08-22T09:57:18,622.1,6.6,1.03,0.95,16,3.218,31.338,10.3,21
2026-08-22T09:57:20,624.1,6.5,1.03,0.95,16,3.218,31.338,10.3,21
2026-08-22T09:57:22,626.1,6.5,1.03,0.95,16,3.218,31.338,10.3,21
2026-08-22T09:57:24,628.1,6.5,1.03,0.95,16,3.218,31.338,10.3,21
2026-08-22T09:57:26,630.1,6.5,1.03,0.96,16,3.218,31.338,10.3,21
2026-08-22T09:57:28,632.1,6.5,1.03,0.96,16,3.218,31.338,10.3,21
2026-08-22T09:57:30,634.1,6.6,1.03,0.96,16,3.22,31.338,10.3,21
2026-08-22T09:57:32,636.1,6.6,1.03,0.96,16,3.22,31.338,10.3,21
2026-08-22T09:57:34,638.1,6.5,1.03,0.96,16,3.219,31.338,10.3,21
2026-08-22T09:57:36,640.1,6.5,1.02,0.96,16,3.215,31.338,10.3,21
2026-08-22T09:57:38,642.1,6.5,1.02,0.96,16,3.215,31.338,10.3,21
2026-08-22T09:57:40,644.1,6.5,1.02,0.96,16,3.215,31.338,10.3,21
2026-08-22T09:57:42,646.1,6.6,1.02,0.96,16,3.215,31.338,10.3,21
2026-08-22T09:57:44,648.1,6.5,1.02,0.96,16,3.215,31.338,10.3,21
2026-08-22T09:57:46,650.1,6.5,1.02,0.96,16,3.215,31.338,10.3,21
2026-08-22T09:57:48,652.1,6.5,1.02,0.96,16,3.222,31.338,10.3,21
2026-08-22T09:57:50,654.1,6.6,1.02,0.96,16,3.222,31.338,10.3,21
2026-08-22T09:57:52,656.1,6.6,1.02,0.96,16,3.222,31.338,10.3,21
2026-08-22T09:57:54,658.1,6.5,1.02,0.96,16,3.219,31.338,10.3,21
2026-08-22T09:57:56,660.1,6.5,1.02,0.96,16,3.219,31.338,10.3,21
2026-08-22T09:57:58,662.1,6.5,1.02,0.96,16,3.214,31.338,10.3,21
2026-08-22T09:58:00,664.1,6.6,1.09,0.98,16,3.214,31.338,10.3,21
2026-08-22T09:58:02,666.1,6.6,1.09,0.98,16,3.214,31.338,10.3,21
2026-08-22T09:58:04,668.1,6.5,1.09,0.98,16,3.214,31.338,10.3,21
2026-08-22T09:58:06,670.1,6.6,1.09,0.98,16,3.221,31.338,10.3,21
2026-08-22T09:58:08,672.1,6.6,1.09,0.98,16,3.221,31.338,10.3,21
2026-08-22T09:58:10,674.1,6.6,1.08,0.98,16,3.221,31.338,10.3,21
2026-08-22T09:58:12,676.1,6.6,1.08,0.98,16,3.217,31.338,10.3,21
2026-08-22T09:58:14,678.1,6.6,1.08,0.98,16,3.217,31.338,10.3,21
2026-08-22T09:58:16,680.1,6.5,1.07,0.98,16,3.217,31.338,10.3,21
2026-08-22T09:58:18,682.1,6.6,1.07,0.98,16,3.217,31.338,10.3,21
2026-08-22T09:58:20,684.1,6.6,1.07,0.98,16,3.217,31.338,10.3,21
2026-08-22T09:58:22,686.2,6.6,1.07,0.98,16,3.217,31.338,10.3,21
2026-08-22T09:58:24,688.2,6.5,1.07,0.98,16,3.224,31.338,10.3,21
2026-08-22T09:58:26,690.2,6.6,1.06,0.98,16,3.224,31.338,10.3,21
2026-08-22T09:58:28,692.2,6.7,1.06,0.98,16,3.219,31.338,10.3,21
2026-08-22T09:58:30,694.2,6.6,1.06,0.98,16,3.219,31.338,10.3,21
2026-08-22T09:58:32,696.2,6.6,1.06,0.98,16,3.219,31.338,10.3,21
2026-08-22T09:58:34,698.2,6.5,1.06,0.98,16,3.219,31.338,10.3,21
2026-08-22T09:58:36,700.2,6.6,1.05,0.98,16,3.219,31.338,10.3,21
2026-08-22T09:58:38,702.2,6.6,1.05,0.98,16,3.219,31.338,10.3,21
2026-08-22T09:58:40,704.2,6.5,1.05,0.98,16,3.219,31.338,10.3,21
2026-08-22T09:58:42,706.2,6.6,1.05,0.98,16,3.223,31.338,10.3,21
2026-08-22T09:58:44,708.2,6.5,1.05,0.98,16,3.223,31.338,10.3,21
2026-08-22T09:58:46,710.2,6.6,1.04,0.98,16,3.223,31.338,10.3,21
2026-08-22T09:58:48,712.2,6.6,1.04,0.98,16,3.218,31.338,10.3,21
2026-08-22T09:58:50,714.2,6.5,1.04,0.98,16,3.218,31.338,10.3,21
2026-08-22T09:58:52,716.2,6.5,1.04,0.98,16,3.218,31.338,10.3,21
2026-08-22T09:58:54,718.2,6.5,1.04,0.98,16,3.218,31.338,10.3,21
2026-08-22T09:58:56,720.2,6.6,1.04,0.98,16,3.218,31.338,10.3,21
2026-08-22T09:58:58,722.2,6.6,1.04,0.98,16,3.218,31.338,10.3,21
2026-08-22T09:59:00,724.2,6.6,1.03,0.98,16,3.226,31.338,10.3,21
2026-08-22T09:59:02,726.2,6.6,1.03,0.98,16,3.226,31.338,10.3,21
2026-08-22T09:59:04,728.2,6.5,1.03,0.98,16,3.221,31.338,10.3,21
2026-08-22T09:59:06,730.2,6.6,1.03,0.99,16,3.221,31.338,10.3,21
2026-08-22T09:59:08,732.2,6.5,1.03,0.99,16,3.221,31.338,10.3,21
2026-08-22T09:59:10,734.2,6.5,1.03,0.99,16,3.221,31.338,10.3,21
2026-08-22T09:59:12,736.2,6.6,1.03,0.99,16,3.221,31.338,10.3,21
2026-08-22T09:59:14,738.2,6.5,1.03,0.99,16,3.221,31.338,10.3,21
2026-08-22T09:59:16,740.2,6.6,1.02,0.99,16,3.221,31.338,10.3,21
2026-08-22T09:59:18,742.2,6.6,1.02,0.99,16,3.225,31.338,10.3,21
2026-08-22T09:59:20,744.2,6.5,1.02,0.99,16,3.225,31.338,10.3,21
2026-08-22T09:59:22,746.2,6.6,1.02,0.99,16,3.225,31.338,10.3,21
2026-08-22T09:59:24,748.2,6.5,1.02,0.99,16,3.221,31.338,10.3,21
2026-08-22T09:59:26,750.2,6.6,1.02,0.99,16,3.221,31.338,10.3,21
2026-08-22T09:59:28,752.2,6.5,1.02,0.99,16,3.221,31.338,10.3,21
2026-08-22T09:59:30,754.2,6.6,1.02,0.99,16,3.221,31.338,10.3,21
2026-08-22T09:59:32,756.2,6.6,1.02,0.99,16,3.221,31.338,10.3,21
2026-08-22T09:59:34,758.2,6.5,1.02,0.99,16,3.221,31.338,10.3,21
2026-08-22T09:59:36,760.2,6.6,1.02,0.99,16,3.228,31.338,10.3,21
2026-08-22T09:59:38,762.2,6.6,1.02,0.99,16,3.228,31.338,10.3,21
2026-08-22T09:59:40,764.2,6.6,1.02,0.99,16,3.228,31.338,10.3,21
2026-08-22T09:59:42,766.2,6.6,1.02,0.99,16,3.224,31.338,10.3,21
2026-08-22T09:59:44,768.2,6.5,1.02,0.99,16,3.223,31.338,10.3,21
2026-08-22T09:59:46,770.2,6.5,1.01,0.99,16,3.223,31.338,10.3,21
2026-08-22T09:59:48,772.2,6.5,1.01,0.99,16,3.223,31.338,10.3,21
2026-08-22T09:59:50,774.2,6.5,1.01,0.99,16,3.223,31.338,10.3,21
2026-08-22T09:59:52,776.2,6.6,1.01,0.99,16,3.223,31.338,10.3,21
2026-08-22T09:59:54,778.2,6.6,1.01,0.99,16,3.225,31.338,10.3,21
2026-08-22T09:59:56,780.2,6.5,1.01,0.99,16,3.225,31.338,10.3,21
2026-08-22T09:59:58,782.2,6.6,1.01,0.99,16,3.225,31.338,10.3,21
2026-08-22T10:00:00,784.2,6.6,1.01,0.99,16,3.22,31.338,10.3,21
2026-08-22T10:00:02,786.2,6.5,1.01,0.99,16,3.22,31.338,10.3,21
2026-08-22T10:00:04,788.2,6.6,1.01,0.99,16,3.22,31.338,10.3,21
2026-08-22T10:00:06,790.2,6.5,1.01,0.99,16,3.22,31.338,10.3,21
2026-08-22T10:00:08,792.2,6.5,1.01,0.99,16,3.22,31.338,10.3,21
2026-08-22T10:00:10,794.2,6.5,1.01,0.99,16,3.22,31.338,10.3,21
2026-08-22T10:00:12,796.2,6.6,1.01,0.99,16,3.224,31.338,10.3,21
2026-08-22T10:00:14,798.2,6.6,1.01,0.99,16,3.224,31.338,10.3,21
2026-08-22T10:00:16,800.2,6.5,1.01,0.99,16,3.224,31.338,10.3,21
2026-08-22T10:00:18,802.2,6.6,1.01,0.99,16,3.22,31.338,10.3,21
2026-08-22T10:00:20,804.2,6.6,1.01,0.99,16,3.22,31.338,10.3,21
2026-08-22T10:00:22,806.2,6.6,1.01,0.99,16,3.22,31.338,10.3,21
2026-08-22T10:00:24,808.2,6.5,1.01,0.99,16,3.22,31.338,10.3,21
2026-08-22T10:00:26,810.2,6.7,1.01,0.99,16,3.22,31.338,10.3,21
2026-08-22T10:00:28,812.2,6.5,1.01,0.99,16,3.22,31.338,10.3,21
2026-08-22T10:00:30,814.2,6.6,1.0,0.99,16,3.227,31.338,10.3,21
2026-08-22T10:00:32,816.2,6.6,1.0,0.99,16,3.227,31.338,10.3,21
2026-08-22T10:00:34,818.2,6.5,1.0,0.99,16,3.327,31.338,10.6,21
2026-08-22T10:00:36,820.2,6.5,1.0,0.99,16,3.427,31.338,10.9,21
2026-08-22T10:00:38,822.2,6.5,1.0,0.99,16,3.427,31.338,10.9,21
2026-08-22T10:00:40,824.2,6.5,1.0,0.99,16,3.427,31.338,10.9,21
2026-08-22T10:00:42,826.2,6.5,1.0,0.99,16,3.427,31.338,10.9,21
2026-08-22T10:00:44,828.2,6.6,1.0,0.99,16,3.427,31.338,10.9,21
2026-08-22T10:00:46,830.2,6.6,1.0,1.0,16,3.427,31.338,10.9,21
2026-08-22T10:00:48,832.2,6.5,1.0,1.0,16,3.427,31.338,10.9,21
2026-08-22T10:00:50,834.2,6.6,1.0,1.0,16,3.431,31.338,10.9,21
2026-08-22T10:00:52,836.2,6.6,1.0,1.0,16,3.431,31.338,10.9,21
2026-08-22T10:00:54,838.2,6.6,1.0,1.0,16,3.423,31.338,10.9,21
2026-08-22T10:00:56,840.2,6.6,1.0,1.0,16,3.423,31.338,10.9,21
2026-08-22T10:00:58,842.2,6.5,1.0,1.0,16,3.423,31.338,10.9,21
2026-08-22T10:01:00,844.2,6.6,1.0,1.0,16,3.423,31.338,10.9,21
2026-08-22T10:01:02,846.2,6.5,1.0,1.0,16,3.422,31.338,10.9,21
2026-08-22T10:01:04,848.2,6.6,1.0,1.0,16,3.422,31.338,10.9,21
2026-08-22T10:01:06,850.2,6.5,1.0,1.0,16,3.422,31.338,10.9,21
2026-08-22T10:01:08,852.2,6.6,1.0,1.0,16,3.427,31.338,10.9,21
2026-08-22T10:01:10,854.2,6.5,1.0,1.0,16,3.427,31.338,10.9,21
2026-08-22T10:01:12,856.2,6.6,1.0,1.0,16,3.423,31.338,10.9,21
2026-08-22T10:01:14,858.2,6.6,1.0,1.0,16,3.423,31.338,10.9,21
2026-08-22T10:01:16,860.2,6.5,1.0,1.0,16,3.423,31.338,10.9,21
2026-08-22T10:01:18,862.2,6.6,1.0,1.0,16,3.423,31.338,10.9,21
2026-08-22T10:01:20,864.2,6.5,1.0,1.0,16,3.423,31.338,10.9,21
2026-08-22T10:01:22,866.2,6.6,1.0,1.0,16,3.423,31.338,10.9,21
2026-08-22T10:01:24,868.2,6.5,1.0,1.0,16,3.423,31.338,10.9,21
2026-08-22T10:01:26,870.2,6.6,1.0,1.0,16,3.427,31.338,10.9,21
2026-08-22T10:01:28,872.2,6.6,1.0,1.0,16,3.427,31.338,10.9,21
2026-08-22T10:01:30,874.2,6.6,1.0,1.0,16,3.422,31.338,10.9,21
2026-08-22T10:01:32,876.2,6.6,1.0,1.0,16,3.422,31.338,10.9,21
2026-08-22T10:01:34,878.2,6.6,1.0,1.0,16,3.422,31.338,10.9,21
2026-08-22T10:01:36,880.2,6.6,1.0,1.0,16,3.422,31.338,10.9,21
2026-08-22T10:01:38,882.2,6.5,1.0,1.0,16,3.422,31.338,10.9,21
2026-08-22T10:01:40,884.2,6.5,1.0,1.0,16,3.422,31.338,10.9,21
2026-08-22T10:01:42,886.2,6.6,1.0,1.0,16,3.422,31.338,10.9,21
2026-08-22T10:01:44,888.2,6.6,1.0,1.0,16,3.429,31.338,10.9,21
2026-08-22T10:01:46,890.2,6.6,1.0,1.0,16,3.429,31.338,10.9,21
2026-08-22T10:01:48,892.2,6.7,1.0,1.0,16,3.42,31.338,10.9,21
2026-08-22T10:01:50,894.2,6.5,1.0,1.0,16,3.42,31.338,10.9,21
2026-08-22T10:01:52,896.2,6.6,1.0,1.0,16,3.42,31.338,10.9,21
2026-08-22T10:01:54,898.2,6.5,1.0,1.0,16,3.42,31.338,10.9,21
2026-08-22T10:01:56,900.2,6.6,1.0,1.0,16,3.42,31.338,10.9,21
2026-08-22T10:01:58,902.2,6.6,1.0,1.0,16,3.42,31.338,10.9,21
2026-08-22T10:02:00,904.2,6.6,1.0,1.0,16,3.42,31.338,10.9,21
2026-08-22T10:02:02,906.2,6.6,1.0,1.0,16,3.432,31.338,11.0,21
2026-08-22T10:02:04,908.2,6.7,1.0,1.0,16,3.432,31.338,11.0,21
2026-08-22T10:02:06,910.2,6.6,1.0,1.0,16,3.425,31.338,10.9,21
2026-08-22T10:02:08,912.2,6.6,1.0,1.0,16,3.425,31.338,10.9,21
2026-08-22T10:02:10,914.2,6.5,1.0,1.0,16,3.424,31.338,10.9,21
2026-08-22T10:02:12,916.2,6.6,1.0,1.0,16,3.424,31.338,10.9,21
2026-08-22T10:02:14,918.2,6.6,1.0,1.0,16,3.424,31.338,10.9,21
2026-08-22T10:02:16,920.2,6.6,1.0,1.0,16,3.424,31.338,10.9,21
2026-08-22T10:02:18,922.2,6.5,1.0,1.0,16,3.424,31.338,10.9,21
2026-08-22T10:02:20,924.2,6.5,1.0,1.0,16,3.426,31.338,10.9,21
2026-08-22T10:02:22,926.2,6.6,1.0,1.0,16,3.426,31.338,10.9,21
2026-08-22T10:02:24,928.2,6.5,1.0,1.0,16,3.421,31.338,10.9,21
2026-08-22T10:02:26,930.2,6.5,1.0,1.0,16,3.421,31.338,10.9,21
2026-08-22T10:02:28,932.2,6.6,1.0,1.0,16,3.421,31.338,10.9,21
2026-08-22T10:02:30,934.2,6.6,1.0,1.0,16,3.421,31.338,10.9,21
2026-08-22T10:02:32,936.2,6.5,1.0,1.0,16,3.422,31.338,10.9,21
2026-08-22T10:02:34,938.2,6.5,1.0,1.0,16,3.422,31.338,10.9,21
2026-08-22T10:02:36,940.2,6.5,1.0,1.0,16,3.422,31.338,10.9,21
2026-08-22T10:02:38,942.2,6.6,1.0,1.0,16,3.429,31.338,10.9,21
2026-08-22T10:02:40,944.2,6.5,1.0,1.0,16,3.429,31.338,10.9,21
2026-08-22T10:02:42,946.2,6.6,1.0,1.0,16,3.428,31.338,10.9,21
2026-08-22T10:02:44,948.2,6.6,1.0,1.0,16,3.427,31.338,10.9,21
2026-08-22T10:02:46,950.2,6.6,1.0,1.0,16,3.427,31.338,10.9,21
2026-08-22T10:02:48,952.2,6.5,1.0,1.0,16,3.427,31.338,10.9,21
2026-08-22T10:02:50,954.2,6.5,1.0,1.0,16,3.427,31.338,10.9,21
2026-08-22T10:02:52,956.2,6.7,1.0,1.0,16,3.427,31.338,10.9,21
2026-08-22T10:02:54,958.2,6.5,1.0,1.0,16,3.427,31.338,10.9,21
2026-08-22T10:02:56,960.2,6.6,1.0,1.0,16,3.434,31.338,11.0,21
2026-08-22T10:02:58,962.2,6.5,1.0,1.0,16,3.434,31.338,11.0,21
2026-08-22T10:03:00,964.2,6.6,1.0,1.0,16,3.43,31.338,10.9,21
2026-08-22T10:03:02,966.2,6.6,1.0,1.0,16,3.429,31.338,10.9,21
2026-08-22T10:03:04,968.2,6.5,1.0,1.0,16,3.429,31.338,10.9,21
2026-08-22T10:03:06,970.2,6.5,1.0,1.0,16,3.429,31.338,10.9,21
2026-08-22T10:03:08,972.2,6.6,1.0,1.0,16,3.429,31.338,10.9,21
2026-08-22T10:03:10,974.2,6.5,1.0,1.0,16,3.429,31.338,10.9,21
2026-08-22T10:03:12,976.2,6.6,1.0,1.0,16,3.429,31.338,10.9,21
2026-08-22T10:03:14,978.2,6.6,1.0,1.0,16,3.431,31.338,10.9,21
2026-08-22T10:03:16,980.2,6.5,1.0,1.0,16,3.431,31.338,10.9,21
2026-08-22T10:03:18,982.2,6.6,1.0,1.0,16,3.426,31.338,10.9,21
2026-08-22T10:03:20,984.2,6.5,1.0,1.0,16,3.426,31.338,10.9,21
2026-08-22T10:03:22,986.2,6.6,1.0,1.0,16,3.426,31.338,10.9,21
2026-08-22T10:03:24,988.2,6.6,1.0,1.0,16,3.426,31.338,10.9,21
2026-08-22T10:03:26,990.2,6.6,1.0,1.0,16,3.426,31.338,10.9,21
2026-08-22T10:03:28,992.2,6.6,1.0,1.0,16,3.426,31.338,10.9,21
2026-08-22T10:03:30,994.2,6.5,1.0,1.0,16,3.426,31.338,10.9,21
2026-08-22T10:03:32,996.2,6.5,1.0,1.0,16,3.428,31.338,10.9,21
2026-08-22T10:03:34,998.2,6.6,1.0,1.0,16,3.428,31.338,10.9,21
2026-08-22T10:03:36,1000.2,6.5,1.0,1.0,16,3.424,31.338,10.9,21
2026-08-22T10:03:38,1002.2,6.6,1.0,1.0,16,3.424,31.338,10.9,21
2026-08-22T10:03:40,1004.2,6.5,1.0,1.0,16,3.424,31.338,10.9,21
2026-08-22T10:03:42,1006.2,6.5,1.0,1.0,16,3.424,31.338,10.9,21
2026-08-22T10:03:44,1008.2,6.6,1.0,1.0,16,3.424,31.338,10.9,21
2026-08-22T10:03:46,1010.2,6.5,1.0,1.0,16,3.424,31.338,10.9,21
2026-08-22T10:03:48,1012.2,6.6,1.0,1.0,16,3.424,31.338,10.9,21
2026-08-22T10:03:50,1014.2,6.6,1.0,1.0,16,3.431,31.338,10.9,21
2026-08-22T10:03:52,1016.2,6.6,1.0,1.0,16,3.431,31.338,10.9,21
2026-08-22T10:03:54,1018.2,6.6,1.0,1.0,16,3.424,31.338,10.9,21
2026-08-22T10:03:56,1020.2,6.5,1.0,1.0,16,3.424,31.338,10.9,21
2026-08-22T10:03:58,1022.2,6.6,1.0,1.0,16,3.424,31.338,10.9,21
2026-08-22T10:04:00,1024.2,6.4,1.0,1.0,16,3.424,31.338,10.9,21
2026-08-22T10:04:02,1026.2,6.6,1.0,1.0,16,3.424,31.338,10.9,21
2026-08-22T10:04:04,1028.2,6.6,1.0,1.0,16,3.424,31.338,10.9,21
2026-08-22T10:04:06,1030.2,6.5,1.0,1.0,16,3.424,31.338,10.9,21
2026-08-22T10:04:08,1032.2,6.6,1.0,1.0,16,3.431,31.338,10.9,21
2026-08-22T10:04:10,1034.2,6.5,1.0,1.0,16,3.431,31.338,10.9,21
2026-08-22T10:04:12,1036.2,6.6,1.0,1.0,16,3.427,31.338,10.9,21
2026-08-22T10:04:14,1038.2,6.5,1.0,1.0,16,3.426,31.338,10.9,21
2026-08-22T10:04:16,1040.2,6.6,1.0,1.0,16,3.426,31.338,10.9,21
2026-08-22T10:04:18,1042.2,6.6,1.0,1.0,16,3.421,31.338,10.9,21
2026-08-22T10:04:20,1044.2,6.5,1.0,1.0,16,3.421,31.338,10.9,21
2026-08-22T10:04:22,1046.2,6.5,1.0,1.0,16,3.421,31.338,10.9,21
2026-08-22T10:04:24,1048.2,6.5,1.0,1.0,16,3.422,31.338,10.9,21
2026-08-22T10:04:26,1050.2,6.6,1.0,1.0,16,3.425,31.338,10.9,21
2026-08-22T10:04:28,1052.2,6.5,1.0,1.0,16,3.425,31.338,10.9,21
2026-08-22T10:04:30,1054.2,6.5,1.0,1.0,16,3.421,31.338,10.9,21
2026-08-22T10:04:32,1056.2,6.6,1.0,1.0,16,3.421,31.338,10.9,21
2026-08-22T10:04:34,1058.2,6.5,1.0,1.0,16,3.421,31.338,10.9,21
2026-08-22T10:04:36,1060.2,6.5,1.0,1.0,16,3.421,31.338,10.9,21
2026-08-22T10:04:38,1062.2,6.6,1.0,1.0,16,3.421,31.338,10.9,21
2026-08-22T10:04:40,1064.2,6.5,1.0,1.0,16,3.421,31.338,10.9,21
2026-08-22T10:04:42,1066.2,6.5,1.0,1.0,16,3.421,31.338,10.9,21
2026-08-22T10:04:44,1068.2,6.5,1.0,1.0,16,3.429,31.338,10.9,21
2026-08-22T10:04:46,1070.2,6.6,1.0,1.0,16,3.429,31.338,10.9,21
2026-08-22T10:04:48,1072.2,6.6,1.0,1.0,16,3.424,31.338,10.9,21
2026-08-22T10:04:50,1074.2,6.5,1.0,1.0,16,3.424,31.338,10.9,21
2026-08-22T10:04:52,1076.2,6.6,1.0,1.0,16,3.424,31.338,10.9,21
2026-08-22T10:04:54,1078.2,6.5,1.0,1.0,16,3.424,31.338,10.9,21
2026-08-22T10:04:56,1080.2,6.6,1.0,1.0,16,3.424,31.338,10.9,21
2026-08-22T10:04:58,1082.2,6.5,1.0,1.0,16,3.424,31.338,10.9,21
2026-08-22T10:05:00,1084.2,6.6,1.0,1.0,16,3.424,31.338,10.9,21
2026-08-22T10:05:02,1086.2,6.5,1.0,1.0,16,3.432,31.338,11.0,21
2026-08-22T10:05:04,1088.2,6.6,1.0,1.0,16,3.432,31.338,11.0,21
2026-08-22T10:05:06,1090.2,6.6,1.0,1.0,16,3.647,31.338,11.6,21
2026-08-22T10:05:08,1092.2,6.5,1.0,1.0,16,3.642,31.338,11.6,21
2026-08-22T10:05:10,1094.2,6.5,1.0,1.0,16,3.642,31.338,11.6,21
2026-08-22T10:05:12,1096.2,6.6,1.0,1.0,16,3.642,31.338,11.6,21
2026-08-22T10:05:14,1098.2,6.6,1.0,1.0,16,3.642,31.338,11.6,21
2026-08-22T10:05:16,1100.2,6.6,1.0,1.0,16,3.643,31.338,11.6,21
2026-08-22T10:05:18,1102.2,6.5,1.0,1.0,16,3.643,31.338,11.6,21
2026-08-22T10:05:20,1104.2,6.6,1.0,1.0,16,3.643,31.338,11.6,21
2026-08-22T10:05:22,1106.2,6.6,1.0,1.0,16,3.646,31.338,11.6,21
2026-08-22T10:05:24,1108.2,6.6,1.0,1.0,16,3.646,31.338,11.6,21
2026-08-22T10:05:26,1110.2,6.5,1.0,1.0,16,3.64,31.338,11.6,21
2026-08-22T10:05:28,1112.2,6.5,1.0,1.0,16,3.638,31.338,11.6,21
2026-08-22T10:05:30,1114.2,6.5,1.0,1.0,16,3.635,31.338,11.6,21
2026-08-22T10:05:32,1116.2,6.5,1.0,1.0,16,3.634,31.338,11.6,21
2026-08-22T10:05:34,1118.2,6.6,1.0,1.0,16,3.631,31.338,11.6,21
2026-08-22T10:05:36,1120.2,6.5,1.0,1.0,16,3.63,31.338,11.6,21
2026-08-22T10:05:38,1122.2,6.6,1.0,1.0,16,3.63,31.338,11.6,21
2026-08-22T10:05:40,1124.2,6.6,1.0,1.0,16,3.637,31.338,11.6,21
2026-08-22T10:05:42,1126.2,6.6,1.0,1.0,16,3.637,31.338,11.6,21
2026-08-22T10:05:44,1128.2,6.6,1.0,1.0,16,3.633,31.338,11.6,21
2026-08-22T10:05:46,1130.2,6.6,1.0,1.0,16,3.634,31.338,11.6,21
2026-08-22T10:05:48,1132.2,6.6,1.0,1.0,16,3.63,31.338,11.6,21
2026-08-22T10:05:50,1134.2,6.5,1.0,1.0,16,3.63,31.338,11.6,21
2026-08-22T10:05:52,1136.2,6.5,1.0,1.0,16,3.63,31.338,11.6,21
2026-08-22T10:05:54,1138.2,6.6,1.0,1.0,16,3.627,31.338,11.6,21
2026-08-22T10:05:56,1140.2,6.6,1.0,1.0,16,3.627,31.338,11.6,21
2026-08-22T10:05:58,1142.2,6.6,1.0,1.0,16,3.631,31.338,11.6,21
2026-08-22T10:06:00,1144.2,6.6,1.0,1.0,16,3.631,31.338,11.6,21
2026-08-22T10:06:02,1146.2,6.5,1.0,1.0,16,3.626,31.338,11.6,21
2026-08-22T10:06:04,1148.3,6.6,1.0,1.0,16,3.626,31.338,11.6,21
2026-08-22T10:06:06,1150.3,6.5,1.0,1.0,16,3.626,31.338,11.6,21
2026-08-22T10:06:08,1152.3,6.5,1.0,1.0,16,3.626,31.338,11.6,21
2026-08-22T10:06:10,1154.3,6.5,1.0,1.0,16,3.626,31.338,11.6,21
2026-08-22T10:06:12,1156.3,6.5,1.0,1.0,16,3.626,31.338,11.6,21
2026-08-22T10:06:14,1158.3,6.5,1.0,1.0,16,3.626,31.338,11.6,21
2026-08-22T10:06:16,1160.3,6.5,1.0,1.0,16,3.634,31.338,11.6,21
2026-08-22T10:06:18,1162.3,6.6,1.0,1.0,16,3.634,31.338,11.6,21
2026-08-22T10:06:20,1164.3,6.6,1.0,1.0,16,3.63,31.338,11.6,21
2026-08-22T10:06:22,1166.3,6.5,1.0,1.0,16,3.63,31.338,11.6,21
2026-08-22T10:06:24,1168.3,6.5,1.0,1.0,16,3.63,31.338,11.6,21
2026-08-22T10:06:26,1170.3,6.5,1.0,1.0,16,3.63,31.338,11.6,21
2026-08-22T10:06:28,1172.3,6.6,1.0,1.0,16,3.63,31.338,11.6,21
2026-08-22T10:06:30,1174.3,6.5,1.0,1.0,16,3.63,31.338,11.6,21
2026-08-22T10:06:32,1176.3,6.5,1.0,1.0,16,3.63,31.338,11.6,21
2026-08-22T10:06:34,1178.3,6.6,1.0,1.0,16,3.637,31.338,11.6,21
2026-08-22T10:06:36,1180.3,6.6,1.0,1.0,16,3.637,31.338,11.6,21
2026-08-22T10:06:38,1182.3,6.6,1.0,1.0,16,3.868,31.338,12.3,21
2026-08-22T10:06:40,1184.3,6.6,1.0,1.0,16,4.679,31.338,14.9,21
2026-08-22T10:06:42,1186.3,6.6,1.0,1.0,16,4.719,31.338,15.1,21
2026-08-22T10:06:44,1188.3,6.6,1.0,1.0,16,4.746,31.338,15.1,21
2026-08-22T10:06:46,1190.3,6.6,1.0,1.0,16,4.714,31.338,15.0,21
2026-08-22T10:06:48,1192.3,6.6,1.0,1.0,16,4.729,31.338,15.1,21
2026-08-22T10:06:50,1194.3,6.6,1.0,1.0,16,5.479,31.338,17.5,21
2026-08-22T10:06:52,1196.3,6.6,1.0,1.0,16,7.262,31.338,23.2,21
2026-08-22T10:06:54,1198.3,6.5,1.0,1.0,16,7.269,31.338,23.2,21
2026-08-22T10:06:56,1200.3,6.5,1.0,1.0,16,7.253,31.338,23.1,21
2026-08-22T10:06:58,1202.3,6.7,1.0,1.0,16,7.266,31.338,23.2,21
2026-08-22T10:07:00,1204.3,6.5,1.0,1.0,16,7.292,31.338,23.3,21
2026-08-22T10:07:02,1206.3,6.6,1.0,1.0,16,7.325,31.338,23.4,21
2026-08-22T10:07:04,1208.3,6.5,1.0,1.0,16,7.359,31.338,23.5,21
2026-08-22T10:07:06,1210.3,6.8,1.0,1.0,16,7.352,31.338,23.5,21
2026-08-22T10:07:08,1212.3,6.7,1.0,1.0,16,7.383,31.338,23.6,21
2026-08-22T10:07:10,1214.3,6.6,1.0,1.0,16,7.413,31.338,23.7,21
2026-08-22T10:07:12,1216.3,6.6,1.0,1.0,16,7.426,31.338,23.7,21
2026-08-22T10:07:14,1218.3,6.7,1.0,1.0,16,7.451,31.338,23.8,21
2026-08-22T10:07:16,1220.3,6.7,1.0,1.0,16,7.482,31.338,23.9,21
2026-08-22T10:07:18,1222.3,5.5,1.0,1.0,16,7.005,31.338,22.4,20
2026-08-22T10:07:20,1224.3,6.5,1.0,1.0,16,6.968,31.338,22.2,20
2026-08-22T10:07:22,1226.3,6.6,1.0,1.0,16,6.905,31.338,22.0,20
2026-08-22T10:07:24,1228.3,6.6,1.0,1.0,16,6.905,31.338,22.0,20
2026-08-22T10:07:26,1230.3,6.5,1.0,1.0,16,6.905,31.338,22.0,20
2026-08-22T10:07:28,1232.3,6.5,1.0,1.0,16,6.906,31.338,22.0,20
2026-08-22T10:07:30,1234.3,6.6,1.0,1.0,16,6.906,31.338,22.0,20
2026-08-22T10:07:32,1236.3,6.5,1.0,1.0,16,6.894,31.338,22.0,20
2026-08-22T10:07:34,1238.3,6.6,1.0,1.0,16,6.894,31.338,22.0,20
2026-08-22T10:07:36,1240.3,7.0,1.0,1.0,16,7.095,31.338,22.6,20
2026-08-22T10:07:38,1242.3,12.9,1.0,1.0,16,7.663,31.338,24.5,20
2026-08-22T10:07:40,1244.3,12.0,1.08,1.02,16,7.771,31.338,24.8,20
2026-08-22T10:07:42,1246.3,12.8,1.08,1.02,16,7.772,31.338,24.8,20
2026-08-22T10:07:44,1248.3,12.8,1.08,1.02,16,7.772,31.338,24.8,20
2026-08-22T10:07:46,1250.3,12.9,1.15,1.03,16,7.773,31.338,24.8,20
2026-08-22T10:07:48,1252.3,7.1,1.15,1.03,16,7.786,31.338,24.8,20
2026-08-22T10:07:50,1254.3,6.5,1.14,1.03,16,7.789,31.338,24.9,20
2026-08-22T10:07:52,1256.3,12.5,1.14,1.03,16,7.781,31.338,24.8,20
2026-08-22T10:07:54,1258.3,12.9,1.14,1.03,16,7.776,31.338,24.8,20
2026-08-22T10:07:56,1260.3,13.0,1.21,1.05,16,7.77,31.338,24.8,20
2026-08-22T10:07:58,1262.3,10.5,1.21,1.05,16,7.762,31.338,24.8,20
2026-08-22T10:08:00,1264.3,6.6,1.19,1.05,16,7.753,31.338,24.7,20
2026-08-22T10:08:02,1266.3,9.5,1.19,1.05,16,7.745,31.338,24.7,20
2026-08-22T10:08:04,1268.3,13.0,1.19,1.05,16,7.732,31.338,24.7,20
2026-08-22T10:08:06,1270.3,13.0,1.26,1.06,16,7.732,31.338,24.7,20
2026-08-22T10:08:08,1272.3,13.0,1.26,1.06,16,7.732,31.338,24.7,20
2026-08-22T10:08:10,1274.3,7.2,1.24,1.06,16,7.732,31.338,24.7,20
2026-08-22T10:08:12,1276.3,6.5,1.24,1.06,16,7.732,31.338,24.7,20
2026-08-22T10:08:14,1278.3,12.8,1.24,1.06,16,7.732,31.338,24.7,20
2026-08-22T10:08:16,1280.3,12.9,1.3,1.08,16,7.732,31.338,24.7,20
2026-08-22T10:08:18,1282.3,13.0,1.3,1.08,16,7.732,31.338,24.7,20
2026-08-22T10:08:20,1284.3,10.2,1.27,1.08,16,7.73,31.338,24.7,20
2026-08-22T10:08:22,1286.3,6.6,1.27,1.08,16,7.73,31.338,24.7,20
2026-08-22T10:08:24,1288.3,9.6,1.27,1.08,16,7.73,31.338,24.7,20
2026-08-22T10:08:26,1290.3,12.9,1.33,1.09,16,7.729,31.338,24.7,20
2026-08-22T10:08:28,1292.3,13.0,1.33,1.09,16,7.729,31.338,24.7,20
2026-08-22T10:08:30,1294.3,12.9,1.39,1.11,16,7.73,31.338,24.7,20
2026-08-22T10:08:32,1296.3,7.1,1.39,1.11,16,7.73,31.338,24.7,20
2026-08-22T10:08:34,1298.3,6.9,1.39,1.11,16,7.73,31.338,24.7,20
2026-08-22T10:08:36,1300.3,12.8,1.44,1.12,16,7.73,31.338,24.7,20
2026-08-22T10:08:38,1302.3,12.9,1.44,1.12,16,7.73,31.338,24.7,20
2026-08-22T10:08:40,1304.3,12.8,1.48,1.14,16,7.729,31.338,24.7,20
2026-08-22T10:08:42,1306.3,9.9,1.48,1.14,16,7.729,31.338,24.7,20
2026-08-22T10:08:44,1308.3,6.5,1.48,1.14,16,7.729,31.338,24.7,20
2026-08-22T10:08:46,1310.3,10.7,1.44,1.13,16,7.729,31.338,24.7,20
2026-08-22T10:08:48,1312.3,12.8,1.44,1.13,16,7.729,31.338,24.7,20
2026-08-22T10:08:50,1314.3,12.9,1.49,1.15,16,7.73,31.338,24.7,20
2026-08-22T10:08:52,1316.3,12.3,1.49,1.15,16,7.73,31.338,24.7,20
2026-08-22T10:08:54,1318.3,6.6,1.49,1.15,16,7.73,31.338,24.7,20
2026-08-22T10:08:56,1320.3,7.8,1.45,1.15,16,7.73,31.338,24.7,20
2026-08-22T10:08:58,1322.3,13.0,1.45,1.15,16,7.73,31.338,24.7,20
2026-08-22T10:09:00,1324.3,13.0,1.49,1.16,16,7.727,31.338,24.7,20
2026-08-22T10:09:02,1326.3,12.8,1.49,1.16,16,7.727,31.338,24.7,20
2026-08-22T10:09:04,1328.3,9.1,1.49,1.16,16,7.727,31.338,24.7,20
2026-08-22T10:09:06,1330.3,6.5,1.45,1.16,16,7.727,31.338,24.7,20
2026-08-22T10:09:08,1332.3,11.4,1.45,1.16,16,7.727,31.338,24.7,20
2026-08-22T10:09:10,1334.3,12.8,1.5,1.17,16,7.732,31.338,24.7,20
2026-08-22T10:09:12,1336.3,12.8,1.5,1.17,16,7.731,31.338,24.7,20
2026-08-22T10:09:14,1338.3,11.6,1.5,1.17,16,7.731,31.338,24.7,20
2026-08-22T10:09:16,1340.3,6.5,1.46,1.17,16,7.731,31.338,24.7,20
2026-08-22T10:09:18,1342.3,9.0,1.46,1.17,16,7.731,31.338,24.7,20
2026-08-22T10:09:20,1344.3,12.8,1.5,1.18,16,7.731,31.338,24.7,20
2026-08-22T10:09:22,1346.3,12.8,1.5,1.18,16,7.731,31.338,24.7,20
2026-08-22T10:09:24,1348.3,12.8,1.5,1.18,16,7.728,31.338,24.7,20
2026-08-22T10:09:26,1350.3,8.5,1.54,1.2,16,7.728,31.338,24.7,20
2026-08-22T10:09:28,1352.3,6.6,1.54,1.2,16,7.728,31.338,24.7,20
2026-08-22T10:09:30,1354.3,12.0,1.58,1.21,16,7.728,31.338,24.7,20
2026-08-22T10:09:32,1356.3,12.8,1.58,1.21,16,7.732,31.338,24.7,20
2026-08-22T10:09:34,1358.3,12.8,1.58,1.21,16,7.732,31.338,24.7,20
2026-08-22T10:09:36,1360.3,11.1,1.61,1.22,16,7.732,31.338,24.7,20
2026-08-22T10:09:38,1362.3,6.6,1.61,1.22,16,7.732,31.338,24.7,20
2026-08-22T10:09:40,1364.3,9.5,1.64,1.24,16,7.732,31.338,24.7,20
2026-08-22T10:09:42,1366.3,12.9,1.64,1.24,16,7.73,31.338,24.7,20
2026-08-22T10:09:44,1368.3,12.8,1.64,1.24,16,7.73,31.338,24.7,20
2026-08-22T10:09:46,1370.3,12.8,1.67,1.25,16,7.73,31.338,24.7,20
2026-08-22T10:09:48,1372.3,7.4,1.67,1.25,16,7.73,31.338,24.7,20
2026-08-22T10:09:50,1374.3,6.7,1.62,1.25,16,7.73,31.338,24.7,20
2026-08-22T10:09:52,1376.3,12.8,1.62,1.25,16,7.732,31.338,24.7,20
2026-08-22T10:09:54,1378.3,12.8,1.62,1.25,16,7.733,31.338,24.7,20
2026-08-22T10:09:56,1380.3,12.8,1.65,1.26,16,7.732,31.338,24.7,20
2026-08-22T10:09:58,1382.3,10.0,1.65,1.26,16,7.732,31.338,24.7,20
2026-08-22T10:10:00,1384.3,6.5,1.6,1.25,16,7.732,31.338,24.7,20
2026-08-22T10:10:02,1386.3,9.9,1.6,1.25,16,7.731,31.338,24.7,20
2026-08-22T10:10:04,1388.3,12.8,1.6,1.25,16,7.731,31.338,24.7,20
2026-08-22T10:10:06,1390.3,12.9,1.63,1.27,16,7.731,31.338,24.7,20
2026-08-22T10:10:08,1392.3,12.9,1.63,1.27,16,7.731,31.338,24.7,20
2026-08-22T10:10:10,1394.3,7.0,1.66,1.28,16,7.731,31.338,24.7,20
2026-08-22T10:10:12,1396.3,7.2,1.66,1.28,16,7.732,31.338,24.7,20
2026-08-22T10:10:14,1398.3,12.9,1.66,1.28,16,7.732,31.338,24.7,20
2026-08-22T10:10:16,1400.3,12.9,1.69,1.29,16,7.732,31.338,24.7,20
2026-08-22T10:10:18,1402.3,12.8,1.69,1.29,16,7.732,31.338,24.7,20
2026-08-22T10:10:20,1404.3,9.7,1.63,1.29,16,7.732,31.338,24.7,20
2026-08-22T10:10:22,1406.3,6.5,1.63,1.29,16,7.73,31.338,24.7,20
2026-08-22T10:10:24,1408.3,8.5,1.63,1.29,16,7.73,31.338,24.7,20
2026-08-22T10:10:26,1410.3,12.8,1.66,1.3,16,7.731,31.338,24.7,20
2026-08-22T10:10:28,1412.3,12.8,1.66,1.3,16,7.731,31.338,24.7,20
2026-08-22T10:10:30,1414.3,12.8,1.69,1.31,16,7.731,31.338,24.7,20
2026-08-22T10:10:32,1416.3,8.5,1.69,1.31,16,7.731,31.338,24.7,20
2026-08-22T10:10:34,1418.3,6.5,1.69,1.31,16,7.731,31.338,24.7,20
2026-08-22T10:10:36,1420.3,11.9,1.71,1.32,16,7.731,31.338,24.7,20
2026-08-22T10:10:38,1422.3,12.9,1.71,1.32,16,7.732,31.338,24.7,20
2026-08-22T10:10:40,1424.3,12.9,1.74,1.33,16,7.732,31.338,24.7,20
2026-08-22T10:10:42,1426.3,11.0,1.74,1.33,16,7.732,31.338,24.7,20
2026-08-22T10:10:44,1428.3,6.6,1.74,1.33,16,7.732,31.338,24.7,20
2026-08-22T10:10:46,1430.3,9.5,1.68,1.33,16,7.732,31.338,24.7,20
2026-08-22T10:10:48,1432.3,12.9,1.68,1.33,16,7.732,31.338,24.7,20
2026-08-22T10:10:50,1434.3,12.9,1.7,1.34,16,7.732,31.338,24.7,20
2026-08-22T10:10:52,1436.3,12.8,1.7,1.34,16,7.732,31.338,24.7,20
2026-08-22T10:10:54,1438.3,7.4,1.7,1.34,16,7.732,31.338,24.7,20
2026-08-22T10:10:56,1440.3,6.8,1.65,1.33,16,7.732,31.338,24.7,20
2026-08-22T10:10:58,1442.3,12.9,1.65,1.33,16,7.732,31.338,24.7,20
2026-08-22T10:11:00,1444.3,12.8,1.68,1.34,16,7.732,31.338,24.7,20
2026-08-22T10:11:02,1446.3,12.8,1.68,1.34,16,7.732,31.338,24.7,20
2026-08-22T10:11:04,1448.3,10.0,1.68,1.34,16,7.732,31.338,24.7,20
2026-08-22T10:11:06,1450.3,6.6,1.62,1.34,16,7.732,31.338,24.7,20
2026-08-22T10:11:08,1452.3,9.9,1.62,1.34,16,7.732,31.338,24.7,20
2026-08-22T10:11:10,1454.3,12.8,1.65,1.35,16,7.732,31.338,24.7,20
2026-08-22T10:11:12,1456.3,12.9,1.65,1.35,16,7.732,31.338,24.7,20
2026-08-22T10:11:14,1458.3,12.8,1.65,1.35,16,7.732,31.338,24.7,20
2026-08-22T10:11:16,1460.3,6.9,1.6,1.34,16,7.732,31.338,24.7,20
2026-08-22T10:11:18,1462.3,7.0,1.6,1.34,16,7.732,31.338,24.7,20
2026-08-22T10:11:20,1464.3,12.9,1.63,1.35,16,7.732,31.338,24.7,20
2026-08-22T10:11:22,1466.3,12.8,1.63,1.35,16,7.732,31.338,24.7,20
2026-08-22T10:11:24,1468.3,12.9,1.63,1.35,16,7.732,31.338,24.7,20
2026-08-22T10:11:26,1470.3,9.8,1.66,1.37,16,7.732,31.338,24.7,20
2026-08-22T10:11:28,1472.3,6.6,1.66,1.37,16,7.732,31.338,24.7,20
2026-08-22T10:11:30,1474.3,10.5,1.69,1.38,16,7.732,31.338,24.7,20
2026-08-22T10:11:32,1476.3,12.9,1.69,1.38,16,7.732,31.338,24.7,20
2026-08-22T10:11:34,1478.3,12.8,1.69,1.38,16,7.732,31.338,24.7,20
2026-08-22T10:11:36,1480.3,12.7,1.71,1.39,16,7.732,31.338,24.7,20
2026-08-22T10:11:38,1482.3,6.6,1.71,1.39,16,7.732,31.338,24.7,20
2026-08-22T10:11:40,1484.3,7.8,1.66,1.38,16,7.732,31.338,24.7,20
2026-08-22T10:11:42,1486.3,12.8,1.66,1.38,16,7.732,31.338,24.7,20
2026-08-22T10:11:44,1488.3,12.9,1.66,1.38,16,7.732,31.338,24.7,20
2026-08-22T10:11:46,1490.3,12.8,1.68,1.39,16,7.732,31.338,24.7,20
2026-08-22T10:11:48,1492.3,9.2,1.68,1.39,16,7.732,31.338,24.7,20
2026-08-22T10:11:50,1494.3,6.6,1.63,1.38,16,7.732,31.338,24.7,20
2026-08-22T10:11:52,1496.3,11.2,1.63,1.38,16,7.732,31.338,24.7,20
2026-08-22T10:11:54,1498.3,12.9,1.63,1.38,16,7.728,31.338,24.7,20
2026-08-22T10:11:56,1500.3,12.9,1.66,1.39,16,7.728,31.338,24.7,20
2026-08-22T10:11:58,1502.3,12.0,1.66,1.39,16,7.728,31.338,24.7,20
2026-08-22T10:12:00,1504.3,6.6,1.61,1.39,16,7.727,31.338,24.7,20
2026-08-22T10:12:02,1506.3,8.4,1.61,1.39,16,7.727,31.338,24.7,20
2026-08-22T10:12:04,1508.3,12.8,1.61,1.39,16,7.728,31.338,24.7,20
2026-08-22T10:12:06,1510.3,12.9,1.64,1.4,16,7.728,31.338,24.7,20
2026-08-22T10:12:08,1512.3,12.9,1.64,1.4,16,7.727,31.338,24.7,20
2026-08-22T10:12:10,1514.3,8.4,1.59,1.39,16,7.727,31.338,24.7,20
2026-08-22T10:12:12,1516.3,6.5,1.59,1.39,16,7.728,31.338,24.7,20
2026-08-22T10:12:14,1518.3,11.4,1.59,1.39,16,7.728,31.338,24.7,20
2026-08-22T10:12:16,1520.3,12.8,1.62,1.4,16,7.728,31.338,24.7,20
2026-08-22T10:12:18,1522.3,12.9,1.62,1.4,16,7.728,31.338,24.7,20
2026-08-22T10:12:20,1524.3,11.6,1.65,1.41,16,7.728,31.338,24.7,20
2026-08-22T10:12:22,1526.3,6.7,1.65,1.41,16,7.728,31.338,24.7,20
2026-08-22T10:12:24,1528.3,8.8,1.65,1.41,16,7.728,31.338,24.7,20
2026-08-22T10:12:26,1530.3,12.9,1.68,1.42,16,7.728,31.338,24.7,20
2026-08-22T10:12:28,1532.3,12.9,1.68,1.42,16,7.728,31.338,24.7,20
2026-08-22T10:12:30,1534.3,12.8,1.7,1.43,16,7.728,31.338,24.7,20
2026-08-22T10:12:32,1536.3,8.0,1.7,1.43,16,7.728,31.338,24.7,20
2026-08-22T10:12:34,1538.3,6.6,1.7,1.43,16,7.728,31.338,24.7,20
2026-08-22T10:12:36,1540.3,12.3,1.73,1.44,16,7.728,31.338,24.7,20
2026-08-22T10:12:38,1542.3,12.9,1.73,1.44,16,7.728,31.338,24.7,20
2026-08-22T10:12:40,1544.3,12.8,1.75,1.45,16,7.728,31.338,24.7,20
2026-08-22T10:12:42,1546.3,10.7,1.75,1.45,16,7.728,31.338,24.7,20
2026-08-22T10:12:44,1548.3,6.6,1.75,1.45,16,7.728,31.338,24.7,20
2026-08-22T10:12:46,1550.3,9.7,1.69,1.44,16,7.729,31.338,24.7,20
2026-08-22T10:12:48,1552.3,12.8,1.69,1.44,16,7.729,31.338,24.7,20
2026-08-22T10:12:50,1554.3,12.8,1.71,1.45,16,7.729,31.338,24.7,20
2026-08-22T10:12:52,1556.3,12.9,1.71,1.45,16,7.729,31.338,24.7,20
2026-08-22T10:12:54,1558.3,7.1,1.71,1.45,16,7.729,31.338,24.7,20
2026-08-22T10:12:56,1560.3,7.0,1.66,1.44,16,7.729,31.338,24.7,20
2026-08-22T10:12:58,1562.3,12.9,1.66,1.44,16,7.729,31.338,24.7,20
2026-08-22T10:13:00,1564.3,12.8,1.69,1.45,16,7.729,31.338,24.7,20
2026-08-22T10:13:02,1566.3,12.8,1.69,1.45,16,7.729,31.338,24.7,20
2026-08-22T10:13:04,1568.3,9.6,1.69,1.45,16,7.729,31.338,24.7,20
2026-08-22T10:13:06,1570.3,6.6,1.63,1.45,16,7.729,31.338,24.7,20
2026-08-22T10:13:08,1572.3,8.1,1.63,1.45,16,7.729,31.338,24.7,20
2026-08-22T10:13:10,1574.3,12.8,1.66,1.46,16,7.729,31.338,24.7,20
2026-08-22T10:13:12,1576.3,12.8,1.66,1.46,16,7.729,31.338,24.7,20
2026-08-22T10:13:14,1578.3,12.8,1.66,1.46,16,7.729,31.338,24.7,20
2026-08-22T10:13:16,1580.3,8.6,1.77,1.48,16,7.729,31.338,24.7,20
2026-08-22T10:13:18,1582.3,6.7,1.77,1.48,16,7.729,31.338,24.7,20
2026-08-22T10:13:20,1584.3,11.8,1.79,1.49,16,7.729,31.338,24.7,20
2026-08-22T10:13:22,1586.3,12.8,1.79,1.49,16,7.729,31.338,24.7,20
2026-08-22T10:13:24,1588.3,12.9,1.79,1.49,16,7.729,31.338,24.7,20
2026-08-22T10:13:26,1590.3,11.3,1.8,1.5,16,7.729,31.338,24.7,20
2026-08-22T10:13:28,1592.3,6.6,1.8,1.5,16,7.729,31.338,24.7,20
2026-08-22T10:13:30,1594.3,8.6,1.74,1.49,16,7.729,31.338,24.7,20
2026-08-22T10:13:32,1596.3,12.8,1.74,1.49,16,7.729,31.338,24.7,20
2026-08-22T10:13:34,1598.3,12.8,1.74,1.49,16,7.729,31.338,24.7,20
2026-08-22T10:13:36,1600.3,12.8,1.76,1.5,16,7.729,31.338,24.7,20
2026-08-22T10:13:38,1602.4,8.3,1.76,1.5,16,7.729,31.338,24.7,20
2026-08-22T10:13:40,1604.4,6.5,1.7,1.49,16,7.729,31.338,24.7,20
2026-08-22T10:13:42,1606.4,12.0,1.7,1.49,16,7.729,31.338,24.7,20
2026-08-22T10:13:44,1608.4,12.9,1.7,1.49,16,7.729,31.338,24.7,20
2026-08-22T10:13:46,1610.4,12.8,1.72,1.5,16,7.729,31.338,24.7,20
2026-08-22T10:13:48,1612.4,11.1,1.72,1.5,16,7.729,31.338,24.7,20
2026-08-22T10:13:50,1614.4,6.6,1.67,1.49,16,7.729,31.338,24.7,20
2026-08-22T10:13:52,1616.4,9.4,1.67,1.49,16,7.729,31.338,24.7,20
2026-08-22T10:13:54,1618.4,12.8,1.67,1.49,16,7.729,31.338,24.7,20
2026-08-22T10:13:56,1620.4,12.8,1.69,1.5,16,7.729,31.338,24.7,20
2026-08-22T10:13:58,1622.4,12.9,1.69,1.5,16,7.729,31.338,24.7,20
2026-08-22T10:14:00,1624.4,7.5,1.64,1.49,16,7.729,31.338,24.7,20
2026-08-22T10:14:02,1626.4,6.7,1.64,1.49,16,7.729,31.338,24.7,20
2026-08-22T10:14:04,1628.4,12.9,1.64,1.49,16,7.729,31.338,24.7,20
2026-08-22T10:14:06,1630.4,12.8,1.67,1.5,16,7.729,31.338,24.7,20
2026-08-22T10:14:08,1632.4,12.8,1.67,1.5,16,7.729,31.338,24.7,20
2026-08-22T10:14:10,1634.4,10.0,1.61,1.49,16,7.729,31.338,24.7,20
2026-08-22T10:14:12,1636.4,6.5,1.61,1.49,16,7.729,31.338,24.7,20
2026-08-22T10:14:14,1638.4,10.5,1.61,1.49,16,7.729,31.338,24.7,20
2026-08-22T10:14:16,1640.4,12.8,1.64,1.5,16,7.729,31.338,24.7,20
2026-08-22T10:14:18,1642.4,12.8,1.64,1.5,16,7.729,31.338,24.7,20
2026-08-22T10:14:20,1644.4,12.6,1.67,1.51,16,7.729,31.338,24.7,20
2026-08-22T10:14:22,1646.4,6.6,1.67,1.51,16,7.729,31.338,24.7,20
2026-08-22T10:14:24,1648.4,7.5,1.67,1.51,16,7.729,31.338,24.7,20
2026-08-22T10:14:26,1650.4,12.9,1.7,1.52,16,7.729,31.338,24.7,20
2026-08-22T10:14:28,1652.4,12.8,1.7,1.52,16,7.729,31.338,24.7,20
2026-08-22T10:14:30,1654.4,12.8,1.72,1.53,16,7.729,31.338,24.7,20
2026-08-22T10:14:32,1656.4,9.4,1.72,1.53,16,7.732,31.338,24.7,20
2026-08-22T10:14:34,1658.4,6.5,1.72,1.53,16,7.734,31.338,24.7,20
2026-08-22T10:14:36,1660.4,11.2,1.67,1.52,16,7.732,31.338,24.7,20
2026-08-22T10:14:38,1662.4,12.9,1.67,1.52,16,7.732,31.338,24.7,20
2026-08-22T10:14:40,1664.4,12.8,1.69,1.52,16,7.732,31.338,24.7,20
2026-08-22T10:14:42,1666.4,11.9,1.69,1.52,16,7.731,31.338,24.7,20
2026-08-22T10:14:44,1668.4,6.6,1.69,1.52,16,7.731,31.338,24.7,20
2026-08-22T10:14:46,1670.4,8.8,1.64,1.52,16,7.731,31.338,24.7,20
2026-08-22T10:14:48,1672.4,12.8,1.64,1.52,16,7.726,31.338,24.7,20
2026-08-22T10:14:50,1674.4,12.8,1.67,1.52,16,7.722,31.338,24.6,20
2026-08-22T10:14:52,1676.4,12.8,1.67,1.52,16,7.722,31.338,24.6,20
2026-08-22T10:14:54,1678.4,8.1,1.67,1.52,16,7.722,31.338,24.6,20
2026-08-22T10:14:56,1680.4,6.6,1.61,1.52,16,7.722,31.338,24.6,20
2026-08-22T10:14:58,1682.4,12.3,1.61,1.52,16,7.723,31.338,24.6,20
2026-08-22T10:15:00,1684.4,12.8,1.64,1.52,16,7.723,31.338,24.6,20
2026-08-22T10:15:02,1686.4,12.9,1.64,1.52,16,7.723,31.338,24.6,20
2026-08-22T10:15:04,1688.4,10.8,1.64,1.52,16,7.723,31.338,24.6,20
2026-08-22T10:15:06,1690.4,6.6,1.59,1.52,16,7.723,31.338,24.6,20
2026-08-22T10:15:08,1692.4,9.7,1.59,1.52,16,7.723,31.338,24.6,20
2026-08-22T10:15:10,1694.4,12.8,1.62,1.52,16,7.723,31.338,24.6,20
2026-08-22T10:15:12,1696.4,12.8,1.62,1.52,16,7.723,31.338,24.6,20
2026-08-22T10:15:14,1698.4,12.9,1.62,1.52,16,7.723,31.338,24.6,20
2026-08-22T10:15:16,1700.4,7.2,1.57,1.51,16,7.723,31.338,24.6,20
2026-08-22T10:15:18,1702.4,6.9,1.57,1.51,16,7.723,31.338,24.6,20
2026-08-22T10:15:20,1704.4,12.8,1.61,1.52,16,7.723,31.338,24.6,20
2026-08-22T10:15:22,1706.4,12.9,1.61,1.52,16,7.723,31.338,24.6,20
2026-08-22T10:15:24,1708.4,12.8,1.61,1.52,16,7.723,31.338,24.6,20
2026-08-22T10:15:26,1710.4,9.9,1.64,1.53,16,7.723,31.338,24.6,20
2026-08-22T10:15:28,1712.4,6.5,1.64,1.53,16,7.723,31.338,24.6,20
2026-08-22T10:15:31,1714.4,10.2,1.67,1.54,16,7.723,31.338,24.6,20
2026-08-22T10:15:33,1716.4,12.8,1.67,1.54,16,7.723,31.338,24.6,20
2026-08-22T10:15:35,1718.4,12.9,1.67,1.54,16,7.723,31.338,24.6,20
2026-08-22T10:15:37,1720.4,12.8,1.7,1.55,16,7.723,31.338,24.6,20
2026-08-22T10:15:39,1722.4,7.2,1.7,1.55,16,7.723,31.338,24.6,20
2026-08-22T10:15:41,1724.4,7.0,1.64,1.54,16,7.723,31.338,24.6,20
2026-08-22T10:15:43,1726.4,12.8,1.64,1.54,16,7.723,31.338,24.6,20
2026-08-22T10:15:45,1728.4,12.9,1.64,1.54,16,7.723,31.338,24.6,20
2026-08-22T10:15:47,1730.4,12.8,1.67,1.55,16,7.723,31.338,24.6,20
2026-08-22T10:15:49,1732.4,9.8,1.67,1.55,16,7.723,31.338,24.6,20
2026-08-22T10:15:51,1734.4,6.5,1.62,1.54,16,7.723,31.338,24.6,20
2026-08-22T10:15:53,1736.4,8.1,1.62,1.54,16,7.723,31.338,24.6,20
2026-08-22T10:15:55,1738.4,12.9,1.62,1.54,16,7.723,31.338,24.6,20
2026-08-22T10:15:57,1740.4,12.8,1.65,1.54,16,7.723,31.338,24.6,20
2026-08-22T10:15:59,1742.4,12.8,1.65,1.54,16,7.723,31.338,24.6,20
2026-08-22T10:16:01,1744.4,8.7,1.59,1.53,16,7.723,31.338,24.6,20
2026-08-22T10:16:03,1746.4,6.6,1.59,1.53,16,7.723,31.338,24.6,20
2026-08-22T10:16:05,1748.4,11.5,1.59,1.53,16,7.723,31.338,24.6,20
2026-08-22T10:16:07,1750.4,12.8,1.63,1.54,16,7.723,31.338,24.6,20
2026-08-22T10:16:09,1752.4,12.8,1.63,1.54,16,7.723,31.338,24.6,20
2026-08-22T10:16:11,1754.4,11.6,1.66,1.55,16,7.723,31.338,24.6,20
2026-08-22T10:16:13,1756.4,6.6,1.66,1.55,16,7.723,31.338,24.6,20
2026-08-22T10:16:15,1758.4,8.6,1.66,1.55,16,7.723,31.338,24.6,20
2026-08-22T10:16:17,1760.4,12.8,1.69,1.56,16,7.723,31.338,24.6,20
2026-08-22T10:16:19,1762.4,12.8,1.69,1.56,16,7.723,31.338,24.6,20
2026-08-22T10:16:21,1764.4,12.8,1.71,1.57,16,7.723,31.338,24.6,20
2026-08-22T10:16:23,1766.4,8.3,1.71,1.57,16,7.723,31.338,24.6,20
2026-08-22T10:16:25,1768.4,6.6,1.71,1.57,16,7.723,31.338,24.6,20
2026-08-22T10:16:27,1770.4,12.3,1.73,1.57,16,7.723,31.338,24.6,20
2026-08-22T10:16:29,1772.4,12.9,1.73,1.57,16,7.723,31.338,24.6,20
2026-08-22T10:16:31,1774.4,12.9,1.76,1.58,16,7.723,31.338,24.6,20
2026-08-22T10:16:33,1776.4,10.9,1.76,1.58,16,7.723,31.338,24.6,20
2026-08-22T10:16:35,1778.4,6.6,1.76,1.58,16,7.723,31.338,24.6,20
2026-08-22T10:16:37,1780.4,9.1,1.7,1.57,16,7.723,31.338,24.6,20
2026-08-22T10:16:39,1782.4,13.0,1.7,1.57,16,7.723,31.338,24.6,20
2026-08-22T10:16:41,1784.4,12.8,1.72,1.58,16,7.723,31.338,24.6,20
2026-08-22T10:16:43,1786.4,12.9,1.72,1.58,16,7.723,31.338,24.6,20
2026-08-22T10:16:45,1788.4,7.9,1.72,1.58,16,7.723,31.338,24.6,20
2026-08-22T10:16:47,1790.4,6.6,1.66,1.57,16,7.723,31.338,24.6,20
2026-08-22T10:16:49,1792.4,12.8,1.66,1.57,16,7.723,31.338,24.6,20
2026-08-22T10:16:51,1794.4,12.8,1.69,1.58,16,7.723,31.338,24.6,20
2026-08-22T10:16:53,1796.4,12.9,1.69,1.58,16,7.723,31.338,24.6,20
2026-08-22T10:16:55,1798.4,10.3,1.69,1.58,16,7.723,31.338,24.6,20
2026-08-22T10:16:57,1800.4,6.6,1.63,1.57,16,7.723,31.338,24.6,20
2026-08-22T10:16:59,1802.4,10.2,1.63,1.57,16,7.723,31.338,24.6,20
2026-08-22T10:17:01,1804.4,12.8,1.66,1.57,16,7.723,31.338,24.6,20
2026-08-22T10:17:03,1806.4,12.9,1.66,1.57,16,7.724,31.338,24.6,20
2026-08-22T10:17:05,1808.4,12.8,1.66,1.57,16,7.724,31.338,24.6,20
2026-08-22T10:17:07,1810.4,6.7,1.61,1.56,16,7.724,31.338,24.6,20
2026-08-22T10:17:09,1812.4,7.6,1.61,1.56,16,7.724,31.338,24.6,20
2026-08-22T10:17:11,1814.4,12.9,1.64,1.57,16,7.724,31.338,24.6,20
2026-08-22T10:17:13,1816.4,12.8,1.64,1.57,16,7.724,31.338,24.6,20
2026-08-22T10:17:15,1818.4,12.8,1.64,1.57,16,7.724,31.338,24.6,20
2026-08-22T10:17:17,1820.4,9.2,1.67,1.58,16,7.724,31.338,24.6,20
2026-08-22T10:17:19,1822.4,6.5,1.67,1.58,16,7.724,31.338,24.6,20
2026-08-22T10:17:21,1824.4,11.4,1.7,1.59,16,7.724,31.338,24.6,20
2026-08-22T10:17:23,1826.4,12.9,1.7,1.59,16,7.723,31.338,24.6,20
2026-08-22T10:17:25,1828.4,12.9,1.7,1.59,16,7.723,31.338,24.6,20
2026-08-22T10:17:27,1830.4,11.7,1.72,1.59,16,7.723,31.338,24.6,20
2026-08-22T10:17:29,1832.4,6.6,1.72,1.59,16,7.723,31.338,24.6,20
2026-08-22T10:17:31,1834.4,8.9,1.74,1.6,16,7.723,31.338,24.6,20
2026-08-22T10:17:33,1836.4,12.9,1.74,1.6,16,7.723,31.338,24.6,20
2026-08-22T10:17:35,1838.4,12.9,1.74,1.6,16,7.723,31.338,24.6,20
2026-08-22T10:17:37,1840.4,12.9,1.76,1.61,16,7.723,31.338,24.6,20
2026-08-22T10:17:39,1842.4,8.1,1.76,1.61,16,7.723,31.338,24.6,20
2026-08-22T10:17:41,1844.4,6.6,1.7,1.6,16,7.723,31.338,24.6,20
2026-08-22T10:17:43,1846.4,12.4,1.7,1.6,16,7.723,31.338,24.6,20
2026-08-22T10:17:45,1848.4,12.8,1.7,1.6,16,7.723,31.338,24.6,20
2026-08-22T10:17:47,1850.4,12.8,1.73,1.6,16,7.723,31.338,24.6,20
2026-08-22T10:17:49,1852.4,10.7,1.73,1.6,16,7.723,31.338,24.6,20
2026-08-22T10:17:51,1854.4,6.6,1.67,1.59,16,7.723,31.338,24.6,20
2026-08-22T10:17:53,1856.4,9.2,1.67,1.59,16,7.723,31.338,24.6,20
2026-08-22T10:17:55,1858.4,12.8,1.67,1.59,16,7.723,31.338,24.6,20
2026-08-22T10:17:57,1860.4,12.9,1.7,1.6,16,7.723,31.338,24.6,20
2026-08-22T10:17:59,1862.4,12.8,1.7,1.6,16,7.723,31.338,24.6,20
2026-08-22T10:18:01,1864.4,7.6,1.64,1.59,16,7.723,31.338,24.6,20
2026-08-22T10:18:03,1866.4,6.7,1.64,1.59,16,7.723,31.338,24.6,20
2026-08-22T10:18:05,1868.4,12.8,1.64,1.59,16,7.723,31.338,24.6,20
2026-08-22T10:18:07,1870.4,12.9,1.67,1.6,16,7.723,31.338,24.6,20
2026-08-22T10:18:09,1872.4,12.8,1.67,1.6,16,7.723,31.338,24.6,20
2026-08-22T10:18:11,1874.4,10.2,1.61,1.59,16,7.723,31.338,24.6,20
2026-08-22T10:18:13,1876.4,6.5,1.61,1.59,16,7.723,31.338,24.6,20
2026-08-22T10:18:15,1878.4,10.3,1.61,1.59,16,7.723,31.338,24.6,20
2026-08-22T10:18:17,1880.4,12.9,1.65,1.59,16,7.723,31.338,24.6,20
2026-08-22T10:18:19,1882.4,12.8,1.65,1.59,16,7.723,31.338,24.6,20
2026-08-22T10:18:21,1884.4,12.8,1.67,1.6,16,7.723,31.338,24.6,20
2026-08-22T10:18:23,1886.4,6.6,1.67,1.6,16,7.723,31.338,24.6,20
2026-08-22T10:18:25,1888.4,7.6,1.67,1.6,16,7.723,31.338,24.6,20
2026-08-22T10:18:27,1890.4,12.8,1.7,1.61,16,7.723,31.338,24.6,20
2026-08-22T10:18:29,1892.4,12.9,1.7,1.61,16,7.723,31.338,24.6,20
2026-08-22T10:18:31,1894.4,12.8,1.73,1.61,16,7.723,31.338,24.6,20
2026-08-22T10:18:33,1896.4,9.4,1.73,1.61,16,7.723,31.338,24.6,20
2026-08-22T10:18:35,1898.4,6.6,1.73,1.61,16,7.723,31.338,24.6,20
2026-08-22T10:18:37,1900.4,8.1,1.67,1.6,16,7.723,31.338,24.6,20
2026-08-22T10:18:39,1902.4,12.8,1.67,1.6,16,7.723,31.338,24.6,20
2026-08-22T10:18:41,1904.4,12.9,1.69,1.61,16,7.723,31.338,24.6,20
2026-08-22T10:18:43,1906.4,12.9,1.69,1.61,16,7.723,31.338,24.6,20
2026-08-22T10:18:45,1908.4,8.6,1.69,1.61,16,7.723,31.338,24.6,20
2026-08-22T10:18:47,1910.4,6.7,1.64,1.6,16,7.723,31.338,24.6,20
2026-08-22T10:18:49,1912.4,11.3,1.64,1.6,16,7.723,31.338,24.6,20
2026-08-22T10:18:51,1914.4,12.9,1.67,1.61,16,7.723,31.338,24.6,20
2026-08-22T10:18:53,1916.4,12.8,1.67,1.61,16,7.723,31.338,24.6,20
2026-08-22T10:18:55,1918.4,11.7,1.67,1.61,16,7.723,31.338,24.6,20
2026-08-22T10:18:57,1920.4,6.6,1.61,1.6,16,7.723,31.338,24.6,20
2026-08-22T10:18:59,1922.4,8.7,1.61,1.6,16,7.723,31.338,24.6,20
2026-08-22T10:19:01,1924.4,12.8,1.65,1.6,16,7.723,31.338,24.6,20
2026-08-22T10:19:03,1926.4,12.9,1.65,1.6,16,7.723,31.338,24.6,20
2026-08-22T10:19:05,1928.4,12.9,1.65,1.6,16,7.723,31.338,24.6,20
2026-08-22T10:19:07,1930.4,8.1,1.67,1.61,16,7.723,31.338,24.6,20
2026-08-22T10:19:09,1932.4,6.5,1.67,1.61,16,7.723,31.338,24.6,20
2026-08-22T10:19:11,1934.4,12.3,1.7,1.62,16,7.723,31.338,24.6,20
2026-08-22T10:19:13,1936.4,12.8,1.7,1.62,16,7.723,31.338,24.6,20
2026-08-22T10:19:15,1938.4,12.9,1.7,1.62,16,7.723,31.338,24.6,20
2026-08-22T10:19:17,1940.4,10.9,1.73,1.62,16,7.723,31.338,24.6,20
2026-08-22T10:19:19,1942.4,6.5,1.73,1.62,16,7.723,31.338,24.6,20
2026-08-22T10:19:21,1944.4,9.9,1.75,1.63,16,7.723,31.338,24.6,20
2026-08-22T10:19:23,1946.4,13.3,1.75,1.63,16,7.723,31.338,24.6,20
2026-08-22T10:19:25,1948.4,13.2,1.75,1.63,16,7.723,31.338,24.6,20
2026-08-22T10:19:27,1950.4,13.2,1.77,1.64,16,7.723,31.338,24.6,20
2026-08-22T10:19:29,1952.4,7.5,1.77,1.64,16,7.723,31.338,24.6,20
2026-08-22T10:19:31,1954.4,6.6,1.71,1.63,16,7.722,31.338,24.6,20
2026-08-22T10:19:33,1956.4,6.6,1.71,1.63,16,7.722,31.338,24.6,20
2026-08-22T10:19:35,1958.4,6.6,1.71,1.63,16,7.722,31.338,24.6,20
2026-08-22T10:19:37,1960.4,6.6,1.65,1.62,16,7.722,31.338,24.6,20
2026-08-22T10:19:39,1962.4,6.6,1.65,1.62,16,7.723,31.338,24.6,20
2026-08-22T10:19:41,1964.4,6.6,1.6,1.6,16,7.723,31.338,24.6,20
2026-08-22T10:19:43,1966.4,6.6,1.6,1.6,16,8.444,31.338,26.9,20
2026-08-22T10:19:45,1968.4,6.7,1.6,1.6,16,8.444,31.338,26.9,20
2026-08-22T10:19:47,1970.4,6.5,1.55,1.59,16,8.444,31.338,26.9,20
2026-08-22T10:19:49,1972.4,6.6,1.55,1.59,16,8.444,31.338,26.9,20
2026-08-22T10:19:51,1974.4,6.6,1.5,1.58,16,8.444,31.338,26.9,20
2026-08-22T10:19:53,1976.4,6.6,1.5,1.58,16,8.444,31.338,26.9,20
2026-08-22T10:19:55,1978.4,6.5,1.5,1.58,16,8.444,31.338,26.9,20
2026-08-22T10:19:57,1980.4,6.6,1.46,1.57,16,8.444,31.338,26.9,20
2026-08-22T10:19:59,1982.4,6.5,1.46,1.57,16,8.444,31.338,26.9,20
2026-08-22T10:20:01,1984.4,6.6,1.43,1.56,16,8.444,31.338,26.9,20
2026-08-22T10:20:03,1986.4,6.6,1.43,1.56,16,8.444,31.338,26.9,20
2026-08-22T10:20:05,1988.4,6.5,1.43,1.56,16,8.444,31.338,26.9,20
2026-08-22T10:20:07,1990.4,6.5,1.39,1.56,16,8.445,31.338,26.9,20
2026-08-22T10:20:09,1992.4,5.1,1.39,1.56,16,6.827,31.338,21.8,18
2026-08-22T10:20:11,1994.4,6.6,1.36,1.55,16,6.825,31.338,21.8,18
2026-08-22T10:20:13,1996.4,6.6,1.36,1.55,16,6.822,31.338,21.8,18
2026-08-22T10:20:15,1998.4,6.6,1.36,1.55,16,6.82,31.338,21.8,18
2026-08-22T10:20:17,2000.4,6.5,1.33,1.54,16,6.82,31.338,21.8,18
2026-08-22T10:20:19,2002.4,6.6,1.33,1.54,16,6.82,31.338,21.8,18
2026-08-22T10:20:21,2004.4,6.6,1.3,1.53,16,6.82,31.338,21.8,18
2026-08-22T10:20:23,2006.4,6.6,1.3,1.53,16,6.82,31.338,21.8,18
2026-08-22T10:20:25,2008.4,6.5,1.3,1.53,16,6.82,31.338,21.8,18
2026-08-22T10:20:27,2010.4,13.0,1.28,1.52,16,7.798,31.338,24.9,18
2026-08-22T10:20:29,2012.4,26.3,1.28,1.52,16,8.369,31.338,26.7,18
2026-08-22T10:20:31,2014.4,23.7,1.5,1.56,16,8.513,31.338,27.2,18
2026-08-22T10:20:33,2016.4,25.5,1.5,1.56,16,8.513,31.338,27.2,18
2026-08-22T10:20:35,2018.4,8.9,1.5,1.56,16,8.528,31.338,27.2,18
2026-08-22T10:20:37,2020.4,7.3,1.46,1.55,16,8.527,31.338,27.2,18
2026-08-22T10:20:39,2022.4,25.3,1.46,1.55,16,8.524,31.338,27.2,18
2026-08-22T10:20:41,2024.4,20.8,1.66,1.59,16,8.52,31.338,27.2,18
2026-08-22T10:20:43,2026.4,6.6,1.66,1.59,16,8.517,31.338,27.2,18
2026-08-22T10:20:45,2028.4,12.7,1.66,1.59,16,8.517,31.338,27.2,18
2026-08-22T10:20:47,2030.4,25.4,1.85,1.63,16,8.517,31.338,27.2,18
2026-08-22T10:20:49,2032.4,15.3,1.85,1.63,16,8.517,31.338,27.2,18
2026-08-22T10:20:51,2034.4,6.6,1.78,1.62,16,8.512,31.338,27.2,18
2026-08-22T10:20:53,2036.4,19.9,1.78,1.62,16,8.505,31.338,27.1,18
2026-08-22T10:20:55,2038.4,25.3,1.78,1.62,16,8.501,31.338,27.1,18
2026-08-22T10:20:57,2040.4,8.1,1.72,1.61,16,8.497,31.338,27.1,18
2026-08-22T10:20:59,2042.4,8.1,1.72,1.61,16,8.495,31.338,27.1,18
2026-08-22T10:21:01,2044.4,25.4,1.9,1.65,16,8.496,31.338,27.1,18
2026-08-22T10:21:03,2046.4,19.9,1.9,1.65,16,8.496,31.338,27.1,18
2026-08-22T10:21:05,2048.4,6.6,1.9,1.65,16,8.496,31.338,27.1,18
2026-08-22T10:21:07,2050.4,14.6,1.83,1.64,16,8.496,31.338,27.1,18
2026-08-22T10:21:09,2052.4,25.4,1.83,1.64,16,8.496,31.338,27.1,18
2026-08-22T10:21:11,2054.4,13.7,1.76,1.63,16,8.496,31.338,27.1,18
2026-08-22T10:21:13,2056.5,6.6,1.76,1.63,16,8.496,31.338,27.1,18
2026-08-22T10:21:15,2058.5,21.1,1.76,1.63,16,8.496,31.338,27.1,18
2026-08-22T10:21:17,2060.5,25.3,1.94,1.67,16,8.496,31.338,27.1,18
2026-08-22T10:21:19,2062.5,6.9,1.94,1.67,16,8.496,31.338,27.1,18
2026-08-22T10:21:21,2064.5,7.5,1.87,1.66,16,8.496,31.338,27.1,18
2026-08-22T10:21:23,2066.5,25.4,1.87,1.66,16,8.497,31.338,27.1,18
2026-08-22T10:21:25,2068.5,20.3,1.87,1.66,16,8.497,31.338,27.1,18
2026-08-22T10:21:27,2070.5,6.6,1.8,1.65,16,8.497,31.338,27.1,18
2026-08-22T10:21:29,2072.5,14.5,1.8,1.65,16,8.497,31.338,27.1,18
2026-08-22T10:21:31,2074.5,25.4,1.97,1.68,16,8.497,31.338,27.1,18
2026-08-22T10:21:33,2076.5,13.4,1.97,1.68,16,8.498,31.338,27.1,18
2026-08-22T10:21:35,2078.5,6.5,1.97,1.68,16,8.498,31.338,27.1,18
2026-08-22T10:21:37,2080.5,21.6,1.9,1.67,16,8.498,31.338,27.1,18
2026-08-22T10:21:39,2082.5,25.2,1.9,1.67,16,8.498,31.338,27.1,18
2026-08-22T10:21:41,2084.5,6.9,1.82,1.66,16,8.498,31.338,27.1,18
2026-08-22T10:21:43,2086.5,9.3,1.82,1.66,16,8.498,31.338,27.1,18
2026-08-22T10:21:45,2088.5,25.4,1.82,1.66,16,8.498,31.338,27.1,18
2026-08-22T10:21:47,2090.5,18.8,2.0,1.7,16,8.498,31.338,27.1,18
2026-08-22T10:21:49,2092.5,6.6,2.0,1.7,16,8.502,31.338,27.1,18
2026-08-22T10:21:51,2094.5,15.4,2.16,1.74,16,8.502,31.338,27.1,18
2026-08-22T10:21:53,2096.5,25.4,2.16,1.74,16,8.502,31.338,27.1,18
2026-08-22T10:21:55,2098.5,12.8,2.16,1.74,16,8.502,31.338,27.1,18
2026-08-22T10:21:57,2100.5,6.6,2.07,1.73,16,8.502,31.338,27.1,18
2026-08-22T10:21:59,2102.5,22.0,2.07,1.73,16,8.502,31.338,27.1,18
2026-08-22T10:22:01,2104.5,25.0,2.22,1.76,16,8.502,31.338,27.1,18
2026-08-22T10:22:03,2106.5,6.6,2.22,1.76,16,8.502,31.338,27.1,18
2026-08-22T10:22:05,2108.5,8.0,2.22,1.76,16,8.502,31.338,27.1,18
2026-08-22T10:22:07,2110.5,25.4,2.36,1.8,16,8.502,31.338,27.1,18
2026-08-22T10:22:09,2112.5,20.2,2.36,1.8,16,8.507,31.338,27.1,18
2026-08-22T10:22:11,2114.5,6.6,2.25,1.79,16,8.507,31.338,27.1,18
2026-08-22T10:22:13,2116.5,14.4,2.25,1.79,16,8.507,31.338,27.1,18
2026-08-22T10:22:15,2118.5,25.4,2.25,1.79,16,8.507,31.338,27.1,18
2026-08-22T10:22:17,2120.5,14.0,2.39,1.83,16,8.507,31.338,27.1,18
2026-08-22T10:22:19,2122.5,6.6,2.39,1.83,16,8.507,31.338,27.1,18
2026-08-22T10:22:21,2124.5,12.7,2.28,1.81,16,8.507,31.338,27.1,18
2026-08-22T10:22:23,2126.5,25.4,2.28,1.81,16,8.508,31.338,27.1,18
2026-08-22T10:22:25,2128.5,15.7,2.28,1.81,16,8.508,31.338,27.1,18
2026-08-22T10:22:27,2130.5,6.7,2.18,1.8,16,8.508,31.338,27.1,18
2026-08-22T10:22:29,2132.5,19.2,2.18,1.8,16,8.508,31.338,27.1,18
2026-08-22T10:22:31,2134.5,25.4,2.33,1.83,16,8.507,31.338,27.1,18
2026-08-22T10:22:33,2136.5,9.0,2.33,1.83,16,8.507,31.338,27.1,18
2026-08-22T10:22:35,2138.5,6.7,2.33,1.83,16,8.507,31.338,27.1,18
2026-08-22T10:22:37,2140.5,25.4,2.46,1.87,16,8.507,31.338,27.1,18
2026-08-22T10:22:39,2142.5,21.7,2.46,1.87,16,8.507,31.338,27.1,18
2026-08-22T10:22:41,2144.5,6.6,2.34,1.86,16,8.507,31.338,27.1,18
2026-08-22T10:22:43,2146.5,13.1,2.34,1.86,16,8.507,31.338,27.1,18
2026-08-22T10:22:45,2148.5,25.4,2.34,1.86,16,8.507,31.338,27.1,18
2026-08-22T10:22:47,2150.5,15.2,2.48,1.89,16,8.508,31.338,27.1,18
2026-08-22T10:22:49,2152.5,6.8,2.48,1.89,16,8.508,31.338,27.1,18
2026-08-22T10:22:51,2154.5,17.8,2.6,1.93,16,8.509,31.338,27.2,18
2026-08-22T10:22:53,2156.5,25.4,2.6,1.93,16,8.509,31.338,27.2,18
2026-08-22T10:22:55,2158.5,10.7,2.6,1.93,16,8.501,31.338,27.1,18
2026-08-22T10:22:57,2160.5,6.5,2.47,1.91,16,8.502,31.338,27.1,18
2026-08-22T10:22:59,2162.5,24.7,2.47,1.91,16,8.501,31.338,27.1,18
2026-08-22T10:23:01,2164.5,22.5,2.59,1.95,16,8.501,31.338,27.1,18
2026-08-22T10:23:03,2166.5,6.6,2.59,1.95,16,8.501,31.338,27.1,18
2026-08-22T10:23:05,2168.5,12.2,2.59,1.95,16,8.501,31.338,27.1,18
2026-08-22T10:23:07,2170.5,25.4,2.71,1.98,16,8.501,31.338,27.1,18
2026-08-22T10:23:09,2172.5,16.7,2.71,1.98,16,8.501,31.338,27.1,18
2026-08-22T10:23:11,2174.5,6.6,2.57,1.96,16,8.501,31.338,27.1,18
2026-08-22T10:23:13,2176.5,17.4,2.57,1.96,16,8.501,31.338,27.1,18
2026-08-22T10:23:15,2178.5,25.4,2.57,1.96,16,8.501,31.338,27.1,18
2026-08-22T10:23:17,2180.5,11.4,2.68,2.0,16,8.501,31.338,27.1,18
2026-08-22T10:23:19,2182.5,6.6,2.68,2.0,16,8.501,31.338,27.1,18
2026-08-22T10:23:21,2184.5,22.1,2.79,2.03,16,8.504,31.338,27.1,18
2026-08-22T10:23:23,2186.5,25.0,2.79,2.03,16,8.504,31.338,27.1,18
2026-08-22T10:23:25,2188.5,6.6,2.79,2.03,16,8.504,31.338,27.1,18
2026-08-22T10:23:27,2190.5,9.5,2.65,2.01,16,8.505,31.338,27.1,18
2026-08-22T10:23:29,2192.5,25.8,2.65,2.01,16,8.505,31.338,27.1,18
2026-08-22T10:23:31,2194.5,18.9,2.59,2.01,16,8.504,31.338,27.1,18
2026-08-22T10:23:33,2196.5,6.6,2.59,2.01,16,8.504,31.338,27.1,18
2026-08-22T10:23:35,2198.5,14.2,2.59,2.01,16,8.504,31.338,27.1,18
2026-08-22T10:23:37,2200.5,25.9,2.71,2.05,16,8.504,31.338,27.1,18
2026-08-22T10:23:39,2202.5,14.3,2.71,2.05,16,8.504,31.338,27.1,18
2026-08-22T10:23:41,2204.5,6.5,2.57,2.03,16,8.504,31.338,27.1,18
2026-08-22T10:23:43,2206.5,20.4,2.57,2.03,16,8.506,31.338,27.1,18
2026-08-22T10:23:45,2208.5,25.6,2.57,2.03,16,8.506,31.338,27.1,18
2026-08-22T10:23:47,2210.5,8.2,2.44,2.01,16,8.506,31.338,27.1,18
2026-08-22T10:23:49,2212.5,7.5,2.44,2.01,16,8.506,31.338,27.1,18
2026-08-22T10:23:51,2214.5,25.7,2.57,2.05,16,8.506,31.338,27.1,18
2026-08-22T10:23:53,2216.5,21.0,2.57,2.05,16,8.506,31.338,27.1,18
2026-08-22T10:23:55,2218.5,6.6,2.57,2.05,16,8.506,31.338,27.1,18
2026-08-22T10:23:57,2220.5,13.6,2.44,2.03,16,8.506,31.338,27.1,18
2026-08-22T10:23:59,2222.5,25.7,2.44,2.03,16,8.506,31.338,27.1,18
2026-08-22T10:24:01,2224.5,14.7,2.33,2.01,16,8.507,31.338,27.1,18
2026-08-22T10:24:03,2226.5,6.6,2.33,2.01,16,8.506,31.338,27.1,18
2026-08-22T10:24:05,2228.5,19.8,2.33,2.01,16,8.506,31.338,27.1,18
2026-08-22T10:24:07,2230.5,25.5,2.46,2.04,16,8.506,31.338,27.1,18
2026-08-22T10:24:09,2232.5,8.1,2.46,2.04,16,8.506,31.338,27.1,18
2026-08-22T10:24:11,2234.5,6.7,2.34,2.03,16,8.506,31.338,27.1,18
2026-08-22T10:24:13,2236.5,18.3,2.34,2.03,16,8.507,31.338,27.1,18
2026-08-22T10:24:15,2238.5,25.3,2.34,2.03,16,8.506,31.338,27.1,18
2026-08-22T10:24:17,2240.5,9.7,2.4,2.04,16,8.506,31.338,27.1,18
2026-08-22T10:24:19,2242.5,6.6,2.4,2.04,16,8.504,31.338,27.1,18
2026-08-22T10:24:21,2244.5,23.0,2.52,2.08,16,8.505,31.338,27.1,18
2026-08-22T10:24:23,2246.5,23.9,2.52,2.08,16,8.507,31.338,27.1,18
2026-08-22T10:24:25,2248.5,6.5,2.52,2.08,16,8.506,31.338,27.1,18
2026-08-22T10:24:27,2250.5,10.5,2.4,2.06,16,8.506,31.338,27.1,18
2026-08-22T10:24:29,2252.5,25.4,2.4,2.06,16,8.506,31.338,27.1,18
2026-08-22T10:24:31,2254.5,17.7,2.29,2.04,16,8.506,31.338,27.1,18
2026-08-22T10:24:33,2256.5,6.6,2.29,2.04,16,8.504,31.338,27.1,18
2026-08-22T10:24:35,2258.5,17.2,2.29,2.04,16,8.504,31.338,27.1,18
2026-08-22T10:24:37,2260.5,25.4,2.43,2.07,16,8.504,31.338,27.1,18
2026-08-22T10:24:39,2262.5,10.9,2.43,2.07,16,8.504,31.338,27.1,18
2026-08-22T10:24:41,2264.5,6.6,2.31,2.05,16,8.504,31.338,27.1,18
2026-08-22T10:24:43,2266.5,23.8,2.31,2.05,16,8.502,31.338,27.1,18
2026-08-22T10:24:45,2268.5,23.1,2.31,2.05,16,8.502,31.338,27.1,18
2026-08-22T10:24:47,2270.5,6.6,2.21,2.04,16,8.502,31.338,27.1,18
2026-08-22T10:24:49,2272.5,11.7,2.21,2.04,16,8.502,31.338,27.1,18
2026-08-22T10:24:51,2274.5,25.4,2.43,2.09,16,8.502,31.338,27.1,18
2026-08-22T10:24:53,2276.5,16.6,2.43,2.09,16,8.502,31.338,27.1,18
2026-08-22T10:24:55,2278.5,6.5,2.43,2.09,16,8.502,31.338,27.1,18
2026-08-22T10:24:57,2280.5,18.4,2.32,2.07,16,8.503,31.338,27.1,18
2026-08-22T10:24:59,2282.5,25.4,2.32,2.07,16,8.503,31.338,27.1,18
2026-08-22T10:25:01,2284.5,9.8,2.21,2.05,16,8.503,31.338,27.1,18
2026-08-22T10:25:03,2286.5,6.6,2.21,2.05,16,8.505,31.338,27.1,18
2026-08-22T10:25:05,2288.5,23.4,2.21,2.05,16,8.504,31.338,27.1,18
2026-08-22T10:25:07,2290.5,23.7,2.35,2.08,16,8.504,31.338,27.1,18
2026-08-22T10:25:09,2292.5,6.5,2.35,2.08,16,8.505,31.338,27.1,18
2026-08-22T10:25:11,2294.5,11.4,2.25,2.06,16,8.505,31.338,27.1,18
2026-08-22T10:25:13,2296.5,25.5,2.25,2.06,16,8.5,31.338,27.1,18
2026-08-22T10:25:15,2298.5,17.0,2.25,2.06,16,8.499,31.338,27.1,18
2026-08-22T10:25:17,2300.5,6.6,2.15,2.05,16,8.499,31.338,27.1,18
2026-08-22T10:25:19,2302.5,17.8,2.15,2.05,16,8.499,31.338,27.1,18
2026-08-22T10:25:21,2304.5,25.6,2.29,2.08,16,8.499,31.338,27.1,18
2026-08-22T10:25:23,2306.5,10.6,2.29,2.08,16,8.499,31.338,27.1,18
2026-08-22T10:25:25,2308.5,6.5,2.29,2.08,16,8.498,31.338,27.1,18
2026-08-22T10:25:27,2310.5,24.1,2.43,2.11,16,8.498,31.338,27.1,18
2026-08-22T10:25:29,2312.5,23.4,2.43,2.11,16,8.498,31.338,27.1,18
2026-08-22T10:25:31,2314.5,6.6,2.32,2.09,16,8.498,31.338,27.1,18
2026-08-22T10:25:33,2316.5,11.5,2.32,2.09,16,8.498,31.338,27.1,18
2026-08-22T10:25:35,2318.5,25.7,2.32,2.09,16,8.5,31.338,27.1,18
2026-08-22T10:25:37,2320.5,16.8,2.45,2.12,16,8.5,31.338,27.1,18
2026-08-22T10:25:39,2322.5,6.6,2.45,2.12,16,8.5,31.338,27.1,18
2026-08-22T10:25:41,2324.5,18.0,2.58,2.16,16,8.5,31.338,27.1,18
2026-08-22T10:25:43,2326.5,25.4,2.58,2.16,16,8.5,31.338,27.1,18
2026-08-22T10:25:45,2328.5,10.3,2.58,2.16,16,8.5,31.338,27.1,18
2026-08-22T10:25:47,2330.5,6.5,2.45,2.14,16,8.5,31.338,27.1,18
2026-08-22T10:25:49,2332.5,22.4,2.45,2.14,16,8.5,31.338,27.1,18
2026-08-22T10:25:51,2334.5,24.3,2.57,2.17,16,8.5,31.338,27.1,18
2026-08-22T10:25:53,2336.5,6.5,2.57,2.17,16,8.5,31.338,27.1,18
2026-08-22T10:25:55,2338.5,9.9,2.57,2.17,16,8.501,31.338,27.1,18
2026-08-22T10:25:57,2340.5,25.8,2.69,2.2,16,8.501,31.338,27.1,18
2026-08-22T10:25:59,2342.5,18.3,2.69,2.2,16,8.501,31.338,27.1,18
2026-08-22T10:26:01,2344.5,6.6,2.55,2.18,16,8.501,31.338,27.1,18
2026-08-22T10:26:03,2346.5,8.0,2.55,2.18,16,8.501,31.338,27.1,18
2026-08-22T10:26:05,2348.5,25.7,2.55,2.18,16,8.5,31.338,27.1,18
2026-08-22T10:26:07,2350.5,20.4,2.67,2.21,16,8.5,31.338,27.1,18
2026-08-22T10:26:09,2352.5,6.6,2.67,2.21,16,8.5,31.338,27.1,18
2026-08-22T10:26:11,2354.5,14.5,2.78,2.24,16,8.5,31.338,27.1,18
2026-08-22T10:26:13,2356.5,25.4,2.78,2.24,16,8.5,31.338,27.1,18
2026-08-22T10:26:15,2358.5,13.6,2.78,2.24,16,8.499,31.338,27.1,18
2026-08-22T10:26:17,2360.5,6.5,2.63,2.22,16,8.499,31.338,27.1,18
2026-08-22T10:26:19,2362.5,21.2,2.63,2.22,16,8.499,31.338,27.1,18
2026-08-22T10:26:21,2364.5,25.4,2.74,2.25,16,8.499,31.338,27.1,18
2026-08-22T10:26:23,2366.5,7.0,2.74,2.25,16,8.499,31.338,27.1,18
2026-08-22T10:26:25,2368.5,9.3,2.74,2.25,16,8.501,31.338,27.1,18
2026-08-22T10:26:27,2370.5,25.4,2.84,2.28,16,8.5,31.338,27.1,18
2026-08-22T10:26:29,2372.5,18.7,2.84,2.28,16,8.5,31.338,27.1,18
2026-08-22T10:26:31,2374.5,6.6,2.7,2.26,16,8.5,31.338,27.1,18
2026-08-22T10:26:33,2376.5,14.5,2.7,2.26,16,8.5,31.338,27.1,18
2026-08-22T10:26:35,2378.5,25.4,2.7,2.26,16,8.5,31.338,27.1,18
2026-08-22T10:26:37,2380.5,13.7,2.8,2.28,16,8.499,31.338,27.1,18
2026-08-22T10:26:39,2382.5,6.5,2.8,2.28,16,8.499,31.338,27.1,18
2026-08-22T10:26:41,2384.5,21.6,2.9,2.31,16,8.499,31.338,27.1,18
2026-08-22T10:26:43,2386.5,25.2,2.9,2.31,16,8.499,31.338,27.1,18
2026-08-22T10:26:45,2388.5,6.5,2.9,2.31,16,8.499,31.338,27.1,18
2026-08-22T10:26:47,2390.5,9.4,2.74,2.29,16,8.501,31.338,27.1,18
2026-08-22T10:26:49,2392.5,25.4,2.74,2.29,16,8.501,31.338,27.1,18
2026-08-22T10:26:51,2394.5,19.0,2.68,2.29,16,8.501,31.338,27.1,18
2026-08-22T10:26:53,2396.5,6.5,2.68,2.29,16,8.501,31.338,27.1,18
2026-08-22T10:26:55,2398.5,16.2,2.68,2.29,16,8.501,31.338,27.1,18
2026-08-22T10:26:57,2400.5,25.7,2.79,2.32,16,8.5,31.338,27.1,18
2026-08-22T10:26:59,2402.5,12.1,2.79,2.32,16,8.5,31.338,27.1,18
2026-08-22T10:27:01,2404.5,6.6,2.65,2.29,16,8.5,31.338,27.1,18
2026-08-22T10:27:03,2406.5,22.8,2.65,2.29,16,8.5,31.338,27.1,18
2026-08-22T10:27:05,2408.5,24.1,2.65,2.29,16,8.5,31.338,27.1,18
2026-08-22T10:27:07,2410.5,6.5,2.51,2.27,16,8.501,31.338,27.1,18
2026-08-22T10:27:09,2412.5,10.8,2.51,2.27,16,8.501,31.338,27.1,18
2026-08-22T10:27:11,2414.5,25.4,2.63,2.3,16,8.501,31.338,27.1,18
2026-08-22T10:27:13,2416.5,17.0,2.63,2.3,16,8.501,31.338,27.1,18
2026-08-22T10:27:15,2418.5,6.5,2.63,2.3,16,8.502,31.338,27.1,18
2026-08-22T10:27:17,2420.5,17.9,2.5,2.28,16,8.502,31.338,27.1,18
2026-08-22T10:27:19,2422.5,25.4,2.5,2.28,16,8.502,31.338,27.1,18
2026-08-22T10:27:21,2424.5,10.1,2.38,2.26,16,8.502,31.338,27.1,18
2026-08-22T10:27:23,2426.5,6.5,2.38,2.26,16,8.502,31.338,27.1,18
2026-08-22T10:27:25,2428.5,23.2,2.38,2.26,16,8.502,31.338,27.1,18
2026-08-22T10:27:27,2430.5,24.1,2.51,2.29,16,8.5,31.338,27.1,18
2026-08-22T10:27:29,2432.5,6.5,2.51,2.29,16,8.5,31.338,27.1,18
2026-08-22T10:27:31,2434.5,11.0,2.47,2.28,16,8.5,31.338,27.1,18
2026-08-22T10:27:33,2436.5,25.3,2.47,2.28,16,8.5,31.338,27.1,18
2026-08-22T10:27:35,2438.5,17.1,2.47,2.28,16,8.5,31.338,27.1,18
2026-08-22T10:27:37,2440.5,6.6,2.35,2.26,16,8.502,31.338,27.1,18
2026-08-22T10:27:39,2442.5,17.5,2.35,2.26,16,8.501,31.338,27.1,18
2026-08-22T10:27:41,2444.5,25.3,2.48,2.29,16,8.501,31.338,27.1,18
2026-08-22T10:27:43,2446.5,10.6,2.48,2.29,16,8.501,31.338,27.1,18
2026-08-22T10:27:45,2448.5,6.6,2.48,2.29,16,8.501,31.338,27.1,18
2026-08-22T10:27:47,2450.5,24.6,2.61,2.32,16,8.503,31.338,27.1,18
2026-08-22T10:27:49,2452.5,22.1,2.61,2.32,16,8.503,31.338,27.1,18
2026-08-22T10:27:51,2454.5,6.6,2.48,2.3,16,8.503,31.338,27.1,18
2026-08-22T10:27:53,2456.5,6.6,2.48,2.3,16,8.503,31.338,27.1,18
2026-08-22T10:27:55,2458.5,22.7,2.48,2.3,16,8.503,31.338,27.1,18
2026-08-22T10:27:57,2460.5,24.3,2.6,2.32,16,8.502,31.338,27.1,18
2026-08-22T10:27:59,2462.5,6.6,2.6,2.32,16,8.502,31.338,27.1,18
2026-08-22T10:28:01,2464.5,9.1,2.47,2.3,16,8.502,31.338,27.1,18
2026-08-22T10:28:03,2466.5,25.4,2.47,2.3,16,8.502,31.338,27.1,18
2026-08-22T10:28:05,2468.5,19.0,2.47,2.3,16,8.502,31.338,27.1,18
2026-08-22T10:28:07,2470.5,6.6,2.35,2.28,16,8.503,31.338,27.1,18
2026-08-22T10:28:09,2472.5,15.7,2.35,2.28,16,8.503,31.338,27.1,18
2026-08-22T10:28:11,2474.5,25.4,2.49,2.31,16,8.503,31.338,27.1,18
2026-08-22T10:28:13,2476.5,12.7,2.49,2.31,16,8.503,31.338,27.1,18
2026-08-22T10:28:15,2478.5,6.6,2.49,2.31,16,8.503,31.338,27.1,18
2026-08-22T10:28:17,2480.5,22.2,2.37,2.29,16,8.503,31.338,27.1,18
2026-08-22T10:28:19,2482.5,25.0,2.37,2.29,16,8.504,31.338,27.1,18
2026-08-22T10:28:21,2484.5,6.6,2.26,2.27,16,8.504,31.338,27.1,18
2026-08-22T10:28:23,2486.5,9.6,2.26,2.27,16,8.504,31.338,27.1,18
2026-08-22T10:28:25,2488.5,25.4,2.26,2.27,16,8.504,31.338,27.1,18
2026-08-22T10:28:27,2490.5,18.7,2.4,2.29,16,8.504,31.338,27.1,18
2026-08-22T10:28:29,2492.5,6.5,2.4,2.29,16,8.505,31.338,27.1,18
2026-08-22T10:28:31,2494.5,6.6,2.28,2.27,16,8.503,31.338,27.1,18
2026-08-22T10:28:33,2496.5,6.5,2.28,2.27,16,8.503,31.338,27.1,18
2026-08-22T10:28:35,2498.5,6.5,2.28,2.27,16,8.503,31.338,27.1,18
2026-08-22T10:28:37,2500.5,6.6,2.18,2.25,16,8.503,31.338,27.1,18
2026-08-22T10:28:39,2502.5,6.5,2.18,2.25,16,8.502,31.338,27.1,18
2026-08-22T10:28:41,2504.5,6.6,2.09,2.23,16,8.502,31.338,27.1,18
2026-08-22T10:28:43,2506.6,6.6,2.09,2.23,16,9.27,31.338,29.6,18
2026-08-22T10:28:45,2508.6,6.6,2.09,2.23,16,9.27,31.338,29.6,18
2026-08-22T10:28:47,2510.6,6.6,2.0,2.21,16,9.27,31.338,29.6,18
2026-08-22T10:28:49,2512.6,6.6,2.0,2.21,16,9.271,31.338,29.6,18
2026-08-22T10:28:51,2514.6,6.6,1.92,2.19,16,9.271,31.338,29.6,18
2026-08-22T10:28:53,2516.6,6.6,1.92,2.19,16,9.271,31.338,29.6,18
2026-08-22T10:28:55,2518.6,6.5,1.92,2.19,16,9.271,31.338,29.6,18
2026-08-22T10:28:57,2520.6,6.6,1.85,2.17,16,9.271,31.338,29.6,18
2026-08-22T10:28:59,2522.6,6.6,1.85,2.17,16,9.27,31.338,29.6,18
2026-08-22T10:29:01,2524.6,6.5,1.78,2.15,16,9.27,31.338,29.6,18
2026-08-22T10:29:03,2526.6,6.6,1.78,2.15,16,9.27,31.338,29.6,18
2026-08-22T10:29:05,2528.6,6.6,1.78,2.15,16,9.269,31.338,29.6,18
2026-08-22T10:29:07,2530.6,6.6,1.71,2.13,16,9.266,31.338,29.6,18
2026-08-22T10:29:09,2532.6,6.3,1.71,2.13,16,6.67,31.338,21.3,14
2026-08-22T10:29:11,2534.6,6.0,1.66,2.11,16,6.635,31.338,21.2,14
2026-08-22T10:29:13,2536.6,6.5,1.66,2.11,16,6.635,31.338,21.2,14
2026-08-22T10:29:15,2538.6,6.5,1.66,2.11,16,6.635,31.338,21.2,14
2026-08-22T10:29:17,2540.6,6.5,1.6,2.09,16,6.635,31.338,21.2,14
2026-08-22T10:29:19,2542.6,6.5,1.6,2.09,16,6.635,31.338,21.2,14
2026-08-22T10:29:21,2544.6,6.5,1.56,2.07,16,6.635,31.338,21.2,14
2026-08-22T10:29:23,2546.6,6.5,1.56,2.07,16,6.635,31.338,21.2,14
2026-08-22T10:29:25,2548.6,6.5,1.56,2.07,16,6.635,31.338,21.2,14
2026-08-22T10:29:27,2550.6,6.5,1.51,2.06,16,6.635,31.338,21.2,14
2026-08-22T10:29:29,2552.6,6.5,1.51,2.06,16,6.635,31.338,21.2,14
2026-08-22T10:29:31,2554.6,16.1,1.47,2.04,16,8.241,31.338,26.3,14
2026-08-22T10:29:33,2556.6,50.7,1.47,2.04,16,9.64,31.338,30.8,14
2026-08-22T10:29:35,2558.6,44.0,1.47,2.04,16,10.048,31.338,32.1,14
2026-08-22T10:29:37,2560.6,29.2,1.99,2.14,16,10.055,31.338,32.1,14
2026-08-22T10:29:39,2562.6,6.4,1.99,2.14,16,10.055,31.338,32.1,14
2026-08-22T10:29:41,2564.6,32.6,2.47,2.23,16,10.055,31.338,32.1,14
2026-08-22T10:29:43,2566.6,21.4,2.47,2.23,16,10.055,31.338,32.1,14
2026-08-22T10:29:45,2568.6,6.5,2.47,2.23,16,10.055,31.338,32.1,14
2026-08-22T10:29:47,2570.6,43.2,2.36,2.21,16,10.055,31.338,32.1,14
2026-08-22T10:29:49,2572.6,10.7,2.36,2.21,16,10.055,31.338,32.1,14
2026-08-22T10:29:51,2574.6,9.3,2.25,2.19,16,10.055,31.338,32.1,14
2026-08-22T10:29:53,2576.6,44.7,2.25,2.19,16,10.05,31.338,32.1,14
2026-08-22T10:29:55,2578.6,6.5,2.25,2.19,16,10.038,31.338,32.0,14
2026-08-22T10:29:57,2580.6,19.6,2.15,2.17,16,10.025,31.338,32.0,14
2026-08-22T10:29:59,2582.6,34.4,2.15,2.17,16,10.009,31.338,31.9,14
2026-08-22T10:30:01,2584.6,6.5,2.05,2.15,16,9.998,31.338,31.9,14
2026-08-22T10:30:03,2586.6,29.8,2.05,2.15,16,9.996,31.338,31.9,14
2026-08-22T10:30:05,2588.6,23.9,2.05,2.15,16,9.996,31.338,31.9,14
2026-08-22T10:30:07,2590.6,6.6,1.97,2.13,16,9.996,31.338,31.9,14
2026-08-22T10:30:09,2592.6,40.4,1.97,2.13,16,9.996,31.338,31.9,14
2026-08-22T10:30:11,2594.6,13.5,1.89,2.12,16,9.996,31.338,31.9,14
2026-08-22T10:30:13,2596.6,6.5,1.89,2.12,16,9.996,31.338,31.9,14
2026-08-22T10:30:15,2598.6,47.0,1.89,2.12,16,9.996,31.338,31.9,14
2026-08-22T10:30:17,2600.6,6.8,1.82,2.1,16,9.996,31.338,31.9,14
2026-08-22T10:30:19,2602.6,12.9,1.82,2.1,16,9.996,31.338,31.9,14
2026-08-22T10:30:21,2604.6,40.9,2.32,2.2,16,9.997,31.338,31.9,14
2026-08-22T10:30:23,2606.6,6.5,2.32,2.2,16,9.997,31.338,31.9,14
2026-08-22T10:30:25,2608.6,23.4,2.32,2.2,16,9.997,31.338,31.9,14
2026-08-22T10:30:27,2610.6,30.2,2.77,2.29,16,9.999,31.338,31.9,14
2026-08-22T10:30:29,2612.6,6.5,2.77,2.29,16,9.999,31.338,31.9,14
2026-08-22T10:30:31,2614.6,34.2,3.19,2.39,16,9.999,31.338,31.9,14
2026-08-22T10:30:33,2616.6,19.8,3.19,2.39,16,10.006,31.338,31.9,14
2026-08-22T10:30:35,2618.6,6.4,3.19,2.39,16,10.004,31.338,31.9,14
2026-08-22T10:30:37,2620.6,44.4,3.58,2.48,16,10.007,31.338,31.9,14
2026-08-22T10:30:39,2622.6,9.2,3.58,2.48,16,10.003,31.338,31.9,14
2026-08-22T10:30:41,2624.6,10.9,3.37,2.46,16,10.001,31.338,31.9,14
2026-08-22T10:30:43,2626.6,42.9,3.37,2.46,16,10.001,31.338,31.9,14
2026-08-22T10:30:45,2628.6,6.5,3.37,2.46,16,10.001,31.338,31.9,14
2026-08-22T10:30:47,2630.6,18.3,3.18,2.43,16,10.001,31.338,31.9,14
2026-08-22T10:30:49,2632.6,35.4,3.18,2.43,16,10.002,31.338,31.9,14
2026-08-22T10:30:51,2634.6,6.5,3.0,2.41,16,10.002,31.338,31.9,14
2026-08-22T10:30:53,2636.6,29.1,3.0,2.41,16,10.002,31.338,31.9,14
2026-08-22T10:30:55,2638.6,24.8,3.0,2.41,16,10.002,31.338,31.9,14
2026-08-22T10:30:57,2640.6,6.5,2.84,2.38,16,10.002,31.338,31.9,14
2026-08-22T10:30:59,2642.6,19.9,2.84,2.38,16,10.003,31.338,31.9,14
2026-08-22T10:31:01,2644.6,33.9,2.7,2.36,16,10.004,31.338,31.9,14
2026-08-22T10:31:03,2646.6,6.5,2.7,2.36,16,10.004,31.338,31.9,14
2026-08-22T10:31:05,2648.6,30.5,2.7,2.36,16,10.004,31.338,31.9,14
2026-08-22T10:31:07,2650.6,23.2,3.12,2.45,16,10.004,31.338,31.9,14
2026-08-22T10:31:09,2652.6,6.5,3.12,2.45,16,10.004,31.338,31.9,14
2026-08-22T10:31:11,2654.6,41.0,3.51,2.55,16,10.004,31.338,31.9,14
2026-08-22T10:31:13,2656.6,12.8,3.51,2.55,16,10.005,31.338,31.9,14
2026-08-22T10:31:15,2658.6,6.8,3.51,2.55,16,10.005,31.338,31.9,14
2026-08-22T10:31:17,2660.6,46.9,3.87,2.64,16,10.005,31.338,31.9,14
2026-08-22T10:31:19,2662.6,6.5,3.87,2.64,16,10.005,31.338,31.9,14
2026-08-22T10:31:21,2664.6,13.4,3.64,2.61,16,10.005,31.338,31.9,14
2026-08-22T10:31:23,2666.6,40.3,3.64,2.61,16,10.005,31.338,31.9,14
2026-08-22T10:31:25,2668.6,6.5,3.64,2.61,16,10.005,31.338,31.9,14
2026-08-22T10:31:27,2670.6,24.0,3.43,2.58,16,10.005,31.338,31.9,14
2026-08-22T10:31:29,2672.6,29.6,3.43,2.58,16,10.005,31.338,31.9,14
2026-08-22T10:31:31,2674.6,6.5,3.23,2.56,16,10.005,31.338,31.9,14
2026-08-22T10:31:33,2676.6,34.5,3.23,2.56,16,10.005,31.338,31.9,14
2026-08-22T10:31:35,2678.6,19.3,3.23,2.56,16,10.0,31.338,31.9,14
2026-08-22T10:31:37,2680.6,6.5,3.06,2.53,16,10.0,31.338,31.9,14
2026-08-22T10:31:39,2682.6,44.8,3.06,2.53,16,10.0,31.338,31.9,14
2026-08-22T10:31:41,2684.6,8.7,2.89,2.5,16,10.0,31.338,31.9,14
2026-08-22T10:31:43,2686.6,11.6,2.89,2.5,16,10.0,31.338,31.9,14
2026-08-22T10:31:45,2688.6,42.1,2.89,2.5,16,10.0,31.338,31.9,14
2026-08-22T10:31:47,2690.6,6.5,2.74,2.48,16,10.0,31.338,31.9,14
2026-08-22T10:31:49,2692.6,22.1,2.74,2.48,16,10.0,31.338,31.9,14
2026-08-22T10:31:51,2694.6,31.6,2.6,2.45,16,10.0,31.338,31.9,14
2026-08-22T10:31:53,2696.6,6.5,2.6,2.45,16,10.0,31.338,31.9,14
2026-08-22T10:31:55,2698.6,29.4,2.6,2.45,16,10.0,31.338,31.9,14
2026-08-22T10:31:57,2700.6,24.3,3.03,2.55,16,10.0,31.338,31.9,14
2026-08-22T10:31:59,2702.6,6.5,3.03,2.55,16,10.0,31.338,31.9,14
2026-08-22T10:32:01,2704.6,40.1,3.43,2.64,16,10.0,31.338,31.9,14
2026-08-22T10:32:03,2706.6,13.5,3.43,2.64,16,10.0,31.338,31.9,14
2026-08-22T10:32:05,2708.6,7.0,3.43,2.64,16,10.0,31.338,31.9,14
2026-08-22T10:32:07,2710.6,47.0,3.8,2.73,16,10.0,31.338,31.9,14
2026-08-22T10:32:09,2712.6,6.5,3.8,2.73,16,10.0,31.338,31.9,14
2026-08-22T10:32:11,2714.6,17.5,3.57,2.7,16,10.0,31.338,31.9,14
2026-08-22T10:32:13,2716.6,36.4,3.57,2.7,16,10.004,31.338,31.9,14
2026-08-22T10:32:15,2718.6,6.5,3.57,2.7,16,10.004,31.338,31.9,14
2026-08-22T10:32:17,2720.6,28.8,3.37,2.67,16,10.004,31.338,31.9,14
2026-08-22T10:32:19,2722.6,25.1,3.37,2.67,16,10.004,31.338,31.9,14
2026-08-22T10:32:21,2724.6,6.4,3.18,2.64,16,10.004,31.338,31.9,14
2026-08-22T10:32:23,2726.6,19.5,3.18,2.64,16,10.004,31.338,31.9,14
2026-08-22T10:32:25,2728.6,34.2,3.18,2.64,16,10.005,31.338,31.9,14
2026-08-22T10:32:27,2730.6,6.5,3.0,2.61,16,10.005,31.338,31.9,14
2026-08-22T10:32:29,2732.6,26.9,3.0,2.61,16,10.005,31.338,31.9,14
2026-08-22T10:32:31,2734.6,26.9,2.84,2.59,16,10.005,31.338,31.9,14
2026-08-22T10:32:33,2736.6,6.5,2.84,2.59,16,10.005,31.338,31.9,14
2026-08-22T10:32:35,2738.6,37.7,2.84,2.59,16,10.006,31.338,31.9,14
2026-08-22T10:32:37,2740.6,16.2,3.25,2.68,16,10.006,31.338,31.9,14
2026-08-22T10:32:39,2742.6,6.5,3.25,2.68,16,10.006,31.338,31.9,14
2026-08-22T10:32:41,2744.6,47.0,3.64,2.77,16,10.006,31.338,31.9,14
2026-08-22T10:32:43,2746.6,6.5,3.64,2.77,16,10.005,31.338,31.9,14
2026-08-22T10:32:45,2748.6,14.7,3.64,2.77,16,10.003,31.338,31.9,14
2026-08-22T10:32:47,2750.6,38.8,3.98,2.85,16,10.003,31.338,31.9,14
2026-08-22T10:32:49,2752.6,6.5,3.98,2.85,16,10.004,31.338,31.9,14
2026-08-22T10:32:51,2754.6,25.7,4.31,2.94,16,10.004,31.338,31.9,14
2026-08-22T10:32:53,2756.6,28.1,4.31,2.94,16,10.004,31.338,31.9,14
2026-08-22T10:32:55,2758.6,6.5,4.31,2.94,16,10.004,31.338,31.9,14
2026-08-22T10:32:57,2760.6,36.3,4.04,2.91,16,10.004,31.338,31.9,14
2026-08-22T10:32:59,2762.6,17.5,4.04,2.91,16,10.004,31.338,31.9,14
2026-08-22T10:33:01,2764.6,6.5,3.8,2.88,16,10.004,31.338,31.9,14
2026-08-22T10:33:03,2766.6,46.7,3.8,2.88,16,10.004,31.338,31.9,14
2026-08-22T10:33:05,2768.6,6.9,3.8,2.88,16,10.004,31.338,31.9,14
2026-08-22T10:33:07,2770.6,10.0,3.57,2.84,16,10.004,31.338,31.9,14
2026-08-22T10:33:09,2772.6,43.9,3.57,2.84,16,10.004,31.338,31.9,14
2026-08-22T10:33:11,2774.6,6.5,3.37,2.81,16,10.004,31.338,31.9,14
2026-08-22T10:33:13,2776.6,20.3,3.37,2.81,16,10.005,31.338,31.9,14
2026-08-22T10:33:15,2778.6,33.3,3.37,2.81,16,10.005,31.338,31.9,14
2026-08-22T10:33:17,2780.6,6.6,3.18,2.78,16,10.008,31.338,31.9,14
2026-08-22T10:33:19,2782.6,31.4,3.18,2.78,16,10.007,31.338,31.9,14
2026-08-22T10:33:21,2784.6,22.2,3.0,2.75,16,10.005,31.338,31.9,14
2026-08-22T10:33:23,2786.6,6.5,3.0,2.75,16,10.005,31.338,31.9,14
2026-08-22T10:33:25,2788.6,42.6,3.0,2.75,16,10.005,31.338,31.9,14
2026-08-22T10:33:27,2790.6,11.0,2.84,2.72,16,10.005,31.338,31.9,14
2026-08-22T10:33:29,2792.6,9.3,2.84,2.72,16,10.005,31.338,31.9,14
2026-08-22T10:33:31,2794.6,44.3,3.25,2.81,16,10.005,31.338,31.9,14
2026-08-22T10:33:33,2796.6,6.6,3.25,2.81,16,10.005,31.338,31.9,14
2026-08-22T10:33:35,2798.6,16.2,3.25,2.81,16,10.005,31.338,31.9,14
2026-08-22T10:33:37,2800.6,37.6,3.64,2.9,16,10.005,31.338,31.9,14
2026-08-22T10:33:39,2802.6,6.5,3.64,2.9,16,10.005,31.338,31.9,14
2026-08-22T10:33:41,2804.6,27.0,3.98,2.98,16,10.005,31.338,31.9,14
2026-08-22T10:33:43,2806.6,26.9,3.98,2.98,16,10.005,31.338,31.9,14
2026-08-22T10:33:45,2808.6,6.5,3.98,2.98,16,10.005,31.338,31.9,14
2026-08-22T10:33:47,2810.6,18.4,3.75,2.95,16,10.005,31.338,31.9,14
2026-08-22T10:33:49,2812.6,35.4,3.75,2.95,16,10.005,31.338,31.9,14
2026-08-22T10:33:51,2814.6,6.5,3.53,2.92,16,10.005,31.338,31.9,14
2026-08-22T10:33:53,2816.6,29.3,3.53,2.92,16,10.005,31.338,31.9,14
2026-08-22T10:33:55,2818.6,24.6,3.53,2.92,16,10.005,31.338,31.9,14
2026-08-22T10:33:57,2820.6,6.5,3.32,2.88,16,10.005,31.338,31.9,14
2026-08-22T10:33:59,2822.6,40.2,3.32,2.88,16,10.005,31.338,31.9,14
2026-08-22T10:34:01,2824.6,16.8,3.14,2.85,16,10.005,31.338,31.9,14
2026-08-22T10:34:03,2826.6,6.5,3.14,2.85,16,10.005,31.338,31.9,14
2026-08-22T10:34:05,2828.6,47.3,3.14,2.85,16,10.005,31.338,31.9,14
2026-08-22T10:34:07,2830.6,6.8,2.97,2.82,16,10.004,31.338,31.9,14
2026-08-22T10:34:09,2832.6,7.0,2.97,2.82,16,10.004,31.338,31.9,14
2026-08-22T10:34:11,2834.6,46.6,3.37,2.91,16,10.005,31.338,31.9,14
2026-08-22T10:34:13,2836.6,6.5,3.37,2.91,16,10.005,31.338,31.9,14
2026-08-22T10:34:15,2838.6,17.8,3.37,2.91,16,10.005,31.338,31.9,14
2026-08-22T10:34:17,2840.6,35.9,3.74,2.99,16,10.005,31.338,31.9,14
2026-08-22T10:34:19,2842.6,6.5,3.74,2.99,16,10.005,31.338,31.9,14
2026-08-22T10:34:21,2844.6,28.7,4.08,3.08,16,10.005,31.338,31.9,14
2026-08-22T10:34:23,2846.6,25.0,4.08,3.08,16,10.005,31.338,31.9,14
2026-08-22T10:34:25,2848.6,6.4,4.08,3.08,16,10.005,31.338,31.9,14
2026-08-22T10:34:27,2850.6,40.1,3.83,3.04,16,10.005,31.338,31.9,14
2026-08-22T10:34:29,2852.6,13.7,3.83,3.04,16,10.005,31.338,31.9,14
2026-08-22T10:34:31,2854.6,7.1,3.61,3.01,16,10.005,31.338,31.9,14
2026-08-22T10:34:33,2856.6,46.5,3.61,3.01,16,10.005,31.338,31.9,14
2026-08-22T10:34:35,2858.6,6.5,3.61,3.01,16,10.005,31.338,31.9,14
2026-08-22T10:34:37,2860.6,17.7,3.4,2.97,16,10.005,31.338,31.9,14
2026-08-22T10:34:39,2862.6,36.0,3.4,2.97,16,10.005,31.338,31.9,14
2026-08-22T10:34:41,2864.6,6.5,3.21,2.94,16,10.005,31.338,31.9,14
2026-08-22T10:34:43,2866.6,28.4,3.21,2.94,16,10.005,31.338,31.9,14
2026-08-22T10:34:45,2868.6,25.2,3.21,2.94,16,10.005,31.338,31.9,14
2026-08-22T10:34:47,2870.6,6.5,3.03,2.91,16,10.005,31.338,31.9,14
2026-08-22T10:34:49,2872.6,36.1,3.03,2.91,16,10.005,31.338,31.9,14
2026-08-22T10:34:51,2874.6,17.9,2.87,2.88,16,10.005,31.338,31.9,14
2026-08-22T10:34:53,2876.6,6.5,2.87,2.88,16,10.005,31.338,31.9,14
2026-08-22T10:34:55,2878.6,45.9,2.87,2.88,16,10.005,31.338,31.9,14
2026-08-22T10:34:57,2880.6,7.8,2.72,2.85,16,10.005,31.338,31.9,14
2026-08-22T10:34:59,2882.6,11.9,2.72,2.85,16,10.005,31.338,31.9,14
2026-08-22T10:35:01,2884.6,41.6,3.14,2.93,16,10.005,31.338,31.9,14
2026-08-22T10:35:03,2886.6,6.5,3.14,2.93,16,10.005,31.338,31.9,14
2026-08-22T10:35:05,2888.6,23.2,3.14,2.93,16,10.005,31.338,31.9,14
2026-08-22T10:35:07,2890.6,30.7,3.53,3.02,16,10.005,31.338,31.9,14
2026-08-22T10:35:09,2892.6,6.5,3.53,3.02,16,10.005,31.338,31.9,14
2026-08-22T10:35:11,2894.6,14.2,3.33,2.98,16,10.005,31.338,31.9,14
2026-08-22T10:35:13,2896.6,39.4,3.33,2.98,16,10.005,31.338,31.9,14
2026-08-22T10:35:15,2898.6,6.6,3.33,2.98,16,10.005,31.338,31.9,14
2026-08-22T10:35:17,2900.6,21.7,3.14,2.95,16,10.005,31.338,31.9,14
2026-08-22T10:35:19,2902.6,32.1,3.14,2.95,16,10.005,31.338,31.9,14
2026-08-22T10:35:21,2904.6,6.5,2.97,2.92,16,10.005,31.338,31.9,14
2026-08-22T10:35:23,2906.6,32.7,2.97,2.92,16,10.005,31.338,31.9,14
2026-08-22T10:35:25,2908.6,21.0,2.97,2.92,16,10.005,31.338,31.9,14
2026-08-22T10:35:27,2910.6,6.5,2.81,2.88,16,10.005,31.338,31.9,14
2026-08-22T10:35:29,2912.6,43.7,2.81,2.88,16,10.005,31.338,31.9,14
2026-08-22T10:35:31,2914.6,10.0,2.67,2.85,16,10.005,31.338,31.9,14
2026-08-22T10:35:33,2916.6,10.6,2.67,2.85,16,10.005,31.338,31.9,14
2026-08-22T10:35:35,2918.6,43.0,2.67,2.85,16,10.005,31.338,31.9,14
2026-08-22T10:35:37,2920.6,6.5,2.53,2.82,16,10.005,31.338,31.9,14
2026-08-22T10:35:39,2922.6,6.6,2.53,2.82,16,10.005,31.338,31.9,14
2026-08-22T10:35:41,2924.6,6.5,2.49,2.81,16,10.005,31.338,31.9,14
2026-08-22T10:35:43,2926.6,6.5,2.49,2.81,16,10.005,31.338,31.9,14
2026-08-22T10:35:45,2928.6,6.5,2.49,2.81,16,10.005,31.338,31.9,14
2026-08-22T10:35:47,2930.6,6.6,2.37,2.78,16,10.005,31.338,31.9,14
2026-08-22T10:35:49,2932.6,6.6,2.37,2.78,16,10.006,31.338,31.9,14
2026-08-22T10:35:51,2934.6,6.5,2.26,2.75,16,10.773,31.338,34.4,14
2026-08-22T10:35:53,2936.6,6.5,2.26,2.75,16,10.811,31.338,34.5,14
2026-08-22T10:35:55,2938.6,6.5,2.26,2.75,16,10.811,31.338,34.5,14
2026-08-22T10:35:57,2940.7,6.6,2.16,2.72,16,10.811,31.338,34.5,14
2026-08-22T10:35:59,2942.7,6.5,2.16,2.72,16,10.811,31.338,34.5,14
2026-08-22T10:36:01,2944.7,6.5,2.07,2.69,16,10.811,31.338,34.5,14
2026-08-22T10:36:03,2946.7,6.5,2.07,2.69,16,10.811,31.338,34.5,14
2026-08-22T10:36:05,2948.7,6.5,2.07,2.69,16,10.811,31.338,34.5,14
2026-08-22T10:36:07,2950.7,6.5,1.98,2.66,16,10.811,31.338,34.5,14
2026-08-22T10:36:09,2952.7,6.5,1.98,2.66,16,10.811,31.338,34.5,14
2026-08-22T10:36:11,2954.7,6.5,1.9,2.63,16,10.811,31.338,34.5,14
2026-08-22T10:36:13,2956.7,6.5,1.9,2.63,16,10.811,31.338,34.5,14
2026-08-22T10:36:15,2958.7,6.5,1.9,2.63,16,10.81,31.338,34.5,14
2026-08-22T10:36:17,2960.7,6.0,1.83,2.61,16,10.019,31.338,32.0,14
2026-08-22T10:36:19,2962.7,6.8,1.83,2.61,16,6.335,31.338,20.2,6
2026-08-22T10:36:21,2964.7,6.4,1.76,2.58,16,6.335,31.338,20.2,6
2026-08-22T10:36:23,2966.7,6.4,1.76,2.58,16,6.335,31.338,20.2,6
2026-08-22T10:36:25,2968.7,6.4,1.76,2.58,16,6.335,31.338,20.2,6
2026-08-22T10:36:27,2970.7,6.4,1.7,2.55,16,6.335,31.338,20.2,6
2026-08-22T10:36:29,2972.7,6.3,1.7,2.55,16,6.336,31.338,20.2,6
2026-08-22T10:36:31,2974.7,6.4,1.65,2.53,16,6.336,31.338,20.2,6
2026-08-22T10:36:33,2976.7,6.4,1.65,2.53,16,6.336,31.338,20.2,6
2026-08-22T10:36:35,2978.7,6.4,1.65,2.53,16,6.336,31.338,20.2,6
2026-08-22T10:36:37,2980.7,6.4,1.59,2.5,16,6.336,31.338,20.2,6
2026-08-22T10:36:39,2982.7,6.4,1.59,2.5,16,6.336,31.338,20.2,6
2026-08-22T10:36:41,2984.7,68.8,2.83,2.74,16,10.683,31.338,34.1,21
2026-08-22T10:36:43,2986.7,100.0,2.83,2.74,16,12.426,31.338,39.7,21
2026-08-22T10:36:45,2988.7,76.5,2.83,2.74,16,13.576,31.338,43.3,21
2026-08-22T10:36:47,2990.7,82.8,3.88,2.96,16,13.608,31.338,43.4,21
2026-08-22T10:36:49,2992.7,6.6,3.88,2.96,16,13.608,31.338,43.4,21
2026-08-22T10:36:51,2994.7,28.5,3.65,2.93,16,13.608,31.338,43.4,21
2026-08-22T10:36:53,2996.7,59.8,3.65,2.93,16,13.609,31.338,43.4,21
2026-08-22T10:36:55,2998.7,6.7,3.65,2.93,16,13.609,31.338,43.4,21
2026-08-22T10:36:57,3000.7,60.8,3.44,2.9,16,13.609,31.338,43.4,21
2026-08-22T10:36:59,3002.7,27.7,3.44,2.9,16,13.611,31.338,43.4,21
2026-08-22T10:37:01,3004.7,6.7,3.24,2.87,16,13.611,31.338,43.4,21
2026-08-22T10:37:03,3006.7,81.8,3.24,2.87,16,13.609,31.338,43.4,21
2026-08-22T10:37:05,3008.7,6.7,3.24,2.87,16,13.612,31.338,43.4,21
2026-08-22T10:37:07,3010.7,27.9,3.06,2.83,16,13.605,31.338,43.4,21
2026-08-22T10:37:09,3012.7,60.8,3.06,2.83,16,13.592,31.338,43.4,21
2026-08-22T10:37:11,3014.7,6.6,2.9,2.8,16,13.578,31.338,43.3,21
2026-08-22T10:37:13,3016.7,59.7,2.9,2.8,16,13.571,31.338,43.3,21
2026-08-22T10:37:15,3018.7,29.1,2.9,2.8,16,13.569,31.338,43.3,21
2026-08-22T10:37:17,3020.7,6.6,2.75,2.77,16,13.567,31.338,43.3,21
2026-08-22T10:37:19,3022.7,81.5,2.75,2.77,16,13.569,31.338,43.3,21
2026-08-22T10:37:21,3024.7,6.6,2.61,2.74,16,13.567,31.338,43.3,21
2026-08-22T10:37:23,3026.7,22.2,2.61,2.74,16,13.569,31.338,43.3,21
2026-08-22T10:37:25,3028.7,65.6,2.61,2.74,16,13.568,31.338,43.3,21
2026-08-22T10:37:27,3030.7,6.6,2.48,2.71,16,13.568,31.338,43.3,21
2026-08-22T10:37:29,3032.7,51.4,2.48,2.71,16,13.568,31.338,43.3,21
2026-08-22T10:37:31,3034.7,37.2,2.36,2.69,16,13.571,31.338,43.3,21
2026-08-22T10:37:33,3036.7,6.7,2.36,2.69,16,13.571,31.338,43.3,21
2026-08-22T10:37:35,3038.7,81.5,2.36,2.69,16,13.575,31.338,43.3,21
2026-08-22T10:37:37,3040.7,7.1,2.25,2.66,16,13.573,31.338,43.3,21
2026-08-22T10:37:39,3042.7,20.3,2.25,2.66,16,13.574,31.338,43.3,21
2026-08-22T10:37:41,3044.7,67.6,2.71,2.75,16,13.577,31.338,43.3,21
2026-08-22T10:37:43,3046.7,6.7,2.71,2.75,16,13.576,31.338,43.3,21
2026-08-22T10:37:45,3048.7,51.8,2.71,2.75,16,13.579,31.338,43.3,21
2026-08-22T10:37:47,3050.7,36.5,3.85,2.98,16,13.576,31.338,43.3,21
2026-08-22T10:37:49,3052.7,6.7,3.85,2.98,16,13.576,31.338,43.3,21
2026-08-22T10:37:51,3054.7,81.4,4.83,3.2,16,13.579,31.338,43.3,21
2026-08-22T10:37:53,3056.7,7.1,4.83,3.2,16,13.578,31.338,43.3,21
2026-08-22T10:37:55,3058.7,12.7,4.83,3.2,16,13.578,31.338,43.3,21
2026-08-22T10:37:57,3060.7,74.8,5.72,3.41,16,13.578,31.338,43.3,21
2026-08-22T10:37:59,3062.7,6.6,5.72,3.41,16,13.578,31.338,43.3,21
2026-08-22T10:38:01,3064.7,43.8,6.71,3.65,16,13.579,31.338,43.3,21
2026-08-22T10:38:03,3066.7,44.7,6.71,3.65,16,13.578,31.338,43.3,21
2026-08-22T10:38:05,3068.7,6.7,6.71,3.65,16,13.578,31.338,43.3,21
2026-08-22T10:38:07,3070.7,33.4,6.25,3.61,16,13.579,31.338,43.3,21
2026-08-22T10:38:09,3072.7,55.3,6.25,3.61,16,13.58,31.338,43.3,21
2026-08-22T10:38:11,3074.7,6.7,5.83,3.57,16,13.58,31.338,43.3,21
2026-08-22T10:38:13,3076.7,62.4,5.83,3.57,16,13.58,31.338,43.3,21
2026-08-22T10:38:15,3078.7,26.6,5.83,3.57,16,13.581,31.338,43.3,21
2026-08-22T10:38:17,3080.7,6.7,5.44,3.52,16,13.581,31.338,43.3,21
2026-08-22T10:38:19,3082.7,82.1,5.44,3.52,16,13.581,31.338,43.3,21
2026-08-22T10:38:21,3084.7,6.7,5.09,3.48,16,13.581,31.338,43.3,21
2026-08-22T10:38:23,3086.7,29.0,5.09,3.48,16,13.581,31.338,43.3,21
2026-08-22T10:38:25,3088.7,59.4,5.09,3.48,16,13.581,31.338,43.3,21
2026-08-22T10:38:27,3090.7,6.6,4.76,3.44,16,13.581,31.338,43.3,21
2026-08-22T10:38:29,3092.7,52.2,4.76,3.44,16,13.581,31.338,43.3,21
2026-08-22T10:38:31,3094.7,37.1,4.46,3.4,16,13.582,31.338,43.3,21
2026-08-22T10:38:33,3096.7,6.6,4.46,3.4,16,13.582,31.338,43.3,21
2026-08-22T10:38:35,3098.7,82.0,4.46,3.4,16,13.583,31.338,43.3,21
2026-08-22T10:38:37,3100.7,6.8,4.18,3.36,16,13.583,31.338,43.3,21
2026-08-22T10:38:39,3102.7,20.6,4.18,3.36,16,13.583,31.338,43.3,21
2026-08-22T10:38:41,3104.7,67.9,4.89,3.52,16,13.584,31.338,43.3,21
2026-08-22T10:38:43,3106.7,6.7,4.89,3.52,16,13.583,31.338,43.3,21
2026-08-22T10:38:45,3108.7,51.0,4.89,3.52,16,13.583,31.338,43.3,21
2026-08-22T10:38:47,3110.7,37.8,5.78,3.73,16,13.583,31.338,43.3,21
2026-08-22T10:38:49,3112.7,6.6,5.78,3.73,16,13.583,31.338,43.3,21
2026-08-22T10:38:51,3114.7,81.3,6.6,3.93,16,13.584,31.338,43.3,21
2026-08-22T10:38:53,3116.7,7.2,6.6,3.93,16,13.584,31.338,43.3,21
2026-08-22T10:38:55,3118.7,20.4,6.6,3.93,16,13.584,31.338,43.3,21
2026-08-22T10:38:57,3120.7,68.0,7.43,4.15,16,13.584,31.338,43.3,21
2026-08-22T10:38:59,3122.7,6.7,7.43,4.15,16,13.584,31.338,43.3,21
2026-08-22T10:39:01,3124.7,43.3,8.12,4.35,16,13.584,31.338,43.3,21
2026-08-22T10:39:03,3126.7,45.0,8.12,4.35,16,13.584,31.338,43.3,21
2026-08-22T10:39:05,3128.7,6.6,8.12,4.35,16,13.584,31.338,43.3,21
2026-08-22T10:39:07,3130.7,73.3,7.55,4.29,16,13.585,31.338,43.3,21
2026-08-22T10:39:09,3132.7,16.0,7.55,4.29,16,13.585,31.338,43.3,21
2026-08-22T10:39:11,3134.7,8.1,7.02,4.24,16,13.585,31.338,43.3,21
2026-08-22T10:39:13,3136.7,80.8,7.02,4.24,16,13.585,31.338,43.4,21
2026-08-22T10:39:15,3138.7,6.6,7.02,4.24,16,13.586,31.338,43.4,21
2026-08-22T10:39:17,3140.7,38.8,6.54,4.18,16,13.586,31.338,43.4,21
2026-08-22T10:39:19,3142.7,49.3,6.54,4.18,16,13.586,31.338,43.4,21
2026-08-22T10:39:21,3144.7,6.6,6.1,4.13,16,13.586,31.338,43.4,21
2026-08-22T10:39:23,3146.7,68.4,6.1,4.13,16,13.589,31.338,43.4,21
2026-08-22T10:39:25,3148.7,20.7,6.1,4.13,16,13.588,31.338,43.4,21
2026-08-22T10:39:27,3150.7,6.7,5.69,4.08,16,13.588,31.338,43.4,21
2026-08-22T10:39:29,3152.7,58.0,5.69,4.08,16,13.588,31.338,43.4,21
2026-08-22T10:39:31,3154.7,30.7,5.31,4.02,16,13.588,31.338,43.4,21
2026-08-22T10:39:33,3156.7,6.7,5.31,4.02,16,13.588,31.338,43.4,21
2026-08-22T10:39:35,3158.7,80.7,5.31,4.02,16,13.588,31.338,43.4,21
2026-08-22T10:39:37,3160.7,7.2,4.97,3.97,16,13.588,31.338,43.4,21
2026-08-22T10:39:39,3162.7,18.0,4.97,3.97,16,13.588,31.338,43.4,21
2026-08-22T10:39:41,3164.7,70.3,5.85,4.17,16,13.588,31.338,43.4,21
2026-08-22T10:39:43,3166.7,6.7,5.85,4.17,16,13.588,31.338,43.4,21
2026-08-22T10:39:45,3168.7,48.3,5.85,4.17,16,13.588,31.338,43.4,21
2026-08-22T10:39:47,3170.7,41.0,6.66,4.37,16,13.588,31.338,43.4,21
2026-08-22T10:39:49,3172.7,6.7,6.66,4.37,16,13.588,31.338,43.4,21
2026-08-22T10:39:51,3174.7,79.3,7.41,4.56,16,13.588,31.338,43.4,21
2026-08-22T10:39:53,3176.7,9.3,7.41,4.56,16,13.588,31.338,43.4,21
2026-08-22T10:39:55,3178.7,16.4,7.41,4.56,16,13.588,31.338,43.4,21
2026-08-22T10:39:57,3180.7,71.8,8.1,4.75,16,13.588,31.338,43.4,21
2026-08-22T10:39:59,3182.7,6.7,8.1,4.75,16,13.588,31.338,43.4,21
2026-08-22T10:40:01,3184.7,45.7,8.81,4.96,16,13.588,31.338,43.4,21
2026-08-22T10:40:03,3186.7,42.8,8.81,4.96,16,13.589,31.338,43.4,21
2026-08-22T10:40:05,3188.7,6.6,8.81,4.96,16,13.589,31.338,43.4,21
2026-08-22T10:40:07,3190.7,68.7,8.19,4.89,16,13.589,31.338,43.4,21
2026-08-22T10:40:09,3192.7,20.2,8.19,4.89,16,13.589,31.338,43.4,21
2026-08-22T10:40:11,3194.7,6.7,7.61,4.83,16,13.589,31.338,43.4,21
2026-08-22T10:40:13,3196.7,80.7,7.61,4.83,16,13.589,31.338,43.4,21
2026-08-22T10:40:15,3198.7,6.6,7.61,4.83,16,13.589,31.338,43.4,21
2026-08-22T10:40:17,3200.7,36.2,7.08,4.76,16,13.589,31.338,43.4,21
2026-08-22T10:40:19,3202.7,52.1,7.08,4.76,16,13.589,31.338,43.4,21
2026-08-22T10:40:21,3204.7,6.6,6.59,4.7,16,13.589,31.338,43.4,21
2026-08-22T10:40:23,3206.7,64.3,6.59,4.7,16,13.589,31.338,43.4,21
2026-08-22T10:40:25,3208.7,23.9,6.59,4.7,16,13.59,31.338,43.4,21
2026-08-22T10:40:27,3210.7,6.6,6.14,4.64,16,13.59,31.338,43.4,21
2026-08-22T10:40:29,3212.7,82.2,6.14,4.64,16,13.59,31.338,43.4,21
2026-08-22T10:40:31,3214.7,6.7,5.73,4.58,16,13.59,31.338,43.4,21
2026-08-22T10:40:33,3216.7,33.7,5.73,4.58,16,13.59,31.338,43.4,21
2026-08-22T10:40:35,3218.7,54.5,5.73,4.58,16,13.591,31.338,43.4,21
2026-08-22T10:40:37,3220.7,6.6,5.35,4.52,16,13.591,31.338,43.4,21
2026-08-22T10:40:39,3222.7,57.8,5.35,4.52,16,13.591,31.338,43.4,21
2026-08-22T10:40:41,3224.7,30.5,5.0,4.46,16,13.591,31.338,43.4,21
2026-08-22T10:40:43,3226.7,6.7,5.0,4.46,16,13.591,31.338,43.4,21
2026-08-22T10:40:45,3228.7,81.6,5.0,4.46,16,13.592,31.338,43.4,21
2026-08-22T10:40:47,3230.7,6.6,4.68,4.4,16,13.592,31.338,43.4,21
2026-08-22T10:40:49,3232.7,6.9,4.68,4.4,16,13.592,31.338,43.4,21
2026-08-22T10:40:51,3234.7,81.1,5.67,4.61,16,13.592,31.338,43.4,21
2026-08-22T10:40:53,3236.7,6.8,5.67,4.61,16,13.592,31.338,43.4,21
2026-08-22T10:40:55,3238.7,18.6,5.67,4.61,16,13.592,31.338,43.4,21
2026-08-22T10:40:57,3240.7,69.9,6.5,4.8,16,13.591,31.338,43.4,21
2026-08-22T10:40:59,3242.7,6.7,6.5,4.8,16,13.591,31.338,43.4,21
2026-08-22T10:41:01,3244.7,48.4,7.26,4.99,16,13.591,31.338,43.4,21
2026-08-22T10:41:03,3246.7,39.4,7.26,4.99,16,13.591,31.338,43.4,21
2026-08-22T10:41:05,3248.7,6.6,7.26,4.99,16,13.591,31.338,43.4,21
2026-08-22T10:41:07,3250.7,80.3,6.76,4.92,16,13.591,31.338,43.4,21
2026-08-22T10:41:09,3252.7,8.4,6.76,4.92,16,13.591,31.338,43.4,21
2026-08-22T10:41:11,3254.7,9.8,6.3,4.86,16,13.591,31.338,43.4,21
2026-08-22T10:41:13,3256.7,78.6,6.3,4.86,16,13.591,31.338,43.4,21
2026-08-22T10:41:15,3258.7,6.7,6.3,4.86,16,13.591,31.338,43.4,21
2026-08-22T10:41:17,3260.7,41.8,5.87,4.79,16,13.593,31.338,43.4,21
2026-08-22T10:41:19,3262.7,46.6,5.87,4.79,16,13.593,31.338,43.4,21
2026-08-22T10:41:21,3264.7,6.6,5.48,4.73,16,13.593,31.338,43.4,21
2026-08-22T10:41:23,3266.7,72.0,5.48,4.73,16,13.593,31.338,43.4,21
2026-08-22T10:41:25,3268.7,16.3,5.48,4.73,16,13.593,31.338,43.4,21
2026-08-22T10:41:27,3270.7,10.6,5.12,4.67,16,13.594,31.338,43.4,21
2026-08-22T10:41:29,3272.7,78.9,5.12,4.67,16,13.594,31.338,43.4,21
2026-08-22T10:41:31,3274.7,6.7,4.79,4.6,16,13.594,31.338,43.4,21
2026-08-22T10:41:33,3276.7,40.6,4.79,4.6,16,13.594,31.338,43.4,21
2026-08-22T10:41:35,3278.7,47.4,4.79,4.6,16,13.594,31.338,43.4,21
2026-08-22T10:41:37,3280.7,6.7,4.49,4.54,16,13.593,31.338,43.4,21
2026-08-22T10:41:39,3282.7,71.4,4.49,4.54,16,13.593,31.338,43.4,21
2026-08-22T10:41:41,3284.7,17.2,4.21,4.49,16,13.594,31.338,43.4,21
2026-08-22T10:41:43,3286.7,6.7,4.21,4.49,16,13.594,31.338,43.4,21
2026-08-22T10:41:45,3288.7,81.5,4.21,4.49,16,13.594,31.338,43.4,21
2026-08-22T10:41:47,3290.7,6.7,3.95,4.43,16,13.595,31.338,43.4,21
2026-08-22T10:41:49,3292.7,34.6,3.95,4.43,16,13.595,31.338,43.4,21
2026-08-22T10:41:51,3294.7,53.9,3.71,4.37,16,13.595,31.338,43.4,21
2026-08-22T10:41:53,3296.7,6.6,3.71,4.37,16,13.595,31.338,43.4,21
2026-08-22T10:41:55,3298.7,65.2,3.71,4.37,16,13.595,31.338,43.4,21
2026-08-22T10:41:57,3300.7,22.9,4.7,4.56,16,13.595,31.338,43.4,21
2026-08-22T10:41:59,3302.7,6.6,4.7,4.56,16,13.595,31.338,43.4,21
2026-08-22T10:42:01,3304.7,81.3,5.6,4.75,16,13.595,31.338,43.4,21
2026-08-22T10:42:03,3306.7,6.7,5.6,4.75,16,13.595,31.338,43.4,21
2026-08-22T10:42:05,3308.7,31.9,5.6,4.75,16,13.595,31.338,43.4,21
2026-08-22T10:42:07,3310.7,56.6,6.44,4.94,16,13.595,31.338,43.4,21
2026-08-22T10:42:09,3312.7,6.6,6.44,4.94,16,13.595,31.338,43.4,21
2026-08-22T10:42:11,3314.7,23.1,6.0,4.88,16,13.595,31.338,43.4,21
2026-08-22T10:42:13,3316.7,65.4,6.0,4.88,16,13.595,31.338,43.4,21
2026-08-22T10:42:15,3318.7,6.7,6.0,4.88,16,13.595,31.338,43.4,21
2026-08-22T10:42:17,3320.7,44.0,5.6,4.81,16,13.595,31.338,43.4,21
2026-08-22T10:42:19,3322.7,44.4,5.6,4.81,16,13.595,31.338,43.4,21
2026-08-22T10:42:21,3324.7,6.7,5.23,4.75,16,13.595,31.338,43.4,21
2026-08-22T10:42:23,3326.7,75.0,5.23,4.75,16,13.595,31.338,43.4,21
2026-08-22T10:42:25,3328.7,13.6,5.23,4.75,16,13.595,31.338,43.4,21
2026-08-22T10:42:27,3330.7,12.6,4.89,4.69,16,13.595,31.338,43.4,21
2026-08-22T10:42:29,3332.7,76.2,4.89,4.69,16,13.595,31.338,43.4,21
2026-08-22T10:42:31,3334.8,6.6,4.58,4.62,16,13.595,31.338,43.4,21
2026-08-22T10:42:33,3336.8,42.3,4.58,4.62,16,13.595,31.338,43.4,21
2026-08-22T10:42:35,3338.8,46.4,4.58,4.62,16,13.595,31.338,43.4,21
2026-08-22T10:42:37,3340.8,6.7,4.29,4.56,16,13.595,31.338,43.4,21
2026-08-22T10:42:39,3342.8,6.9,4.29,4.56,16,13.595,31.338,43.4,21
2026-08-22T10:42:41,3344.8,6.7,4.03,4.5,16,13.595,31.338,43.4,21
2026-08-22T10:42:43,3346.8,6.6,4.03,4.5,16,13.595,31.338,43.4,21
2026-08-22T10:42:45,3348.8,6.7,4.03,4.5,16,13.595,31.338,43.4,21
2026-08-22T10:42:47,3350.8,6.7,3.79,4.44,16,13.595,31.338,43.4,21
2026-08-22T10:42:49,3352.8,6.6,3.79,4.44,16,14.279,31.338,45.6,21
2026-08-22T10:42:51,3354.8,6.6,3.56,4.39,16,14.279,31.338,45.6,21
2026-08-22T10:42:53,3356.8,6.7,3.56,4.39,16,14.279,31.338,45.6,21
2026-08-22T10:42:55,3358.8,6.7,3.56,4.39,16,14.279,31.338,45.6,21
2026-08-22T10:42:57,3360.8,6.6,3.36,4.33,16,14.279,31.338,45.6,21
2026-08-22T10:42:59,3362.8,6.7,3.36,4.33,16,14.278,31.338,45.6,21
2026-08-22T10:43:01,3364.8,6.6,3.17,4.27,16,14.278,31.338,45.6,21
2026-08-22T10:43:03,3366.8,6.7,3.17,4.27,16,14.278,31.338,45.6,21
2026-08-22T10:43:05,3368.8,6.6,3.17,4.27,16,14.278,31.338,45.6,21
2026-08-22T10:43:07,3370.8,6.6,2.99,4.22,16,14.278,31.338,45.6,21
2026-08-22T10:43:09,3372.8,6.7,2.99,4.22,16,14.28,31.338,45.6,21
2026-08-22T10:43:11,3374.8,6.7,2.83,4.17,16,14.28,31.338,45.6,21
2026-08-22T10:43:13,3376.8,6.7,2.83,4.17,16,14.274,31.338,45.5,21
2026-08-22T10:43:15,3378.8,12.0,2.83,4.17,16,6.311,31.338,20.1,5
2026-08-22T10:43:17,3380.8,6.4,2.69,4.11,16,6.309,31.338,20.1,5
2026-08-22T10:43:19,3382.8,6.4,2.69,4.11,16,6.314,31.338,20.1,5
2026-08-22T10:43:21,3384.8,6.4,2.55,4.06,16,6.314,31.338,20.1,5
2026-08-22T10:43:23,3386.8,6.4,2.55,4.06,16,6.314,31.338,20.1,5
2026-08-22T10:43:25,3388.8,6.4,2.55,4.06,16,6.314,31.338,20.1,5
2026-08-22T10:43:27,3390.8,6.4,2.43,4.01,16,6.314,31.338,20.1,5
2026-08-22T10:43:29,3392.8,6.4,2.43,4.01,16,6.315,31.338,20.2,5
2026-08-22T10:43:31,3394.8,6.4,2.31,3.96,16,6.315,31.338,20.2,5
2026-08-22T10:43:33,3396.8,6.4,2.31,3.96,16,6.636,31.338,21.2,6
2026-08-22T10:43:35,3398.8,6.8,2.31,3.96,16,6.763,31.338,21.6,6
2026-08-22T10:43:37,3400.8,9.6,2.29,3.93,16,6.766,31.338,21.6,6
2026-08-22T10:43:39,3402.8,9.8,2.29,3.93,16,6.765,31.338,21.6,6
2026-08-22T10:43:41,3404.8,9.8,2.26,3.9,16,6.765,31.338,21.6,6
2026-08-22T10:43:43,3406.8,9.9,2.26,3.9,16,6.766,31.338,21.6,6
2026-08-22T10:43:45,3408.8,9.9,2.26,3.9,16,6.766,31.338,21.6,6
2026-08-22T10:43:47,3410.8,9.7,2.16,3.85,16,6.766,31.338,21.6,6
2026-08-22T10:43:49,3412.8,11.2,2.16,3.85,16,7.018,31.338,22.4,6
2026-08-22T10:43:51,3414.8,11.5,2.15,3.82,16,7.104,31.338,22.7,6
2026-08-22T10:43:53,3416.8,10.5,2.15,3.82,16,7.105,31.338,22.7,6
2026-08-22T10:43:55,3418.8,10.5,2.15,3.82,16,7.098,31.338,22.6,6
2026-08-22T10:43:57,3420.8,10.3,2.14,3.79,16,7.081,31.338,22.6,6
2026-08-22T10:43:59,3422.8,10.5,2.14,3.79,16,7.065,31.338,22.5,6
2026-08-22T10:44:01,3424.8,10.4,2.05,3.74,16,7.048,31.338,22.5,6
2026-08-22T10:44:03,3426.8,13.1,2.05,3.74,16,7.225,31.338,23.1,6
2026-08-22T10:44:05,3428.8,10.3,2.05,3.74,16,7.209,31.338,23.0,6
2026-08-22T10:44:07,3430.8,10.2,2.04,3.71,16,7.194,31.338,23.0,6
2026-08-22T10:44:09,3432.8,10.4,2.04,3.71,16,7.178,31.338,22.9,6
2026-08-22T10:44:11,3434.8,10.3,2.04,3.68,16,7.162,31.338,22.9,6
2026-08-22T10:44:13,3436.8,10.1,2.04,3.68,16,7.147,31.338,22.8,6
2026-08-22T10:44:15,3438.8,10.3,2.04,3.68,16,7.131,31.338,22.8,6
2026-08-22T10:44:17,3440.8,13.1,2.04,3.65,16,7.231,31.338,23.1,6
2026-08-22T10:44:19,3442.8,10.3,2.04,3.65,16,7.216,31.338,23.0,6
2026-08-22T10:44:21,3444.8,10.3,2.03,3.63,16,7.195,31.338,23.0,6
2026-08-22T10:44:23,3446.8,10.4,2.03,3.63,16,7.179,31.338,22.9,6
2026-08-22T10:44:25,3448.8,10.4,2.03,3.63,16,7.164,31.338,22.9,6
2026-08-22T10:44:27,3450.8,10.2,2.03,3.6,16,7.149,31.338,22.8,6
2026-08-22T10:44:29,3452.8,10.4,2.03,3.6,16,7.134,31.338,22.8,6
2026-08-22T10:44:31,3454.8,12.9,2.11,3.59,16,7.193,31.338,23.0,6
2026-08-22T10:44:33,3456.8,10.2,2.11,3.59,16,7.175,31.338,22.9,6
2026-08-22T10:44:35,3458.8,10.1,2.11,3.59,16,7.158,31.338,22.8,6
2026-08-22T10:44:37,3460.8,10.0,2.1,3.56,16,7.143,31.338,22.8,6
2026-08-22T10:44:39,3462.8,10.1,2.1,3.56,16,7.128,31.338,22.7,6
2026-08-22T10:44:41,3464.8,10.3,2.09,3.54,16,7.112,31.338,22.7,6
2026-08-22T10:44:43,3466.8,10.2,2.09,3.54,16,7.089,31.338,22.6,6
2026-08-22T10:44:45,3468.8,13.1,2.09,3.54,16,7.12,31.338,22.7,6
2026-08-22T10:44:47,3470.8,10.3,2.08,3.51,16,7.105,31.338,22.7,6
2026-08-22T10:44:49,3472.8,10.5,2.08,3.51,16,7.089,31.338,22.6,6
2026-08-22T10:44:51,3474.8,10.4,2.08,3.48,16,7.074,31.338,22.6,6
2026-08-22T10:44:53,3476.8,10.2,2.08,3.48,16,7.061,31.338,22.5,6
2026-08-22T10:44:55,3478.8,10.4,2.08,3.48,16,7.054,31.338,22.5,6
2026-08-22T10:44:57,3480.8,10.5,2.07,3.46,16,7.115,31.338,22.7,6
2026-08-22T10:44:59,3482.8,13.3,2.07,3.46,16,7.245,31.338,23.1,6
2026-08-22T10:45:01,3484.8,10.4,1.98,3.42,16,7.238,31.338,23.1,6
2026-08-22T10:45:03,3486.8,10.4,1.98,3.42,16,7.215,31.338,23.0,6
2026-08-22T10:45:05,3488.8,10.6,1.98,3.42,16,7.195,31.338,23.0,6
2026-08-22T10:45:07,3490.8,10.4,1.9,3.38,16,7.18,31.338,22.9,6
2026-08-22T10:45:09,3492.8,10.3,1.9,3.38,16,7.163,31.338,22.9,6
2026-08-22T10:45:11,3494.8,11.2,1.83,3.34,16,7.185,31.338,22.9,6
2026-08-22T10:45:13,3496.8,12.6,1.83,3.34,16,7.239,31.338,23.1,6
2026-08-22T10:45:15,3498.8,10.5,1.83,3.34,16,7.231,31.338,23.1,6
2026-08-22T10:45:17,3500.8,10.4,1.85,3.32,16,7.215,31.338,23.0,6
2026-08-22T10:45:19,3502.8,10.5,1.85,3.32,16,7.2,31.338,23.0,6
2026-08-22T10:45:21,3504.8,10.6,1.86,3.29,16,7.185,31.338,22.9,6
2026-08-22T10:45:23,3506.8,10.5,1.86,3.29,16,7.169,31.338,22.9,6
2026-08-22T10:45:25,3508.8,11.4,1.86,3.29,16,7.239,31.338,23.1,6
2026-08-22T10:45:27,3510.8,12.3,1.87,3.27,16,7.214,31.338,23.0,6
2026-08-22T10:45:29,3512.8,10.3,1.87,3.27,16,7.203,31.338,23.0,6
2026-08-22T10:45:31,3514.8,10.3,1.96,3.27,16,7.189,31.338,22.9,6
2026-08-22T10:45:33,3516.8,10.3,1.96,3.27,16,7.172,31.338,22.9,6
2026-08-22T10:45:35,3518.8,10.5,1.96,3.27,16,7.157,31.338,22.8,6
2026-08-22T10:45:37,3520.8,10.2,1.96,3.25,16,7.142,31.338,22.8,6
2026-08-22T10:45:39,3522.8,11.6,1.96,3.25,16,7.249,31.338,23.1,6
2026-08-22T10:45:41,3524.8,11.9,1.89,3.21,16,7.21,31.338,23.0,6
2026-08-22T10:45:43,3526.8,10.3,1.89,3.21,16,7.195,31.338,23.0,6
2026-08-22T10:45:45,3528.8,10.4,1.89,3.21,16,7.179,31.338,22.9,6
2026-08-22T10:45:47,3530.8,10.3,1.9,3.19,16,7.164,31.338,22.9,6
2026-08-22T10:45:49,3532.8,10.4,1.9,3.19,16,7.148,31.338,22.8,6
2026-08-22T10:45:51,3534.8,10.5,1.82,3.15,16,7.133,31.338,22.8,6
2026-08-22T10:45:53,3536.8,10.8,1.82,3.15,16,7.194,31.338,23.0,6
2026-08-22T10:45:55,3538.8,12.6,1.82,3.15,16,7.24,31.338,23.1,6
2026-08-22T10:45:57,3540.8,10.4,1.84,3.13,16,7.232,31.338,23.1,6
2026-08-22T10:45:59,3542.8,10.3,1.84,3.13,16,7.217,31.338,23.0,6
2026-08-22T10:46:01,3544.8,10.3,1.77,3.1,16,7.202,31.338,23.0,6
2026-08-22T10:46:03,3546.8,10.3,1.77,3.1,16,7.186,31.338,22.9,6
2026-08-22T10:46:05,3548.8,10.3,1.77,3.1,16,7.171,31.338,22.9,6
2026-08-22T10:46:07,3550.8,10.8,1.71,3.06,16,7.195,31.338,23.0,6
2026-08-22T10:46:09,3552.8,12.6,1.71,3.06,16,7.257,31.338,23.2,6
2026-08-22T10:46:11,3554.8,10.5,1.73,3.04,16,7.241,31.338,23.1,6
2026-08-22T10:46:13,3556.8,10.4,1.73,3.04,16,7.226,31.338,23.1,6
2026-08-22T10:46:15,3558.8,10.3,1.73,3.04,16,7.21,31.338,23.0,6
2026-08-22T10:46:17,3560.8,10.2,1.75,3.02,16,7.195,31.338,23.0,6
2026-08-22T10:46:19,3562.8,10.1,1.75,3.02,16,7.18,31.338,22.9,6
2026-08-22T10:46:21,3564.8,10.7,1.77,3.01,16,7.166,31.338,22.9,6
2026-08-22T10:46:23,3566.8,12.8,1.77,3.01,16,7.25,31.338,23.1,6
2026-08-22T10:46:25,3568.8,10.6,1.77,3.01,16,7.242,31.338,23.1,6
2026-08-22T10:46:27,3570.8,10.4,1.79,2.99,16,7.219,31.338,23.0,6
2026-08-22T10:46:29,3572.8,10.1,1.79,2.99,16,7.196,31.338,23.0,6
2026-08-22T10:46:31,3574.8,10.2,1.81,2.97,16,7.181,31.338,22.9,6
2026-08-22T10:46:33,3576.8,10.5,1.81,2.97,16,7.165,31.338,22.9,6
2026-08-22T10:46:35,3578.8,10.5,1.81,2.97,16,7.15,31.338,22.8,6
2026-08-22T10:46:37,3580.8,13.3,1.91,2.97,16,7.25,31.338,23.1,6
2026-08-22T10:46:39,3582.8,10.5,1.91,2.97,16,7.235,31.338,23.1,6
2026-08-22T10:46:41,3584.8,10.5,1.91,2.96,16,7.219,31.338,23.0,6
2026-08-22T10:46:43,3586.8,10.6,1.91,2.96,16,7.204,31.338,23.0,6
2026-08-22T10:46:45,3588.8,10.7,1.91,2.96,16,7.189,31.338,22.9,6
2026-08-22T10:46:47,3590.8,10.5,1.92,2.94,16,7.173,31.338,22.9,6
2026-08-22T10:46:49,3592.8,10.5,1.92,2.94,16,7.159,31.338,22.8,6
2026-08-22T10:46:51,3594.8,13.5,1.85,2.91,16,7.251,31.338,23.1,6
2026-08-22T10:46:53,3596.8,10.6,1.85,2.91,16,7.244,31.338,23.1,6
2026-08-22T10:46:55,3598.8,10.5,1.85,2.91,16,7.228,31.338,23.1,6
2026-08-22T10:46:57,3600.8,10.6,1.86,2.89,16,7.215,31.338,23.0,6
2026-08-22T10:46:59,3602.8,10.4,1.86,2.89,16,7.199,31.338,23.0,6
2026-08-22T10:47:01,3604.8,10.5,1.87,2.88,16,7.184,31.338,22.9,6
2026-08-22T10:47:03,3606.8,10.5,1.87,2.88,16,7.169,31.338,22.9,6
2026-08-22T10:47:05,3608.8,7.9,1.87,2.88,16,7.238,31.338,23.1,6
2026-08-22T10:47:07,3610.8,10.5,1.88,2.86,16,7.222,31.338,23.0,6
2026-08-22T10:47:09,3612.8,10.4,1.88,2.86,16,7.207,31.338,23.0,6
2026-08-22T10:47:11,3614.8,10.6,1.81,2.83,16,7.192,31.338,22.9,6
2026-08-22T10:47:13,3616.8,10.4,1.81,2.83,16,7.184,31.338,22.9,6
2026-08-22T10:47:15,3618.8,10.4,1.81,2.83,16,7.169,31.338,22.9,6
2026-08-22T10:47:17,3620.8,10.6,1.83,2.82,16,7.153,31.338,22.8,6
2026-08-22T10:47:19,3622.8,11.7,1.83,2.82,16,7.26,31.338,23.2,6
2026-08-22T10:47:21,3624.8,12.2,1.84,2.81,16,7.322,31.338,23.4,6
2026-08-22T10:47:23,3626.8,10.6,1.84,2.81,16,7.291,31.338,23.3,6
2026-08-22T10:47:25,3628.8,10.8,1.84,2.81,16,7.26,31.338,23.2,6
2026-08-22T10:47:27,3630.8,10.5,1.85,2.79,16,7.237,31.338,23.1,6
2026-08-22T10:47:29,3632.8,10.6,1.85,2.79,16,7.209,31.338,23.0,6
2026-08-22T10:47:31,3634.8,10.5,1.87,2.78,16,7.187,31.338,22.9,6
2026-08-22T10:47:33,3636.8,11.2,1.87,2.78,16,7.327,31.338,23.4,6
2026-08-22T10:47:35,3638.8,12.6,1.87,2.78,16,7.337,31.338,23.4,6
2026-08-22T10:47:37,3640.8,10.6,1.88,2.77,16,7.312,31.338,23.3,6
2026-08-22T10:47:39,3642.8,10.4,1.88,2.77,16,7.268,31.338,23.2,6
2026-08-22T10:47:41,3644.8,10.5,1.89,2.75,16,7.243,31.338,23.1,6
2026-08-22T10:47:43,3646.8,10.6,1.89,2.75,16,7.221,31.338,23.0,6
2026-08-22T10:47:45,3648.8,10.3,1.89,2.75,16,7.2,31.338,23.0,6
2026-08-22T10:47:47,3650.8,10.7,1.9,2.74,16,7.181,31.338,22.9,6
2026-08-22T10:47:49,3652.8,12.8,1.9,2.74,16,7.262,31.338,23.2,6
2026-08-22T10:47:51,3654.8,10.1,1.9,2.73,16,7.244,31.338,23.1,6
2026-08-22T10:47:53,3656.8,10.3,1.9,2.73,16,7.219,31.338,23.0,6
2026-08-22T10:47:55,3658.8,10.5,1.9,2.73,16,7.203,31.338,23.0,6
2026-08-22T10:47:57,3660.8,10.3,1.91,2.71,16,7.188,31.338,22.9,6
2026-08-22T10:47:59,3662.8,10.5,1.91,2.71,16,7.172,31.338,22.9,6
2026-08-22T10:48:01,3664.8,10.5,1.92,2.7,16,7.158,31.338,22.8,6
2026-08-22T10:48:03,3666.8,13.2,1.92,2.7,16,7.257,31.338,23.2,6
2026-08-22T10:48:05,3668.8,10.7,1.92,2.7,16,7.242,31.338,23.1,6
2026-08-22T10:48:07,3670.8,10.6,1.85,2.67,16,7.227,31.338,23.1,6
2026-08-22T10:48:09,3672.8,10.5,1.85,2.67,16,7.212,31.338,23.0,6
2026-08-22T10:48:11,3674.8,10.5,1.86,2.66,16,7.196,31.338,23.0,6
2026-08-22T10:48:13,3676.8,10.5,1.86,2.66,16,7.181,31.338,22.9,6
2026-08-22T10:48:15,3678.8,10.6,1.86,2.66,16,7.165,31.338,22.9,6
2026-08-22T10:48:17,3680.8,13.4,1.87,2.65,16,7.258,31.338,23.2,6
2026-08-22T10:48:19,3682.8,10.6,1.87,2.65,16,7.243,31.338,23.1,6
2026-08-22T10:48:21,3684.8,10.7,1.88,2.64,16,7.227,31.338,23.1,6
2026-08-22T10:48:23,3686.8,10.7,1.88,2.64,16,7.212,31.338,23.0,6
2026-08-22T10:48:25,3688.8,10.7,1.88,2.64,16,7.197,31.338,23.0,6
2026-08-22T10:48:27,3690.8,10.6,1.89,2.63,16,7.179,31.338,22.9,6
2026-08-22T10:48:29,3692.8,10.5,1.89,2.63,16,7.164,31.338,22.9,6
2026-08-22T10:48:31,3694.8,13.3,1.82,2.6,16,7.256,31.338,23.2,6
2026-08-22T10:48:33,3696.8,10.1,1.82,2.6,16,7.241,31.338,23.1,6
2026-08-22T10:48:35,3698.8,10.6,1.82,2.6,16,7.225,31.338,23.1,6
2026-08-22T10:48:37,3700.8,10.4,1.83,2.59,16,7.212,31.338,23.0,6
2026-08-22T10:48:39,3702.8,10.4,1.83,2.59,16,7.197,31.338,23.0,6
2026-08-22T10:48:41,3704.8,10.4,1.85,2.58,16,7.182,31.338,22.9,6
2026-08-22T10:48:43,3706.8,10.4,1.85,2.58,16,7.158,31.338,22.8,6
2026-08-22T10:48:45,3708.8,13.1,1.85,2.58,16,7.33,31.338,23.4,6
2026-08-22T10:48:47,3710.8,10.3,1.86,2.57,16,7.298,31.338,23.3,6
2026-08-22T10:48:49,3712.8,10.5,1.86,2.57,16,7.262,31.338,23.2,6
2026-08-22T10:48:51,3714.8,10.1,1.79,2.55,16,7.232,31.338,23.1,6
2026-08-22T10:48:53,3716.8,10.5,1.79,2.55,16,7.21,31.338,23.0,6
2026-08-22T10:48:55,3718.8,10.3,1.79,2.55,16,7.19,31.338,22.9,6
2026-08-22T10:48:57,3720.8,10.5,1.81,2.54,16,7.169,31.338,22.9,6
2026-08-22T10:48:59,3722.8,13.1,1.81,2.54,16,7.21,31.338,23.0,6
2026-08-22T10:49:01,3724.8,10.4,1.82,2.53,16,7.202,31.338,23.0,6
2026-08-22T10:49:03,3726.8,10.2,1.82,2.53,16,7.184,31.338,22.9,6
2026-08-22T10:49:05,3728.8,10.5,1.82,2.53,16,7.168,31.338,22.9,6
2026-08-22T10:49:07,3730.8,9.8,1.76,2.5,16,7.155,31.338,22.8,6
2026-08-22T10:49:09,3732.8,10.1,1.76,2.5,16,7.14,31.338,22.8,6
2026-08-22T10:49:11,3734.8,9.9,1.78,2.49,16,7.124,31.338,22.7,6
2026-08-22T10:49:13,3736.8,12.9,1.78,2.49,16,7.3,31.338,23.3,6
2026-08-22T10:49:15,3738.8,10.2,1.78,2.49,16,7.277,31.338,23.2,6
2026-08-22T10:49:17,3740.8,10.5,1.71,2.47,16,7.25,31.338,23.1,6
2026-08-22T10:49:19,3742.8,10.5,1.71,2.47,16,7.217,31.338,23.0,6
2026-08-22T10:49:21,3744.8,10.3,1.74,2.46,16,7.19,31.338,22.9,6
2026-08-22T10:49:23,3746.8,10.7,1.74,2.46,16,7.17,31.338,22.9,6
2026-08-22T10:49:25,3748.8,10.8,1.74,2.46,16,7.152,31.338,22.8,6
2026-08-22T10:49:27,3750.8,13.2,1.76,2.45,16,7.242,31.338,23.1,6
2026-08-22T10:49:29,3752.8,10.5,1.76,2.45,16,7.224,31.338,23.1,6
2026-08-22T10:49:31,3754.8,10.5,1.78,2.44,16,7.207,31.338,23.0,6
2026-08-22T10:49:33,3756.8,10.5,1.78,2.44,16,7.191,31.338,22.9,6
2026-08-22T10:49:35,3758.8,10.6,1.78,2.44,16,7.176,31.338,22.9,6
2026-08-22T10:49:37,3760.8,10.6,1.8,2.44,16,7.161,31.338,22.8,6
2026-08-22T10:49:39,3762.8,10.6,1.8,2.44,16,7.145,31.338,22.8,6
2026-08-22T10:49:41,3764.8,13.1,1.89,2.45,16,7.261,31.338,23.2,6
2026-08-22T10:49:43,3766.8,10.4,1.89,2.45,16,7.245,31.338,23.1,6
2026-08-22T10:49:45,3768.8,10.3,1.89,2.45,16,7.23,31.338,23.1,6
2026-08-22T10:49:47,3770.8,10.4,1.82,2.42,16,7.215,31.338,23.0,6
2026-08-22T10:49:49,3772.8,10.4,1.82,2.42,16,7.199,31.338,23.0,6
2026-08-22T10:49:51,3774.8,10.4,1.84,2.41,16,7.184,31.338,22.9,6
2026-08-22T10:49:53,3776.8,10.3,1.84,2.41,16,7.168,31.338,22.9,6
2026-08-22T10:49:55,3778.8,12.9,1.84,2.41,16,7.246,31.338,23.1,6
2026-08-22T10:49:57,3780.8,10.4,1.77,2.39,16,7.238,31.338,23.1,6
2026-08-22T10:49:59,3782.8,10.3,1.77,2.39,16,7.223,31.338,23.0,6
2026-08-22T10:50:01,3784.8,10.4,1.71,2.37,16,7.207,31.338,23.0,6
2026-08-22T10:50:03,3786.8,10.6,1.71,2.37,16,7.192,31.338,22.9,6
2026-08-22T10:50:05,3788.8,10.4,1.71,2.37,16,7.176,31.338,22.9,6
2026-08-22T10:50:07,3790.8,10.5,1.73,2.36,16,7.161,31.338,22.9,6
2026-08-22T10:50:09,3792.8,12.9,1.73,2.36,16,7.245,31.338,23.1,6
2026-08-22T10:50:11,3794.9,10.3,1.75,2.35,16,7.23,31.338,23.1,6
2026-08-22T10:50:13,3796.9,10.3,1.75,2.35,16,7.215,31.338,23.0,6
2026-08-22T10:50:15,3798.9,10.3,1.75,2.35,16,7.199,31.338,23.0,6
2026-08-22T10:50:17,3800.9,10.0,1.69,2.33,16,7.184,31.338,22.9,6
2026-08-22T10:50:19,3802.9,10.3,1.69,2.33,16,7.168,31.338,22.9,6
2026-08-22T10:50:21,3804.9,10.0,1.64,2.31,16,7.153,31.338,22.8,6
2026-08-22T10:50:23,3806.9,12.6,1.64,2.31,16,7.246,31.338,23.1,6
2026-08-22T10:50:25,3808.9,10.5,1.64,2.31,16,7.223,31.338,23.0,6
2026-08-22T10:50:27,3810.9,10.3,1.58,2.29,16,7.204,31.338,23.0,6
2026-08-22T10:50:29,3812.9,10.3,1.58,2.29,16,7.188,31.338,22.9,6
2026-08-22T10:50:31,3814.9,10.6,1.54,2.27,16,7.173,31.338,22.9,6
2026-08-22T10:50:33,3816.9,10.5,1.54,2.27,16,7.157,31.338,22.8,6
2026-08-22T10:50:35,3818.9,9.8,1.54,2.27,16,7.142,31.338,22.8,6
2026-08-22T10:50:37,3820.9,7.8,1.58,2.26,16,7.249,31.338,23.1,6
2026-08-22T10:50:39,3822.9,10.2,1.58,2.26,16,7.234,31.338,23.1,6
2026-08-22T10:50:41,3824.9,10.2,1.61,2.26,16,7.222,31.338,23.0,6
2026-08-22T10:50:43,3826.9,10.2,1.61,2.26,16,7.207,31.338,23.0,6
2026-08-22T10:50:45,3828.9,10.4,1.61,2.26,16,7.192,31.338,22.9,6
2026-08-22T10:50:47,3830.9,10.2,1.64,2.25,16,7.176,31.338,22.9,6
2026-08-22T10:50:49,3832.9,10.2,1.64,2.25,16,7.161,31.338,22.9,6
2026-08-22T10:50:51,3834.9,10.0,1.67,2.25,16,7.146,31.338,22.8,6
2026-08-22T10:50:53,3836.9,12.8,1.67,2.25,16,7.238,31.338,23.1,6
2026-08-22T10:50:55,3838.9,10.2,1.67,2.25,16,7.223,31.338,23.0,6
2026-08-22T10:50:57,3840.9,10.1,1.62,2.23,16,7.207,31.338,23.0,6
2026-08-22T10:50:59,3842.9,10.1,1.62,2.23,16,7.192,31.338,22.9,6
2026-08-22T10:51:01,3844.9,10.0,1.65,2.22,16,7.176,31.338,22.9,6
2026-08-22T10:51:03,3846.9,10.1,1.65,2.22,16,7.161,31.338,22.9,6
2026-08-22T10:51:05,3848.9,10.2,1.65,2.22,16,7.146,31.338,22.8,6
2026-08-22T10:51:07,3850.9,12.6,1.76,2.24,16,7.23,31.338,23.1,6
2026-08-22T10:51:09,3852.9,10.1,1.76,2.24,16,7.215,31.338,23.0,6
2026-08-22T10:51:11,3854.9,10.1,1.69,2.21,16,7.192,31.338,22.9,6
2026-08-22T10:51:13,3856.9,10.2,1.69,2.21,16,7.176,31.338,22.9,6
2026-08-22T10:51:15,3858.9,10.1,1.69,2.21,16,7.161,31.338,22.9,6
2026-08-22T10:51:17,3860.9,10.2,1.64,2.19,16,7.146,31.338,22.8,6
2026-08-22T10:51:19,3862.9,10.1,1.64,2.19,16,7.13,31.338,22.8,6
2026-08-22T10:51:21,3864.9,12.6,1.67,2.19,16,7.314,31.338,23.3,6
2026-08-22T10:51:23,3866.9,10.2,1.67,2.19,16,7.283,31.338,23.2,6
2026-08-22T10:51:25,3868.9,10.3,1.67,2.19,16,7.253,31.338,23.1,6
2026-08-22T10:51:27,3870.9,10.1,1.61,2.17,16,7.226,31.338,23.1,6
2026-08-22T10:51:29,3872.9,10.0,1.61,2.17,16,7.201,31.338,23.0,6
2026-08-22T10:51:31,3874.9,10.1,1.65,2.17,16,7.179,31.338,22.9,6
2026-08-22T10:51:33,3876.9,10.2,1.65,2.17,16,7.227,31.338,23.1,6
2026-08-22T10:51:35,3878.9,12.5,1.65,2.17,16,7.319,31.338,23.4,6
2026-08-22T10:51:37,3880.9,10.1,1.67,2.17,16,7.288,31.338,23.3,6
2026-08-22T10:51:39,3882.9,10.1,1.67,2.17,16,7.258,31.338,23.2,6
2026-08-22T10:51:41,3884.9,10.3,1.7,2.16,16,7.227,31.338,23.1,6
2026-08-22T10:51:43,3886.9,10.2,1.7,2.16,16,7.2,31.338,23.0,6
2026-08-22T10:51:45,3888.9,10.2,1.7,2.16,16,7.176,31.338,22.9,6
2026-08-22T10:51:47,3890.9,10.4,1.65,2.14,16,7.153,31.338,22.8,6
2026-08-22T10:51:49,3892.9,12.3,1.65,2.14,16,7.225,31.338,23.1,6
2026-08-22T10:51:51,3894.9,10.2,1.59,2.12,16,7.205,31.338,23.0,6
2026-08-22T10:51:53,3896.9,10.2,1.59,2.12,16,7.187,31.338,22.9,6
2026-08-22T10:51:55,3898.9,10.4,1.59,2.12,16,7.161,31.338,22.9,6
2026-08-22T10:51:57,3900.9,10.3,1.55,2.1,16,7.144,31.338,22.8,6
2026-08-22T10:51:59,3902.9,10.1,1.55,2.1,16,7.121,31.338,22.7,6
2026-08-22T10:52:01,3904.9,10.4,1.5,2.09,16,7.189,31.338,22.9,6
2026-08-22T10:52:03,3906.9,12.6,1.5,2.09,16,7.296,31.338,23.3,6
2026-08-22T10:52:05,3908.9,10.2,1.5,2.09,16,7.266,31.338,23.2,6
2026-08-22T10:52:07,3910.9,10.2,1.46,2.07,16,7.24,31.338,23.1,6
2026-08-22T10:52:09,3912.9,10.4,1.46,2.07,16,7.216,31.338,23.0,6
2026-08-22T10:52:11,3914.9,10.2,1.42,2.05,16,7.194,31.338,23.0,6
2026-08-22T10:52:13,3916.9,10.0,1.42,2.05,16,7.171,31.338,22.9,6
2026-08-22T10:52:15,3918.9,10.1,1.42,2.05,16,7.151,31.338,22.8,6
2026-08-22T10:52:17,3920.9,12.4,1.47,2.05,16,7.172,31.338,22.9,6
2026-08-22T10:52:19,3922.9,10.2,1.47,2.05,16,7.155,31.338,22.8,6
2026-08-22T10:52:21,3924.9,10.1,1.51,2.05,16,7.137,31.338,22.8,6
2026-08-22T10:52:23,3926.9,10.1,1.51,2.05,16,7.119,31.338,22.7,6
2026-08-22T10:52:25,3928.9,10.2,1.51,2.05,16,7.102,31.338,22.7,6
2026-08-22T10:52:27,3930.9,10.1,1.47,2.03,16,7.086,31.338,22.6,6
2026-08-22T10:52:29,3932.9,10.3,1.47,2.03,16,7.105,31.338,22.7,6
2026-08-22T10:52:31,3934.9,12.7,1.43,2.01,16,7.235,31.338,23.1,6
2026-08-22T10:52:33,3936.9,10.1,1.43,2.01,16,7.221,31.338,23.0,6
2026-08-22T10:52:35,3938.9,10.2,1.43,2.01,16,7.207,31.338,23.0,6
2026-08-22T10:52:37,3940.9,10.1,1.4,2.0,16,7.192,31.338,22.9,6
2026-08-22T10:52:39,3942.9,10.2,1.4,2.0,16,7.177,31.338,22.9,6
2026-08-22T10:52:41,3944.9,10.3,1.45,2.0,16,7.161,31.338,22.9,6
2026-08-22T10:52:43,3946.9,10.1,1.45,2.0,16,7.146,31.338,22.8,6
2026-08-22T10:52:45,3948.9,13.1,1.45,2.0,16,7.246,31.338,23.1,6
2026-08-22T10:52:47,3950.9,10.4,1.49,2.0,16,7.231,31.338,23.1,6
2026-08-22T10:52:49,3952.9,10.5,1.49,2.0,16,7.215,31.338,23.0,6
2026-08-22T10:52:51,3954.9,10.4,1.45,1.98,16,7.2,31.338,23.0,6
2026-08-22T10:52:53,3956.9,10.5,1.45,1.98,16,7.185,31.338,22.9,6
2026-08-22T10:52:55,3958.9,10.5,1.45,1.98,16,7.17,31.338,22.9,6
2026-08-22T10:52:57,3960.9,10.3,1.42,1.96,16,7.154,31.338,22.8,6
2026-08-22T10:52:59,3962.9,13.0,1.42,1.96,16,7.262,31.338,23.2,6
2026-08-22T10:53:01,3964.9,10.1,1.46,1.96,16,7.246,31.338,23.1,6
2026-08-22T10:53:03,3966.9,10.0,1.46,1.96,16,7.231,31.338,23.1,6
2026-08-22T10:53:05,3968.9,10.1,1.46,1.96,16,7.208,31.338,23.0,6
2026-08-22T10:53:07,3970.9,10.0,1.42,1.95,16,7.193,31.338,23.0,6
2026-08-22T10:53:09,3972.9,10.1,1.42,1.95,16,7.177,31.338,22.9,6
2026-08-22T10:53:11,3974.9,10.0,1.47,1.95,16,7.162,31.338,22.9,6
2026-08-22T10:53:13,3976.9,12.9,1.47,1.95,16,7.246,31.338,23.1,6
2026-08-22T10:53:15,3978.9,10.2,1.47,1.95,16,7.231,31.338,23.1,6
2026-08-22T10:53:17,3980.9,10.2,1.51,1.95,16,7.216,31.338,23.0,6
2026-08-22T10:53:19,3982.9,10.2,1.51,1.95,16,7.201,31.338,23.0,6
2026-08-22T10:53:21,3984.9,10.2,1.55,1.95,16,7.178,31.338,22.9,6
2026-08-22T10:53:23,3986.9,10.2,1.55,1.95,16,7.161,31.338,22.9,6
2026-08-22T10:53:25,3988.9,10.3,1.55,1.95,16,7.146,31.338,22.8,6
2026-08-22T10:53:27,3990.9,12.9,1.59,1.95,16,7.341,31.338,23.4,6
2026-08-22T10:53:29,3992.9,10.2,1.59,1.95,16,7.318,31.338,23.4,6
2026-08-22T10:53:31,3994.9,10.3,1.62,1.95,16,7.287,31.338,23.3,6
2026-08-22T10:53:33,3996.9,10.2,1.62,1.95,16,7.261,31.338,23.2,6
2026-08-22T10:53:35,3998.9,10.1,1.62,1.95,16,7.236,31.338,23.1,6
2026-08-22T10:53:37,4000.9,10.1,1.57,1.94,16,7.214,31.338,23.0,6
2026-08-22T10:53:39,4002.9,10.2,1.57,1.94,16,7.193,31.338,23.0,6
2026-08-22T10:53:41,4004.9,12.9,1.61,1.94,16,7.266,31.338,23.2,6
2026-08-22T10:53:43,4006.9,10.3,1.61,1.94,16,7.247,31.338,23.1,6
2026-08-22T10:53:45,4008.9,10.5,1.61,1.94,16,7.229,31.338,23.1,6
2026-08-22T10:53:47,4010.9,10.6,1.64,1.94,16,7.213,31.338,23.0,6
2026-08-22T10:53:49,4012.9,10.7,1.64,1.94,16,7.196,31.338,23.0,6
2026-08-22T10:53:51,4014.9,10.6,1.67,1.94,16,7.181,31.338,22.9,6
2026-08-22T10:53:53,4016.9,10.3,1.67,1.94,16,7.166,31.338,22.9,6
2026-08-22T10:53:55,4018.9,13.0,1.67,1.94,16,7.265,31.338,23.2,6
2026-08-22T10:53:57,4020.9,10.0,1.61,1.93,16,7.249,31.338,23.1,6
2026-08-22T10:53:59,4022.9,10.1,1.61,1.93,16,7.234,31.338,23.1,6
2026-08-22T10:54:01,4024.9,10.0,1.65,1.93,16,7.219,31.338,23.0,6
2026-08-22T10:54:03,4026.9,10.0,1.65,1.93,16,7.203,31.338,23.0,6
2026-08-22T10:54:05,4028.9,10.1,1.65,1.93,16,7.188,31.338,22.9,6
2026-08-22T10:54:07,4030.9,10.0,1.67,1.93,16,7.172,31.338,22.9,6
2026-08-22T10:54:09,4032.9,7.8,1.67,1.93,16,7.259,31.338,23.2,6
2026-08-22T10:54:11,4034.9,10.0,1.62,1.91,16,7.244,31.338,23.1,6
2026-08-22T10:54:13,4036.9,10.0,1.62,1.91,16,7.229,31.338,23.1,6
2026-08-22T10:54:15,4038.9,10.2,1.62,1.91,16,7.213,31.338,23.0,6
2026-08-22T10:54:17,4040.9,10.0,1.57,1.9,16,7.198,31.338,23.0,6
2026-08-22T10:54:19,4042.9,10.3,1.57,1.9,16,7.182,31.338,22.9,6
2026-08-22T10:54:21,4044.9,10.0,1.6,1.9,16,7.161,31.338,22.9,6
2026-08-22T10:54:23,4046.9,11.1,1.6,1.9,16,7.261,31.338,23.2,6
2026-08-22T10:54:25,4048.9,12.1,1.6,1.9,16,7.287,31.338,23.3,6
2026-08-22T10:54:27,4050.9,10.0,1.56,1.88,16,7.279,31.338,23.2,6
2026-08-22T10:54:29,4052.9,9.9,1.56,1.88,16,7.264,31.338,23.2,6
2026-08-22T10:54:31,4054.9,10.1,1.51,1.87,16,7.249,31.338,23.1,6
2026-08-22T10:54:33,4056.9,10.1,1.51,1.87,16,7.233,31.338,23.1,6
2026-08-22T10:54:35,4058.9,10.3,1.51,1.87,16,7.218,31.338,23.0,6
2026-08-22T10:54:37,4060.9,10.9,1.55,1.87,16,7.234,31.338,23.1,6
2026-08-22T10:54:39,4062.9,12.6,1.55,1.87,16,7.288,31.338,23.3,6
2026-08-22T10:54:41,4064.9,10.4,1.59,1.87,16,7.272,31.338,23.2,6
2026-08-22T10:54:43,4066.9,10.3,1.59,1.87,16,7.257,31.338,23.2,6
2026-08-22T10:54:45,4068.9,10.3,1.59,1.87,16,7.25,31.338,23.1,6
2026-08-22T10:54:47,4070.9,10.3,1.54,1.86,16,7.234,31.338,23.1,6
2026-08-22T10:54:49,4072.9,10.2,1.54,1.86,16,7.219,31.338,23.0,6
2026-08-22T10:54:51,4074.9,11.0,1.5,1.84,16,7.235,31.338,23.1,6
2026-08-22T10:54:53,4076.9,12.4,1.5,1.84,16,7.288,31.338,23.3,6
2026-08-22T10:54:55,4078.9,10.2,1.5,1.84,16,7.281,31.338,23.2,6
2026-08-22T10:54:57,4080.9,10.5,1.54,1.85,16,7.261,31.338,23.2,6
2026-08-22T10:54:59,4082.9,10.2,1.54,1.85,16,7.246,31.338,23.1,6
2026-08-22T10:55:01,4084.9,10.2,1.49,1.83,16,7.231,31.338,23.1,6
2026-08-22T10:55:03,4086.9,10.0,1.49,1.83,16,7.215,31.338,23.0,6
2026-08-22T10:55:05,4088.9,10.7,1.49,1.83,16,7.201,31.338,23.0,6
2026-08-22T10:55:07,4090.9,12.7,1.53,1.84,16,7.286,31.338,23.3,6
2026-08-22T10:55:09,4092.9,10.2,1.53,1.84,16,7.271,31.338,23.2,6
2026-08-22T10:55:11,4094.9,10.3,1.49,1.82,16,7.256,31.338,23.2,6
2026-08-22T10:55:13,4096.9,10.1,1.49,1.82,16,7.24,31.338,23.1,6
2026-08-22T10:55:15,4098.9,10.1,1.49,1.82,16,7.213,31.338,23.0,6
2026-08-22T10:55:17,4100.9,9.9,1.45,1.81,16,7.188,31.338,22.9,6
2026-08-22T10:55:19,4102.9,10.1,1.45,1.81,16,7.196,31.338,23.0,6
2026-08-22T10:55:21,4104.9,13.0,1.5,1.81,16,7.313,31.338,23.3,6
2026-08-22T10:55:23,4106.9,10.0,1.5,1.81,16,7.294,31.338,23.3,6
2026-08-22T10:55:25,4108.9,9.9,1.5,1.81,16,7.275,31.338,23.2,6
2026-08-22T10:55:27,4110.9,10.0,1.46,1.8,16,7.258,31.338,23.2,6
2026-08-22T10:55:29,4112.9,9.9,1.46,1.8,16,7.241,31.338,23.1,6
2026-08-22T10:55:31,4114.9,10.0,1.5,1.8,16,7.225,31.338,23.1,6
2026-08-22T10:55:33,4116.9,9.8,1.5,1.8,16,7.21,31.338,23.0,6
2026-08-22T10:55:35,4118.9,13.3,1.5,1.8,16,7.302,31.338,23.3,6
2026-08-22T10:55:37,4120.9,10.0,1.54,1.8,16,7.295,31.338,23.3,6
2026-08-22T10:55:39,4122.9,10.0,1.54,1.8,16,7.28,31.338,23.2,6
2026-08-22T10:55:41,4124.9,10.0,1.58,1.81,16,7.257,31.338,23.2,6
2026-08-22T10:55:43,4126.9,10.0,1.58,1.81,16,7.242,31.338,23.1,6
2026-08-22T10:55:45,4128.9,9.9,1.58,1.81,16,7.227,31.338,23.1,6
2026-08-22T10:55:47,4130.9,9.9,1.61,1.81,16,7.231,31.338,23.1,6
2026-08-22T10:55:49,4132.9,13.3,1.61,1.81,16,7.392,31.338,23.6,6
2026-08-22T10:55:51,4134.9,10.1,1.56,1.8,16,7.361,31.338,23.5,6
2026-08-22T10:55:53,4136.9,9.9,1.56,1.8,16,7.33,31.338,23.4,6
2026-08-22T10:55:55,4138.9,10.1,1.56,1.8,16,7.3,31.338,23.3,6
2026-08-22T10:55:57,4140.9,10.1,1.6,1.8,16,7.277,31.338,23.2,6
2026-08-22T10:55:59,4142.9,10.0,1.6,1.8,16,7.238,31.338,23.1,6
2026-08-22T10:56:01,4144.9,10.2,1.63,1.8,16,7.217,31.338,23.0,6
2026-08-22T10:56:03,4146.9,13.0,1.63,1.8,16,7.298,31.338,23.3,6
2026-08-22T10:56:05,4148.9,9.9,1.63,1.8,16,7.277,31.338,23.2,6
2026-08-22T10:56:07,4150.9,9.9,1.66,1.81,16,7.261,31.338,23.2,6
2026-08-22T10:56:09,4152.9,9.9,1.66,1.81,16,7.245,31.338,23.1,6
2026-08-22T10:56:11,4154.9,10.0,1.69,1.81,16,7.231,31.338,23.1,6
2026-08-22T10:56:13,4156.9,10.0,1.69,1.81,16,7.215,31.338,23.0,6
2026-08-22T10:56:15,4158.9,9.8,1.69,1.81,16,7.2,31.338,23.0,6
2026-08-22T10:56:17,4160.9,13.5,1.71,1.81,16,7.305,31.338,23.3,6
2026-08-22T10:56:19,4162.9,9.9,1.71,1.81,16,7.289,31.338,23.3,6
2026-08-22T10:56:21,4164.9,10.0,1.66,1.8,16,7.273,31.338,23.2,6
2026-08-22T10:56:23,4166.9,10.0,1.66,1.8,16,7.258,31.338,23.2,6
2026-08-22T10:56:25,4168.9,10.0,1.66,1.8,16,7.243,31.338,23.1,6
2026-08-22T10:56:27,4170.9,10.0,1.68,1.8,16,7.229,31.338,23.1,6
2026-08-22T10:56:29,4172.9,10.2,1.68,1.8,16,7.323,31.338,23.4,6
2026-08-22T10:56:31,4174.9,12.7,1.71,1.81,16,7.385,31.338,23.6,6
2026-08-22T10:56:33,4176.9,10.1,1.71,1.81,16,7.355,31.338,23.5,6
2026-08-22T10:56:35,4178.9,10.1,1.71,1.81,16,7.324,31.338,23.4,6
2026-08-22T10:56:37,4180.9,10.1,1.73,1.81,16,7.285,31.338,23.2,6
2026-08-22T10:56:39,4182.9,10.3,1.73,1.81,16,7.253,31.338,23.1,6
2026-08-22T10:56:41,4184.9,10.3,1.75,1.81,16,7.229,31.338,23.1,6
2026-08-22T10:56:43,4186.9,10.2,1.75,1.81,16,7.208,31.338,23.0,6
2026-08-22T10:56:45,4188.9,13.0,1.75,1.81,16,7.318,31.338,23.4,6
2026-08-22T10:56:47,4190.9,9.9,1.69,1.8,16,7.307,31.338,23.3,6
2026-08-22T10:56:49,4192.9,9.9,1.69,1.8,16,7.282,31.338,23.2,6
2026-08-22T10:56:51,4194.9,10.1,1.64,1.79,16,7.264,31.338,23.2,6
2026-08-22T10:56:53,4196.9,10.1,1.64,1.79,16,7.248,31.338,23.1,6
2026-08-22T10:56:55,4198.9,10.2,1.64,1.79,16,7.232,31.338,23.1,6
2026-08-22T10:56:57,4200.9,10.9,1.67,1.79,16,7.354,31.338,23.5,6
2026-08-22T10:56:59,4202.9,12.8,1.67,1.79,16,7.421,31.338,23.7,6
2026-08-22T10:57:01,4204.9,10.3,1.69,1.8,16,7.39,31.338,23.6,6
2026-08-22T10:57:03,4206.9,10.1,1.69,1.8,16,7.36,31.338,23.5,6
2026-08-22T10:57:05,4209.0,10.1,1.69,1.8,16,7.321,31.338,23.4,6
2026-08-22T10:57:07,4211.0,10.0,1.64,1.78,16,7.279,31.338,23.2,6
2026-08-22T10:57:09,4213.0,10.1,1.64,1.78,16,7.259,31.338,23.2,6
2026-08-22T10:57:11,4215.0,10.9,1.67,1.79,16,7.305,31.338,23.3,6
2026-08-22T10:57:13,4217.0,12.6,1.67,1.79,16,7.338,31.338,23.4,6
2026-08-22T10:57:15,4219.0,10.2,1.67,1.79,16,7.311,31.338,23.3,6
2026-08-22T10:57:17,4221.0,10.1,1.61,1.77,16,7.292,31.338,23.3,6
2026-08-22T10:57:19,4223.0,10.2,1.61,1.77,16,7.271,31.338,23.2,6
2026-08-22T10:57:21,4225.0,10.2,1.64,1.78,16,7.254,31.338,23.1,6
2026-08-22T10:57:23,4227.0,10.0,1.64,1.78,16,7.238,31.338,23.1,6
2026-08-22T10:57:25,4229.0,11.4,1.64,1.78,16,7.336,31.338,23.4,6
2026-08-22T10:57:27,4231.0,12.1,1.67,1.78,16,7.225,31.338,23.1,6
2026-08-22T10:57:29,4233.0,10.1,1.67,1.78,16,7.203,31.338,23.0,6
2026-08-22T10:57:31,4235.0,10.1,1.7,1.78,16,7.187,31.338,22.9,6
2026-08-22T10:57:33,4237.0,10.1,1.7,1.78,16,7.172,31.338,22.9,6
2026-08-22T10:57:35,4239.0,10.1,1.7,1.78,16,7.16,31.338,22.8,6
2026-08-22T10:57:37,4241.0,10.2,1.72,1.79,16,7.15,31.338,22.8,6
2026-08-22T10:57:39,4243.0,8.8,1.72,1.79,16,7.396,31.338,23.6,6
2026-08-22T10:57:41,4245.0,9.1,1.75,1.79,16,7.304,31.338,23.3,6
2026-08-22T10:57:43,4247.0,10.2,1.75,1.79,16,7.289,31.338,23.3,6
2026-08-22T10:57:45,4249.0,10.4,1.75,1.79,16,7.274,31.338,23.2,6
2026-08-22T10:57:47,4251.0,10.4,1.77,1.8,16,7.26,31.338,23.2,6
2026-08-22T10:57:49,4253.0,10.3,1.77,1.8,16,7.244,31.338,23.1,6
2026-08-22T10:57:51,4255.0,10.2,1.79,1.8,16,7.23,31.338,23.1,6
2026-08-22T10:57:53,4257.0,10.2,1.79,1.8,16,7.214,31.338,23.0,6
2026-08-22T10:57:55,4259.0,13.2,1.79,1.8,16,7.338,31.338,23.4,6
2026-08-22T10:57:57,4261.0,10.2,1.8,1.8,16,7.322,31.338,23.4,6
2026-08-22T10:57:59,4263.0,10.1,1.8,1.8,16,7.307,31.338,23.3,6
2026-08-22T10:58:01,4265.0,9.9,1.82,1.81,16,7.292,31.338,23.3,6
2026-08-22T10:58:03,4267.0,10.0,1.82,1.81,16,7.277,31.338,23.2,6
2026-08-22T10:58:05,4269.0,10.0,1.82,1.81,16,7.261,31.338,23.2,6
2026-08-22T10:58:07,4271.0,10.1,1.75,1.79,16,7.238,31.338,23.1,6
2026-08-22T10:58:09,4273.0,13.4,1.75,1.79,16,7.338,31.338,23.4,6
2026-08-22T10:58:11,4275.0,10.2,1.77,1.8,16,7.323,31.338,23.4,6
2026-08-22T10:58:13,4277.0,10.1,1.77,1.8,16,7.308,31.338,23.3,6
2026-08-22T10:58:15,4279.0,10.1,1.77,1.8,16,7.292,31.338,23.3,6
2026-08-22T10:58:17,4281.0,10.1,1.79,1.8,16,7.277,31.338,23.2,6
2026-08-22T10:58:19,4283.0,10.2,1.79,1.8,16,7.261,31.338,23.2,6
2026-08-22T10:58:21,4285.0,10.2,1.81,1.8,16,7.246,31.338,23.1,6
2026-08-22T10:58:23,4287.0,13.3,1.81,1.8,16,7.377,31.338,23.5,6
2026-08-22T10:58:25,4289.0,10.0,1.81,1.8,16,7.349,31.338,23.4,6
2026-08-22T10:58:27,4291.0,10.0,1.83,1.81,16,7.318,31.338,23.4,6
2026-08-22T10:58:29,4293.0,9.9,1.83,1.81,16,7.292,31.338,23.3,6
2026-08-22T10:58:31,4295.0,10.0,1.84,1.81,16,7.268,31.338,23.2,6
2026-08-22T10:58:33,4297.0,10.0,1.84,1.81,16,7.246,31.338,23.1,6
2026-08-22T10:58:35,4299.0,10.1,1.84,1.81,16,7.225,31.338,23.1,6
2026-08-22T10:58:37,4301.0,13.4,1.93,1.83,16,7.396,31.338,23.6,6
2026-08-22T10:58:39,4303.0,10.1,1.93,1.83,16,7.365,31.338,23.5,6
2026-08-22T10:58:41,4305.0,10.4,1.94,1.83,16,7.337,31.338,23.4,6
2026-08-22T10:58:43,4307.0,10.4,1.94,1.83,16,7.316,31.338,23.3,6
2026-08-22T10:58:45,4309.0,10.2,1.94,1.83,16,7.292,31.338,23.3,6
2026-08-22T10:58:47,4311.0,9.9,1.86,1.82,16,7.27,31.338,23.2,6
2026-08-22T10:58:49,4313.0,10.1,1.86,1.82,16,7.247,31.338,23.1,6
2026-08-22T10:58:51,4315.0,6.6,1.79,1.81,16,7.412,31.338,23.7,6
2026-08-22T10:58:53,4317.0,6.4,1.79,1.81,16,7.371,31.338,23.5,6
2026-08-22T10:58:55,4319.0,6.4,1.79,1.81,16,7.338,31.338,23.4,6
2026-08-22T10:58:57,4321.0,6.4,1.73,1.79,16,7.308,31.338,23.3,6
2026-08-22T10:58:59,4323.0,6.3,1.73,1.79,16,7.275,31.338,23.2,6
2026-08-22T10:59:01,4325.0,5.2,1.67,1.78,16,6.727,31.338,21.5,5
2026-08-22T10:59:03,4327.0,6.8,1.67,1.78,16,6.75,31.338,21.5,5
2026-08-22T10:59:05,4329.0,12.8,1.67,1.78,16,7.488,31.338,23.9,7
2026-08-22T10:59:07,4331.0,13.9,1.7,1.78,16,7.573,31.338,24.2,7
2026-08-22T10:59:09,4333.0,17.1,1.7,1.78,16,7.572,31.338,24.2,7
2026-08-22T10:59:11,4335.0,16.5,1.72,1.79,16,7.569,31.338,24.2,7
2026-08-22T10:59:13,4337.0,16.3,1.72,1.79,16,7.642,31.338,24.4,7
2026-08-22T10:59:15,4339.0,19.3,1.72,1.79,16,7.878,31.338,25.1,7
2026-08-22T10:59:17,4341.0,16.8,1.74,1.79,16,7.875,31.338,25.1,7
2026-08-22T10:59:19,4343.0,16.5,1.74,1.79,16,7.874,31.338,25.1,7
2026-08-22T10:59:21,4345.0,19.2,1.93,1.83,16,7.996,31.338,25.5,7
2026-08-22T10:59:23,4347.0,16.5,1.93,1.83,16,7.973,31.338,25.4,7
2026-08-22T10:59:25,4349.0,16.8,1.93,1.83,16,7.965,31.338,25.4,7
2026-08-22T10:59:27,4351.0,17.7,1.93,1.83,16,7.949,31.338,25.4,7
2026-08-22T10:59:29,4353.0,19.4,1.93,1.83,16,7.991,31.338,25.5,7
2026-08-22T10:59:31,4355.0,17.1,1.94,1.83,16,7.972,31.338,25.4,7
2026-08-22T10:59:33,4357.0,17.1,1.94,1.83,16,7.955,31.338,25.4,7
2026-08-22T10:59:35,4359.0,19.8,1.94,1.83,16,8.002,31.338,25.5,7
2026-08-22T10:59:37,4361.0,17.3,2.02,1.85,16,7.978,31.338,25.5,7
2026-08-22T10:59:39,4363.0,16.9,2.02,1.85,16,7.963,31.338,25.4,7
2026-08-22T10:59:41,4365.0,18.3,2.1,1.87,16,7.987,31.338,25.5,7
2026-08-22T10:59:43,4367.0,19.1,2.1,1.87,16,7.994,31.338,25.5,7
2026-08-22T10:59:45,4369.0,17.5,2.1,1.87,16,7.971,31.338,25.4,7
2026-08-22T10:59:47,4371.0,17.4,2.09,1.87,16,7.956,31.338,25.4,7
2026-08-22T10:59:49,4373.0,20.0,2.09,1.87,16,7.98,31.338,25.5,7
2026-08-22T10:59:51,4375.0,17.7,2.17,1.89,16,7.956,31.338,25.4,7
2026-08-22T10:59:53,4377.0,17.6,2.17,1.89,16,7.933,31.338,25.3,7
2026-08-22T10:59:55,4379.0,18.6,2.17,1.89,16,7.974,31.338,25.4,7
2026-08-22T10:59:57,4381.0,17.8,2.23,1.91,16,7.966,31.338,25.4,7
2026-08-22T10:59:59,4383.0,16.4,2.23,1.91,16,7.943,31.338,25.3,7
2026-08-22T11:00:01,4385.0,16.4,2.29,1.93,16,7.927,31.338,25.3,7
2026-08-22T11:00:03,4387.0,19.3,2.29,1.93,16,7.95,31.338,25.4,7
2026-08-22T11:00:05,4389.0,16.6,2.29,1.93,16,7.942,31.338,25.3,7
2026-08-22T11:00:07,4391.0,16.6,2.35,1.95,16,7.919,31.338,25.3,7
2026-08-22T11:00:09,4393.0,18.9,2.35,1.95,16,8.112,31.338,25.9,7
2026-08-22T11:00:11,4395.0,16.8,2.48,1.98,16,8.066,31.338,25.7,7
2026-08-22T11:00:13,4397.0,16.6,2.48,1.98,16,8.043,31.338,25.7,7
2026-08-22T11:00:15,4399.0,16.4,2.48,1.98,16,7.997,31.338,25.5,7
2026-08-22T11:00:17,4401.0,19.4,2.6,2.02,16,8.188,31.338,26.1,7
2026-08-22T11:00:19,4403.0,16.6,2.6,2.02,16,8.135,31.338,26.0,7
2026-08-22T11:00:21,4405.0,16.5,2.56,2.02,16,8.084,31.338,25.8,7
2026-08-22T11:00:23,4407.0,19.3,2.56,2.02,16,8.093,31.338,25.8,7
2026-08-22T11:00:25,4409.0,16.5,2.56,2.02,16,8.057,31.338,25.7,7
2026-08-22T11:00:27,4411.0,16.6,2.51,2.02,16,8.022,31.338,25.6,7
2026-08-22T11:00:29,4413.0,16.8,2.51,2.02,16,7.993,31.338,25.5,7
2026-08-22T11:00:31,4415.0,19.0,2.55,2.03,16,8.017,31.338,25.6,7
2026-08-22T11:00:33,4417.0,16.5,2.55,2.03,16,7.996,31.338,25.5,7
2026-08-22T11:00:35,4419.0,16.6,2.55,2.03,16,7.975,31.338,25.4,7
2026-08-22T11:00:37,4421.0,19.2,2.59,2.05,16,8.009,31.338,25.6,7
2026-08-22T11:00:39,4423.0,16.4,2.59,2.05,16,7.99,31.338,25.5,7
2026-08-22T11:00:41,4425.0,16.4,2.62,2.06,16,7.974,31.338,25.4,7
2026-08-22T11:00:43,4427.0,17.3,2.62,2.06,16,8.156,31.338,26.0,7
2026-08-22T11:00:45,4429.0,18.6,2.62,2.06,16,8.126,31.338,25.9,7
2026-08-22T11:00:47,4431.0,16.5,2.57,2.06,16,8.102,31.338,25.9,7
2026-08-22T11:00:49,4433.0,16.6,2.57,2.06,16,8.063,31.338,25.7,7
2026-08-22T11:00:51,4435.0,10.6,2.44,2.04,16,8.095,31.338,25.8,7
2026-08-22T11:00:53,4437.0,16.4,2.44,2.04,16,8.072,31.338,25.8,7
2026-08-22T11:00:55,4439.0,16.5,2.44,2.04,16,8.034,31.338,25.6,7
2026-08-22T11:00:57,4441.0,16.5,2.57,2.08,16,8.003,31.338,25.5,7
2026-08-22T11:00:59,4443.0,19.1,2.57,2.08,16,8.023,31.338,25.6,7
2026-08-22T11:01:01,4445.0,16.5,2.52,2.08,16,8.0,31.338,25.5,7
2026-08-22T11:01:03,4447.0,16.5,2.52,2.08,16,7.955,31.338,25.4,7
2026-08-22T11:01:05,4449.0,17.9,2.52,2.08,16,8.136,31.338,26.0,7
2026-08-22T11:01:07,4451.0,18.1,2.56,2.09,16,8.079,31.338,25.8,7
2026-08-22T11:01:09,4453.0,16.7,2.56,2.09,16,8.037,31.338,25.6,7
2026-08-22T11:01:11,4455.0,16.8,2.52,2.09,16,8.003,31.338,25.5,7
2026-08-22T11:01:13,4457.0,19.3,2.52,2.09,16,8.024,31.338,25.6,7
2026-08-22T11:01:15,4459.0,16.5,2.52,2.09,16,7.995,31.338,25.5,7
2026-08-22T11:01:17,4461.0,16.5,2.48,2.09,16,7.966,31.338,25.4,7
2026-08-22T11:01:19,4463.0,18.4,2.48,2.09,16,8.028,31.338,25.6,7
2026-08-22T11:01:21,4465.0,17.2,2.52,2.1,16,7.99,31.338,25.5,7
2026-08-22T11:01:23,4467.0,16.4,2.52,2.1,16,7.968,31.338,25.4,7
2026-08-22T11:01:25,4469.0,16.4,2.52,2.1,16,7.936,31.338,25.3,7
2026-08-22T11:01:27,4471.0,19.3,2.56,2.12,16,7.987,31.338,25.5,7
2026-08-22T11:01:29,4473.0,16.5,2.56,2.12,16,7.968,31.338,25.4,7
2026-08-22T11:01:31,4475.0,16.7,2.51,2.12,16,7.953,31.338,25.4,7
2026-08-22T11:01:33,4477.0,19.1,2.51,2.12,16,8.007,31.338,25.5,7
2026-08-22T11:01:35,4479.0,16.9,2.51,2.12,16,7.96,31.338,25.4,7
2026-08-22T11:01:37,4481.0,16.6,2.55,2.13,16,7.945,31.338,25.4,7
2026-08-22T11:01:39,4483.0,16.5,2.55,2.13,16,7.93,31.338,25.3,7
2026-08-22T11:01:41,4485.0,19.6,2.51,2.13,16,7.984,31.338,25.5,7
2026-08-22T11:01:43,4487.0,16.6,2.51,2.13,16,7.961,31.338,25.4,7
2026-08-22T11:01:45,4489.0,16.8,2.51,2.13,16,7.938,31.338,25.3,7
2026-08-22T11:01:47,4491.0,19.4,2.55,2.14,16,8.007,31.338,25.6,7
2026-08-22T11:01:49,4493.0,16.6,2.55,2.14,16,8.0,31.338,25.5,7
2026-08-22T11:01:51,4495.0,17.0,2.58,2.16,16,7.985,31.338,25.5,7
2026-08-22T11:01:53,4497.0,17.2,2.58,2.16,16,7.97,31.338,25.4,7
2026-08-22T11:01:55,4499.0,18.8,2.58,2.16,16,8.0,31.338,25.5,7
2026-08-22T11:01:57,4501.0,16.7,2.54,2.15,16,7.977,31.338,25.5,7
2026-08-22T11:01:59,4503.0,16.7,2.54,2.15,16,7.97,31.338,25.4,7
2026-08-22T11:02:01,4505.0,18.8,2.65,2.19,16,7.966,31.338,25.4,7
2026-08-22T11:02:03,4507.0,16.5,2.65,2.19,16,7.951,31.338,25.4,7
2026-08-22T11:02:05,4509.0,16.6,2.65,2.19,16,7.936,31.338,25.3,7
2026-08-22T11:02:07,4511.0,17.5,2.68,2.2,16,7.967,31.338,25.4,7
2026-08-22T11:02:09,4513.0,18.2,2.68,2.2,16,7.99,31.338,25.5,7
2026-08-22T11:02:11,4515.0,16.8,2.71,2.21,16,7.977,31.338,25.5,7
2026-08-22T11:02:13,4517.0,16.7,2.71,2.21,16,7.961,31.338,25.4,7
2026-08-22T11:02:15,4519.0,19.2,2.71,2.21,16,7.992,31.338,25.5,7
2026-08-22T11:02:17,4521.0,16.8,2.65,2.21,16,7.977,31.338,25.5,7
2026-08-22T11:02:19,4523.0,16.6,2.65,2.21,16,7.961,31.338,25.4,7
2026-08-22T11:02:21,4525.0,18.1,2.68,2.22,16,7.974,31.338,25.4,7
2026-08-22T11:02:23,4527.0,17.7,2.68,2.22,16,7.959,31.338,25.4,7
2026-08-22T11:02:25,4529.0,16.5,2.68,2.22,16,7.951,31.338,25.4,7
2026-08-22T11:02:27,4531.0,16.8,2.7,2.24,16,7.936,31.338,25.3,7
2026-08-22T11:02:29,4533.0,19.1,2.7,2.24,16,7.975,31.338,25.4,7
2026-08-22T11:02:31,4535.0,16.5,2.73,2.25,16,7.959,31.338,25.4,7
2026-08-22T11:02:33,4537.0,16.6,2.73,2.25,16,7.951,31.338,25.4,7
2026-08-22T11:02:35,4539.0,12.5,2.73,2.25,16,7.998,31.338,25.5,7
2026-08-22T11:02:37,4541.0,11.7,2.59,2.23,16,7.952,31.338,25.4,7
2026-08-22T11:02:39,4543.0,16.4,2.59,2.23,16,7.937,31.338,25.3,7
2026-08-22T11:02:41,4545.0,16.3,2.7,2.26,16,7.929,31.338,25.3,7
2026-08-22T11:02:43,4547.0,16.6,2.7,2.26,16,7.916,31.338,25.3,7
2026-08-22T11:02:45,4549.0,18.9,2.7,2.26,16,7.993,31.338,25.5,7
2026-08-22T11:02:47,4551.0,16.7,2.73,2.27,16,7.977,31.338,25.5,7
2026-08-22T11:02:49,4553.0,16.6,2.73,2.27,16,7.962,31.338,25.4,7
2026-08-22T11:02:51,4555.0,19.1,2.91,2.31,16,7.993,31.338,25.5,7
2026-08-22T11:02:53,4557.0,16.4,2.91,2.31,16,7.97,31.338,25.4,7
2026-08-22T11:02:55,4559.0,16.5,2.91,2.31,16,7.955,31.338,25.4,7
2026-08-22T11:02:57,4561.0,17.4,2.92,2.33,16,7.971,31.338,25.4,7
2026-08-22T11:02:59,4563.0,18.1,2.92,2.33,16,7.978,31.338,25.5,7
2026-08-22T11:03:01,4565.0,16.5,2.92,2.34,16,7.955,31.338,25.4,7
2026-08-22T11:03:03,4567.0,16.5,2.92,2.34,16,7.94,31.338,25.3,7
2026-08-22T11:03:05,4569.0,19.1,2.92,2.34,16,8.002,31.338,25.5,7
2026-08-22T11:03:07,4571.0,16.5,2.85,2.33,16,7.979,31.338,25.5,7
2026-08-22T11:03:09,4573.0,16.5,2.85,2.33,16,7.964,31.338,25.4,7
2026-08-22T11:03:11,4575.0,17.6,2.78,2.33,16,7.987,31.338,25.5,7
2026-08-22T11:03:13,4577.0,18.0,2.78,2.33,16,8.003,31.338,25.5,7
2026-08-22T11:03:15,4579.0,16.4,2.78,2.33,16,7.979,31.338,25.5,7
2026-08-22T11:03:17,4581.0,16.4,2.72,2.32,16,7.956,31.338,25.4,7
2026-08-22T11:03:19,4583.0,19.1,2.72,2.32,16,7.98,31.338,25.5,7
2026-08-22T11:03:21,4585.0,16.4,2.74,2.33,16,7.965,31.338,25.4,7
2026-08-22T11:03:23,4587.0,16.5,2.74,2.33,16,7.942,31.338,25.3,7
2026-08-22T11:03:25,4589.0,18.5,2.74,2.33,16,8.015,31.338,25.6,7
2026-08-22T11:03:27,4591.0,17.4,2.76,2.34,16,7.976,31.338,25.5,7
2026-08-22T11:03:29,4593.0,16.4,2.76,2.34,16,7.969,31.338,25.4,7
2026-08-22T11:03:31,4595.0,16.5,2.7,2.34,16,7.946,31.338,25.4,7
2026-08-22T11:03:33,4597.0,19.3,2.7,2.34,16,7.977,31.338,25.5,7
2026-08-22T11:03:35,4599.0,16.6,2.7,2.34,16,7.961,31.338,25.4,7
2026-08-22T11:03:37,4601.0,16.6,2.73,2.35,16,7.954,31.338,25.4,7
2026-08-22T11:03:39,4603.0,19.3,2.73,2.35,16,7.985,31.338,25.5,7
2026-08-22T11:03:41,4605.0,16.5,2.75,2.36,16,7.97,31.338,25.4,7
2026-08-22T11:03:43,4607.0,16.5,2.75,2.36,16,7.946,31.338,25.4,7
2026-08-22T11:03:45,4609.0,16.4,2.75,2.36,16,7.939,31.338,25.3,7
2026-08-22T11:03:47,4611.0,19.4,2.85,2.39,16,8.016,31.338,25.6,7
2026-08-22T11:03:49,4613.0,16.7,2.85,2.39,16,8.0,31.338,25.5,7
2026-08-22T11:03:51,4615.0,16.7,2.94,2.41,16,7.978,31.338,25.5,7
2026-08-22T11:03:53,4617.0,19.0,2.94,2.41,16,8.017,31.338,25.6,7
2026-08-22T11:03:55,4619.0,16.4,2.94,2.41,16,7.99,31.338,25.5,7
2026-08-22T11:03:57,4621.0,16.4,2.95,2.42,16,7.959,31.338,25.4,7
2026-08-22T11:03:59,4623.0,17.0,2.95,2.42,16,7.953,31.338,25.4,7
2026-08-22T11:04:01,4625.0,18.7,2.87,2.42,16,8.014,31.338,25.6,7
2026-08-22T11:04:03,4627.0,16.5,2.87,2.42,16,7.991,31.338,25.5,7
2026-08-22T11:04:05,4629.0,16.4,2.87,2.42,16,7.983,31.338,25.5,7
2026-08-22T11:04:07,4631.0,18.6,2.88,2.43,16,8.015,31.338,25.6,7
2026-08-22T11:04:09,4633.0,16.6,2.88,2.43,16,7.999,31.338,25.5,7
2026-08-22T11:04:11,4635.0,16.5,2.97,2.45,16,7.976,31.338,25.5,7
2026-08-22T11:04:13,4637.0,17.2,2.97,2.45,16,7.969,31.338,25.4,7
2026-08-22T11:04:15,4639.0,18.8,2.97,2.45,16,8.022,31.338,25.6,7
2026-08-22T11:04:17,4641.1,16.6,2.97,2.46,16,7.991,31.338,25.5,7
2026-08-22T11:04:19,4643.1,16.5,2.97,2.46,16,7.976,31.338,25.5,7
2026-08-22T11:04:21,4645.1,10.7,2.81,2.44,16,8.014,31.338,25.6,7
2026-08-22T11:04:23,4647.1,16.6,2.81,2.44,16,7.999,31.338,25.5,7
2026-08-22T11:04:25,4649.1,16.5,2.81,2.44,16,7.992,31.338,25.5,7
2026-08-22T11:04:27,4651.1,16.5,2.83,2.45,16,7.976,31.338,25.5,7
2026-08-22T11:04:29,4653.1,19.2,2.83,2.45,16,8.025,31.338,25.6,7
2026-08-22T11:04:31,4655.1,16.4,2.76,2.44,16,8.002,31.338,25.5,7
2026-08-22T11:04:33,4657.1,16.4,2.76,2.44,16,7.987,31.338,25.5,7
2026-08-22T11:04:35,4659.1,17.3,2.76,2.44,16,8.026,31.338,25.6,7
2026-08-22T11:04:37,4661.1,18.4,2.86,2.47,16,8.035,31.338,25.6,7
2026-08-22T11:04:39,4663.1,16.5,2.86,2.47,16,8.027,31.338,25.6,7
2026-08-22T11:04:41,4665.1,16.4,2.79,2.46,16,8.01,31.338,25.6,7
2026-08-22T11:04:43,4667.1,19.3,2.79,2.46,16,8.041,31.338,25.7,7
2026-08-22T11:04:45,4669.1,16.4,2.79,2.46,16,8.026,31.338,25.6,7
2026-08-22T11:04:47,4671.1,16.4,2.73,2.45,16,8.003,31.338,25.5,7
2026-08-22T11:04:49,4673.1,17.9,2.73,2.45,16,8.092,31.338,25.8,7
2026-08-22T11:04:51,4675.1,17.9,2.75,2.46,16,8.022,31.338,25.6,7
2026-08-22T11:04:53,4677.1,16.5,2.75,2.46,16,8.005,31.338,25.5,7
2026-08-22T11:04:55,4679.1,16.4,2.75,2.46,16,7.99,31.338,25.5,7
2026-08-22T11:04:57,4681.1,19.6,2.69,2.45,16,8.029,31.338,25.6,7
2026-08-22T11:04:59,4683.1,16.4,2.69,2.45,16,8.005,31.338,25.5,7
2026-08-22T11:05:01,4685.1,16.4,2.72,2.46,16,7.99,31.338,25.5,7
2026-08-22T11:05:03,4687.1,18.8,2.72,2.46,16,8.057,31.338,25.7,7
2026-08-22T11:05:05,4689.1,17.2,2.72,2.46,16,8.011,31.338,25.6,7
2026-08-22T11:05:07,4691.1,16.4,2.74,2.47,16,7.995,31.338,25.5,7
2026-08-22T11:05:09,4693.1,16.3,2.74,2.47,16,7.98,31.338,25.5,7
2026-08-22T11:05:11,4695.1,19.5,2.68,2.46,16,8.011,31.338,25.6,7
2026-08-22T11:05:13,4697.1,16.5,2.68,2.46,16,7.995,31.338,25.5,7
2026-08-22T11:05:15,4699.1,16.6,2.68,2.46,16,7.988,31.338,25.5,7
2026-08-22T11:05:17,4701.1,19.3,2.62,2.45,16,8.141,31.338,26.0,7
2026-08-22T11:05:19,4703.1,16.4,2.62,2.45,16,8.103,31.338,25.9,7
2026-08-22T11:05:21,4705.1,16.5,2.65,2.46,16,8.072,31.338,25.8,7
2026-08-22T11:05:23,4707.1,16.4,2.65,2.46,16,8.041,31.338,25.7,7
2026-08-22T11:05:25,4709.1,19.6,2.65,2.46,16,8.088,31.338,25.8,7
2026-08-22T11:05:27,4711.1,16.4,2.68,2.47,16,8.057,31.338,25.7,7
2026-08-22T11:05:29,4713.1,16.5,2.68,2.47,16,8.035,31.338,25.6,7
2026-08-22T11:05:31,4715.1,19.3,2.71,2.48,16,8.087,31.338,25.8,7
2026-08-22T11:05:33,4717.1,16.6,2.71,2.48,16,8.035,31.338,25.6,7
2026-08-22T11:05:35,4719.1,16.4,2.71,2.48,16,8.013,31.338,25.6,7
2026-08-22T11:05:37,4721.1,16.4,2.73,2.49,16,7.996,31.338,25.5,7
2026-08-22T11:05:39,4723.1,19.4,2.73,2.49,16,8.013,31.338,25.6,7
2026-08-22T11:05:41,4725.1,16.4,2.75,2.5,16,7.997,31.338,25.5,7
2026-08-22T11:05:43,4727.1,16.4,2.75,2.5,16,7.978,31.338,25.5,7
2026-08-22T11:05:45,4729.1,19.4,2.75,2.5,16,8.157,31.338,26.0,7
2026-08-22T11:05:47,4731.1,16.4,2.69,2.49,16,8.126,31.338,25.9,7
2026-08-22T11:05:49,4733.1,16.6,2.69,2.49,16,8.096,31.338,25.8,7
2026-08-22T11:05:51,4735.1,16.9,2.72,2.5,16,8.073,31.338,25.8,7
2026-08-22T11:05:53,4737.1,18.7,2.72,2.5,16,8.096,31.338,25.8,7
2026-08-22T11:05:55,4739.1,16.4,2.72,2.5,16,8.068,31.338,25.7,7
2026-08-22T11:05:57,4741.1,16.5,2.74,2.51,16,8.043,31.338,25.7,7
2026-08-22T11:05:59,4743.1,19.4,2.74,2.51,16,8.09,31.338,25.8,7
2026-08-22T11:06:01,4745.1,16.4,2.76,2.52,16,8.067,31.338,25.7,7
2026-08-22T11:06:03,4747.1,16.5,2.76,2.52,16,8.047,31.338,25.7,7
2026-08-22T11:06:05,4749.1,13.8,2.76,2.52,16,8.057,31.338,25.7,7
2026-08-22T11:06:07,4751.1,12.5,2.62,2.49,16,8.049,31.338,25.7,7
2026-08-22T11:06:09,4753.1,16.4,2.62,2.49,16,8.032,31.338,25.6,7
2026-08-22T11:06:11,4755.1,16.5,2.57,2.48,16,8.016,31.338,25.6,7
2026-08-22T11:06:13,4757.1,16.9,2.57,2.48,16,8.017,31.338,25.6,7
2026-08-22T11:06:15,4759.1,19.0,2.57,2.48,16,8.119,31.338,25.9,7
2026-08-22T11:06:17,4761.1,16.4,2.61,2.49,16,8.096,31.338,25.8,7
2026-08-22T11:06:19,4763.1,16.7,2.61,2.49,16,8.065,31.338,25.7,7
2026-08-22T11:06:21,4765.1,19.4,2.72,2.52,16,8.194,31.338,26.1,7
2026-08-22T11:06:23,4767.1,16.4,2.72,2.52,16,8.147,31.338,26.0,7
2026-08-22T11:06:25,4769.1,16.5,2.72,2.52,16,8.108,31.338,25.9,7
2026-08-22T11:06:27,4771.1,17.1,2.66,2.51,16,8.086,31.338,25.8,7
2026-08-22T11:06:29,4773.1,18.9,2.66,2.51,16,8.113,31.338,25.9,7
2026-08-22T11:06:31,4775.1,16.5,2.61,2.5,16,8.087,31.338,25.8,7
2026-08-22T11:06:33,4777.1,16.5,2.61,2.5,16,8.062,31.338,25.7,7
2026-08-22T11:06:35,4779.1,19.5,2.61,2.5,16,8.083,31.338,25.8,7
2026-08-22T11:06:37,4781.1,16.6,2.64,2.51,16,8.062,31.338,25.7,7
2026-08-22T11:06:39,4783.1,16.6,2.64,2.51,16,8.043,31.338,25.7,7
2026-08-22T11:06:41,4785.1,14.2,2.67,2.52,16,8.033,31.338,25.6,7
2026-08-22T11:06:43,4787.1,6.4,2.67,2.52,16,8.076,31.338,25.8,7
2026-08-22T11:06:45,4789.1,6.5,2.67,2.52,16,8.059,31.338,25.7,7
2026-08-22T11:06:47,4791.1,6.4,2.53,2.49,16,8.05,31.338,25.7,7
2026-08-22T11:06:49,4793.1,6.4,2.53,2.49,16,8.02,31.338,25.6,7
2026-08-22T11:06:51,4795.1,6.5,2.41,2.47,16,8.004,31.338,25.5,7
2026-08-22T11:06:53,4797.1,6.3,2.41,2.47,16,7.988,31.338,25.5,7
2026-08-22T11:06:55,4799.1,4.9,2.41,2.47,16,6.974,31.338,22.3,5
2026-08-22T11:06:57,4801.1,11.7,2.3,2.44,16,7.802,31.338,24.9,9
2026-08-22T11:06:59,4803.1,25.2,2.3,2.44,16,8.619,31.338,27.5,9
2026-08-22T11:07:01,4805.1,23.8,2.43,2.47,16,8.751,31.338,27.9,9
2026-08-22T11:07:03,4807.1,26.8,2.43,2.47,16,8.768,31.338,28.0,9
2026-08-22T11:07:05,4809.1,29.5,2.43,2.47,16,9.09,31.338,29.0,9
2026-08-22T11:07:07,4811.1,28.7,2.64,2.51,16,9.175,31.338,29.3,9
2026-08-22T11:07:09,4813.1,32.4,2.64,2.51,16,9.282,31.338,29.6,9
2026-08-22T11:07:11,4815.1,30.1,2.83,2.55,16,9.304,31.338,29.7,9
2026-08-22T11:07:13,4817.1,30.8,2.83,2.55,16,9.276,31.338,29.6,9
2026-08-22T11:07:15,4819.1,31.4,2.83,2.55,16,9.445,31.338,30.1,9
2026-08-22T11:07:17,4821.1,29.7,3.0,2.59,16,9.377,31.338,29.9,9
2026-08-22T11:07:19,4823.1,31.5,3.0,2.59,16,9.38,31.338,29.9,9
2026-08-22T11:07:21,4825.1,29.4,3.16,2.63,16,9.328,31.338,29.8,9
2026-08-22T11:07:23,4827.1,31.9,3.16,2.63,16,9.309,31.338,29.7,9
2026-08-22T11:07:25,4829.1,29.9,3.16,2.63,16,9.308,31.338,29.7,9
2026-08-22T11:07:27,4831.1,31.8,3.31,2.67,16,9.279,31.338,29.6,9
2026-08-22T11:07:29,4833.1,31.2,3.31,2.67,16,9.262,31.338,29.6,9
2026-08-22T11:07:31,4835.1,30.3,3.45,2.71,16,9.198,31.338,29.4,9
2026-08-22T11:07:33,4837.1,32.2,3.45,2.71,16,9.367,31.338,29.9,9
2026-08-22T11:07:35,4839.1,29.9,3.45,2.71,16,9.319,31.338,29.7,9
2026-08-22T11:07:37,4841.1,31.7,3.41,2.72,16,9.281,31.338,29.6,9
2026-08-22T11:07:39,4843.1,29.4,3.41,2.72,16,9.327,31.338,29.8,9
2026-08-22T11:07:41,4845.1,31.9,3.54,2.75,16,9.302,31.338,29.7,9
2026-08-22T11:07:43,4847.1,30.8,3.54,2.75,16,9.403,31.338,30.0,9
2026-08-22T11:07:45,4849.1,30.3,3.54,2.75,16,9.316,31.338,29.7,9
2026-08-22T11:07:47,4851.1,31.9,3.65,2.79,16,9.348,31.338,29.8,9
2026-08-22T11:07:49,4853.1,29.5,3.65,2.79,16,9.294,31.338,29.7,9
2026-08-22T11:07:51,4855.1,31.3,3.84,2.85,16,9.247,31.338,29.5,9
2026-08-22T11:07:53,4857.1,26.4,3.84,2.85,16,9.214,31.338,29.4,9
2026-08-22T11:07:55,4859.1,18.9,3.84,2.85,16,9.181,31.338,29.3,9
2026-08-22T11:07:57,4861.1,29.7,4.02,2.9,16,9.153,31.338,29.2,9
2026-08-22T11:07:59,4863.1,31.7,4.02,2.9,16,9.294,31.338,29.7,9
2026-08-22T11:08:01,4865.1,28.9,4.01,2.92,16,9.267,31.338,29.6,9
2026-08-22T11:08:03,4867.1,31.8,4.01,2.92,16,9.261,31.338,29.6,9
2026-08-22T11:08:05,4869.1,30.0,4.01,2.92,16,9.239,31.338,29.5,9
2026-08-22T11:08:07,4871.1,30.5,4.17,2.97,16,9.21,31.338,29.4,9
2026-08-22T11:08:09,4873.1,31.3,4.17,2.97,16,9.357,31.338,29.9,9
2026-08-22T11:08:11,4875.1,29.3,4.16,2.99,16,9.308,31.338,29.7,9
2026-08-22T11:08:13,4877.1,31.3,4.16,2.99,16,9.285,31.338,29.6,9
2026-08-22T11:08:15,4879.1,28.9,4.16,2.99,16,9.257,31.338,29.5,9
2026-08-22T11:08:17,4881.1,32.3,4.31,3.04,16,9.26,31.338,29.5,9
2026-08-22T11:08:19,4883.1,30.3,4.31,3.04,16,9.242,31.338,29.5,9
2026-08-22T11:08:21,4885.1,30.7,4.36,3.07,16,9.209,31.338,29.4,9
2026-08-22T11:08:23,4887.1,31.8,4.36,3.07,16,9.364,31.338,29.9,9
2026-08-22T11:08:25,4889.1,28.3,4.36,3.07,16,9.325,31.338,29.8,9
2026-08-22T11:08:27,4891.1,31.6,4.41,3.1,16,9.342,31.338,29.8,9
2026-08-22T11:08:29,4893.1,29.4,4.41,3.1,16,9.306,31.338,29.7,9
2026-08-22T11:08:31,4895.1,31.4,4.38,3.12,16,9.432,31.338,30.1,9
2026-08-22T11:08:33,4897.1,29.4,4.38,3.12,16,9.415,31.338,30.0,9
2026-08-22T11:08:35,4899.1,31.3,4.38,3.12,16,9.397,31.338,30.0,9
2026-08-22T11:08:37,4901.1,30.3,4.43,3.15,16,9.38,31.338,29.9,9
2026-08-22T11:08:39,4903.1,30.0,4.43,3.15,16,9.304,31.338,29.7,9
2026-08-22T11:08:41,4905.1,30.3,4.56,3.2,16,9.312,31.338,29.7,9
2026-08-22T11:08:43,4907.1,30.2,4.56,3.2,16,9.273,31.338,29.6,9
2026-08-22T11:08:45,4909.1,30.2,4.56,3.2,16,9.228,31.338,29.4,9
2026-08-22T11:08:47,4911.1,28.2,4.59,3.23,16,9.2,31.338,29.4,9
2026-08-22T11:08:49,4913.1,18.3,4.59,3.23,16,9.199,31.338,29.4,9
2026-08-22T11:08:51,4915.1,29.7,4.62,3.26,16,9.17,31.338,29.3,9
2026-08-22T11:08:53,4917.1,29.9,4.62,3.26,16,9.338,31.338,29.8,9
2026-08-22T11:08:55,4919.1,29.6,4.62,3.26,16,9.3,31.338,29.7,9
2026-08-22T11:08:57,4921.1,30.1,4.65,3.28,16,9.264,31.338,29.6,9
2026-08-22T11:08:59,4923.1,27.7,4.65,3.28,16,9.253,31.338,29.5,9
2026-08-22T11:09:01,4925.1,31.8,4.68,3.31,16,9.297,31.338,29.7,9
2026-08-22T11:09:03,4927.1,29.4,4.68,3.31,16,9.313,31.338,29.7,9
2026-08-22T11:09:05,4929.1,30.8,4.68,3.31,16,9.262,31.338,29.6,9
2026-08-22T11:09:07,4931.1,30.4,4.63,3.33,16,9.253,31.338,29.5,9
2026-08-22T11:09:09,4933.1,29.7,4.63,3.33,16,9.209,31.338,29.4,9
2026-08-22T11:09:11,4935.1,30.1,4.5,3.32,16,9.168,31.338,29.3,9
2026-08-22T11:09:13,4937.1,30.0,4.5,3.32,16,9.134,31.338,29.1,9
2026-08-22T11:09:15,4939.1,29.8,4.5,3.32,16,9.164,31.338,29.2,9
2026-08-22T11:09:17,4941.1,27.5,4.54,3.35,16,9.263,31.338,29.6,9
2026-08-22T11:09:19,4943.1,31.7,4.54,3.35,16,9.32,31.338,29.7,9
2026-08-22T11:09:21,4945.1,29.2,4.49,3.36,16,9.295,31.338,29.7,9
2026-08-22T11:09:23,4947.1,30.5,4.49,3.36,16,9.279,31.338,29.6,9
2026-08-22T11:09:25,4949.1,30.4,4.49,3.36,16,9.387,31.338,30.0,9
2026-08-22T11:09:27,4951.1,30.6,4.45,3.37,16,9.335,31.338,29.8,9
2026-08-22T11:09:29,4953.1,30.4,4.45,3.37,16,9.335,31.338,29.8,9
2026-08-22T11:09:31,4955.1,30.0,4.42,3.38,16,9.289,31.338,29.6,9
2026-08-22T11:09:33,4957.1,30.5,4.42,3.38,16,9.3,31.338,29.7,9
2026-08-22T11:09:35,4959.1,28.9,4.42,3.38,16,9.356,31.338,29.9,9
2026-08-22T11:09:37,4961.1,31.7,4.54,3.42,16,9.384,31.338,29.9,9
2026-08-22T11:09:39,4963.1,28.7,4.54,3.42,16,9.351,31.338,29.8,9
2026-08-22T11:09:41,4965.1,32.1,4.58,3.45,16,9.321,31.338,29.7,9
2026-08-22T11:09:43,4967.1,20.3,4.58,3.45,16,9.307,31.338,29.7,9
2026-08-22T11:09:45,4969.1,25.9,4.58,3.45,16,9.23,31.338,29.5,9
2026-08-22T11:09:47,4971.1,28.4,4.62,3.48,16,9.201,31.338,29.4,9
2026-08-22T11:09:49,4973.1,32.6,4.62,3.48,16,9.236,31.338,29.5,9
2026-08-22T11:09:51,4975.1,28.8,4.65,3.5,16,9.265,31.338,29.6,9
2026-08-22T11:09:53,4977.1,31.7,4.65,3.5,16,9.221,31.338,29.4,9
2026-08-22T11:09:55,4979.1,30.4,4.65,3.5,16,9.423,31.338,30.1,9
2026-08-22T11:09:57,4981.1,30.6,4.67,3.53,16,9.359,31.338,29.9,9
2026-08-22T11:09:59,4983.1,30.6,4.67,3.53,16,9.375,31.338,29.9,9
2026-08-22T11:10:01,4985.1,30.2,4.7,3.55,16,9.328,31.338,29.8,9
2026-08-22T11:10:03,4987.1,30.6,4.7,3.55,16,9.339,31.338,29.8,9
2026-08-22T11:10:05,4989.1,29.5,4.7,3.55,16,9.301,31.338,29.7,9
2026-08-22T11:10:07,4991.1,31.2,4.81,3.59,16,9.288,31.338,29.6,9
2026-08-22T11:10:09,4993.1,28.6,4.81,3.59,16,9.266,31.338,29.6,9
2026-08-22T11:10:11,4995.1,32.6,4.82,3.62,16,9.308,31.338,29.7,9
2026-08-22T11:10:13,4997.1,29.3,4.82,3.62,16,9.511,31.338,30.4,9
2026-08-22T11:10:15,4999.1,31.8,4.82,3.62,16,9.395,31.338,30.0,9
2026-08-22T11:10:17,5001.1,30.6,4.84,3.64,16,9.457,31.338,30.2,9
2026-08-22T11:10:19,5003.1,30.5,4.84,3.64,16,9.383,31.338,29.9,9
2026-08-22T11:10:21,5005.1,30.4,4.85,3.66,16,9.482,31.338,30.3,9
2026-08-22T11:10:23,5007.1,29.9,4.85,3.66,16,9.426,31.338,30.1,9
2026-08-22T11:10:25,5009.1,30.2,4.85,3.66,16,9.483,31.338,30.3,9
2026-08-22T11:10:27,5011.1,29.3,4.86,3.69,16,9.424,31.338,30.1,9
2026-08-22T11:10:29,5013.1,30.9,4.86,3.69,16,9.445,31.338,30.1,9
2026-08-22T11:10:31,5015.1,28.4,4.79,3.69,16,9.455,31.338,30.2,9
2026-08-22T11:10:33,5017.1,31.8,4.79,3.69,16,9.44,31.338,30.1,9
2026-08-22T11:10:35,5019.1,28.7,4.79,3.69,16,9.502,31.338,30.3,9
2026-08-22T11:10:37,5021.1,31.3,4.89,3.73,16,9.369,31.338,29.9,9
2026-08-22T11:10:39,5023.1,18.0,4.89,3.73,16,9.454,31.338,30.2,9
2026-08-22T11:10:41,5025.1,25.0,4.82,3.73,16,9.388,31.338,30.0,9
2026-08-22T11:10:43,5027.1,27.7,4.82,3.73,16,9.362,31.338,29.9,9
2026-08-22T11:10:45,5029.1,32.1,4.82,3.73,16,9.361,31.338,29.9,9
2026-08-22T11:10:47,5031.1,28.2,4.83,3.76,16,9.398,31.338,30.0,9
2026-08-22T11:10:49,5033.1,32.1,4.83,3.76,16,9.319,31.338,29.7,9
2026-08-22T11:10:51,5035.1,29.4,4.61,3.73,16,9.344,31.338,29.8,9
2026-08-22T11:10:53,5037.1,30.5,4.61,3.73,16,9.3,31.338,29.7,9
2026-08-22T11:10:55,5039.1,29.7,4.61,3.73,16,9.319,31.338,29.7,9
2026-08-22T11:10:57,5041.1,30.0,4.64,3.75,16,9.268,31.338,29.6,9
2026-08-22T11:10:59,5043.1,12.0,4.64,3.75,16,9.303,31.338,29.7,9
2026-08-22T11:11:01,5045.1,6.4,4.35,3.7,16,9.289,31.338,29.6,9
2026-08-22T11:11:03,5047.1,6.5,4.35,3.7,16,9.269,31.338,29.6,9
2026-08-22T11:11:05,5049.1,6.5,4.35,3.7,16,9.25,31.338,29.5,9
2026-08-22T11:11:07,5051.1,6.5,4.08,3.66,16,9.24,31.338,29.5,9
2026-08-22T11:11:09,5053.1,4.6,4.08,3.66,16,7.358,31.338,23.5,5
2026-08-22T11:11:11,5055.1,6.4,3.83,3.61,16,7.342,31.338,23.4,5
2026-08-22T11:11:13,5057.1,46.4,3.83,3.61,16,10.014,31.338,32.0,13
2026-08-22T11:11:15,5059.1,43.1,3.83,3.61,16,10.812,31.338,34.5,13
2026-08-22T11:11:17,5061.1,54.1,4.17,3.69,16,10.817,31.338,34.5,13
2026-08-22T11:11:19,5063.1,55.2,4.17,3.69,16,11.225,31.338,35.8,13
2026-08-22T11:11:21,5065.1,53.0,4.47,3.76,16,11.429,31.338,36.5,13
2026-08-22T11:11:23,5067.1,55.5,4.47,3.76,16,11.638,31.338,37.1,13
2026-08-22T11:11:25,5069.1,55.1,4.47,3.76,16,11.714,31.338,37.4,13
2026-08-22T11:11:27,5071.2,55.6,4.83,3.84,16,11.874,31.338,37.9,13
2026-08-22T11:11:29,5073.2,56.0,4.83,3.84,16,11.967,31.338,38.2,13
2026-08-22T11:11:31,5075.2,55.6,5.09,3.91,16,11.772,31.338,37.6,13
2026-08-22T11:11:33,5077.2,55.1,5.09,3.91,16,11.84,31.338,37.8,13
2026-08-22T11:11:35,5079.2,56.9,5.09,3.91,16,11.619,31.338,37.1,13
2026-08-22T11:11:37,5081.2,54.9,5.4,4.0,16,11.587,31.338,37.0,13
2026-08-22T11:11:39,5083.2,54.8,5.4,4.0,16,11.577,31.338,36.9,13
2026-08-22T11:11:41,5085.2,55.1,5.69,4.08,16,11.648,31.338,37.2,13
2026-08-22T11:11:43,5087.2,56.1,5.69,4.08,16,11.542,31.338,36.8,13
2026-08-22T11:11:45,5089.2,56.0,5.69,4.08,16,11.531,31.338,36.8,13
2026-08-22T11:11:47,5091.2,55.3,6.04,4.18,16,11.489,31.338,36.7,13
2026-08-22T11:11:49,5093.2,30.4,6.04,4.18,16,11.544,31.338,36.8,13
2026-08-22T11:11:51,5095.2,55.0,6.35,4.28,16,11.553,31.338,36.9,13
2026-08-22T11:11:53,5097.2,55.1,6.35,4.28,16,11.478,31.338,36.6,13
2026-08-22T11:11:55,5099.2,55.6,6.35,4.28,16,11.551,31.338,36.9,13
2026-08-22T11:11:57,5101.2,55.6,6.49,4.34,16,11.55,31.338,36.9,13
2026-08-22T11:11:59,5103.2,55.3,6.49,4.34,16,11.616,31.338,37.1,13
2026-08-22T11:12:01,5105.2,53.4,6.61,4.4,16,11.642,31.338,37.1,13
2026-08-22T11:12:03,5107.2,52.8,6.61,4.4,16,11.644,31.338,37.2,13
2026-08-22T11:12:05,5109.2,52.2,6.61,4.4,16,11.578,31.338,36.9,13
2026-08-22T11:12:07,5111.2,56.3,6.88,4.49,16,11.506,31.338,36.7,13
2026-08-22T11:12:09,5113.2,54.9,6.88,4.49,16,11.362,31.338,36.3,13
2026-08-22T11:12:11,5115.2,55.2,6.97,4.55,16,11.436,31.338,36.5,13
2026-08-22T11:12:13,5117.2,54.5,6.97,4.55,16,11.355,31.338,36.2,13
2026-08-22T11:12:15,5119.2,52.9,6.97,4.55,16,11.305,31.338,36.1,13
2026-08-22T11:12:17,5121.2,53.4,7.13,4.63,16,11.369,31.338,36.3,13
2026-08-22T11:12:19,5123.2,54.8,7.13,4.63,16,11.384,31.338,36.3,13
2026-08-22T11:12:21,5125.2,29.9,6.64,4.57,16,11.353,31.338,36.2,13
2026-08-22T11:12:23,5127.2,51.2,6.64,4.57,16,11.299,31.338,36.1,13
2026-08-22T11:12:25,5129.2,56.2,6.64,4.57,16,11.301,31.338,36.1,13
2026-08-22T11:12:27,5131.2,55.3,6.27,4.52,16,11.405,31.338,36.4,13
2026-08-22T11:12:29,5133.2,52.3,6.27,4.52,16,11.479,31.338,36.6,13
2026-08-22T11:12:31,5135.2,54.9,6.57,4.61,16,11.488,31.338,36.7,13
2026-08-22T11:12:33,5137.2,55.5,6.57,4.61,16,11.639,31.338,37.1,13
2026-08-22T11:12:35,5139.2,54.4,6.57,4.61,16,11.579,31.338,36.9,13
2026-08-22T11:12:37,5141.2,54.8,6.68,4.67,16,11.489,31.338,36.7,13
2026-08-22T11:12:39,5143.2,51.2,6.68,4.67,16,11.713,31.338,37.4,13
2026-08-22T11:12:41,5145.2,55.0,6.71,4.71,16,11.847,31.338,37.8,13
2026-08-22T11:12:43,5147.2,53.9,6.71,4.71,16,11.899,31.338,38.0,13
2026-08-22T11:12:45,5149.2,55.2,6.71,4.71,16,12.0,31.338,38.3,13
2026-08-22T11:12:47,5151.2,54.9,6.97,4.8,16,11.762,31.338,37.5,13
2026-08-22T11:12:49,5153.2,55.0,6.97,4.8,16,11.666,31.338,37.2,13
2026-08-22T11:12:51,5155.2,55.2,7.13,4.87,16,11.516,31.338,36.7,13
2026-08-22T11:12:53,5157.2,55.4,7.13,4.87,16,11.642,31.338,37.1,13
2026-08-22T11:12:55,5159.2,27.0,7.13,4.87,16,11.549,31.338,36.9,13
2026-08-22T11:12:57,5161.2,52.2,7.2,4.92,16,11.645,31.338,37.2,13
2026-08-22T11:12:59,5163.2,55.2,7.2,4.92,16,11.615,31.338,37.1,13
2026-08-22T11:13:01,5165.2,55.1,7.35,4.99,16,11.646,31.338,37.2,13
2026-08-22T11:13:03,5167.2,56.6,7.35,4.99,16,11.643,31.338,37.2,13
2026-08-22T11:13:05,5169.2,56.1,7.35,4.99,16,11.597,31.338,37.0,13
2026-08-22T11:13:07,5171.2,55.6,7.32,5.02,16,11.467,31.338,36.6,13
2026-08-22T11:13:09,5173.2,50.3,7.32,5.02,16,11.654,31.338,37.2,13
2026-08-22T11:13:11,5175.2,55.5,7.53,5.1,16,11.665,31.338,37.2,13
2026-08-22T11:13:13,5177.2,55.2,7.53,5.1,16,11.729,31.338,37.4,13
2026-08-22T11:13:15,5179.2,54.9,7.53,5.1,16,11.808,31.338,37.7,13
2026-08-22T11:13:17,5181.2,54.2,7.65,5.17,16,11.796,31.338,37.6,13
2026-08-22T11:13:19,5183.2,54.7,7.65,5.17,16,11.854,31.338,37.8,13
2026-08-22T11:13:21,5185.2,55.5,7.68,5.22,16,11.723,31.338,37.4,13
2026-08-22T11:13:23,5187.2,55.5,7.68,5.22,16,11.65,31.338,37.2,13
2026-08-22T11:13:25,5189.2,55.1,7.68,5.22,16,11.573,31.338,36.9,13
2026-08-22T11:13:27,5191.2,56.8,7.23,5.16,16,11.508,31.338,36.7,13
2026-08-22T11:13:29,5193.2,24.6,7.23,5.16,16,11.583,31.338,37.0,13
2026-08-22T11:13:31,5195.2,53.6,7.29,5.21,16,11.756,31.338,37.5,13
2026-08-22T11:13:33,5197.2,56.3,7.29,5.21,16,11.726,31.338,37.4,13
2026-08-22T11:13:35,5199.2,57.9,7.29,5.21,16,11.643,31.338,37.2,13
2026-08-22T11:13:37,5201.2,55.7,7.43,5.27,16,11.704,31.338,37.3,13
2026-08-22T11:13:39,5203.2,55.4,7.43,5.27,16,11.781,31.338,37.6,13
2026-08-22T11:13:41,5205.2,22.7,6.91,5.2,16,11.889,31.338,37.9,13
2026-08-22T11:13:43,5207.2,6.7,6.91,5.2,16,11.786,31.338,37.6,13
2026-08-22T11:13:45,5209.2,6.6,6.91,5.2,16,11.659,31.338,37.2,13
2026-08-22T11:13:47,5211.2,6.6,6.44,5.13,16,11.565,31.338,36.9,13
2026-08-22T11:13:49,5213.2,6.6,6.44,5.13,16,11.48,31.338,36.6,13
2026-08-22T11:13:51,5215.2,8.0,5.92,5.05,16,7.685,31.338,24.5,5
2026-08-22T11:13:53,5217.2,6.6,5.92,5.05,16,7.675,31.338,24.5,5
2026-08-22T11:13:55,5219.2,85.9,5.92,5.05,16,12.276,31.338,39.2,21
2026-08-22T11:13:57,5221.2,99.8,6.73,5.23,16,14.017,31.338,44.7,21
2026-08-22T11:13:59,5223.2,67.0,6.73,5.23,16,14.586,31.338,46.5,21
2026-08-22T11:14:01,5225.2,88.9,7.55,5.42,16,14.844,31.338,47.4,21
2026-08-22T11:14:03,5227.2,89.9,7.55,5.42,16,15.182,31.338,48.4,21
2026-08-22T11:14:05,5229.2,91.0,7.55,5.42,16,15.375,31.338,49.1,21
2026-08-22T11:14:07,5231.2,91.2,8.31,5.62,16,15.485,31.338,49.4,21
2026-08-22T11:14:09,5233.2,91.8,8.31,5.62,16,15.506,31.338,49.5,21
2026-08-22T11:14:11,5235.2,91.3,9.0,5.81,16,15.383,31.338,49.1,21
2026-08-22T11:14:13,5237.2,90.1,9.0,5.81,16,15.332,31.338,48.9,21
2026-08-22T11:14:15,5239.2,91.0,9.0,5.81,16,15.39,31.338,49.1,21
2026-08-22T11:14:17,5241.2,89.4,9.24,5.91,16,15.391,31.338,49.1,21
2026-08-22T11:14:19,5243.2,92.7,9.24,5.91,16,15.498,31.338,49.5,21
2026-08-22T11:14:21,5245.2,92.8,10.03,6.13,16,15.389,31.338,49.1,21
2026-08-22T11:14:23,5247.2,91.1,10.03,6.13,16,15.391,31.338,49.1,21
2026-08-22T11:14:25,5249.2,92.4,10.03,6.13,16,15.428,31.338,49.2,21
2026-08-22T11:14:27,5251.2,46.9,10.34,6.26,16,15.446,31.338,49.3,21
2026-08-22T11:14:29,5253.2,89.3,10.34,6.26,16,15.466,31.338,49.4,21
2026-08-22T11:14:31,5255.2,91.5,11.12,6.49,16,15.354,31.338,49.0,21
2026-08-22T11:14:33,5257.2,91.0,11.12,6.49,16,15.384,31.338,49.1,21
2026-08-22T11:14:35,5259.2,88.9,11.12,6.49,16,15.369,31.338,49.0,21
2026-08-22T11:14:37,5261.2,90.5,11.27,6.6,16,15.386,31.338,49.1,21
2026-08-22T11:14:39,5263.2,89.0,11.27,6.6,16,15.434,31.338,49.2,21
2026-08-22T11:14:41,5265.2,91.4,11.01,6.62,16,15.428,31.338,49.2,21
2026-08-22T11:14:43,5267.2,92.0,11.01,6.62,16,15.388,31.338,49.1,21
2026-08-22T11:14:45,5269.2,89.7,11.01,6.62,16,15.361,31.338,49.0,21
2026-08-22T11:14:47,5271.2,93.3,11.49,6.79,16,15.402,31.338,49.1,21
2026-08-22T11:14:49,5273.2,90.0,11.49,6.79,16,15.386,31.338,49.1,21
2026-08-22T11:14:51,5275.2,87.6,11.93,6.96,16,15.48,31.338,49.4,21
2026-08-22T11:14:53,5277.2,79.7,11.93,6.96,16,15.406,31.338,49.2,21
2026-08-22T11:14:55,5279.2,74.2,11.93,6.96,16,15.362,31.338,49.0,21
2026-08-22T11:14:57,5281.2,87.3,12.49,7.16,16,15.392,31.338,49.1,21
2026-08-22T11:14:59,5283.2,90.9,12.49,7.16,16,15.382,31.338,49.1,21
2026-08-22T11:15:01,5285.2,92.0,12.45,7.24,16,15.239,31.338,48.6,21
2026-08-22T11:15:03,5287.2,91.3,12.45,7.24,16,15.222,31.338,48.6,21
2026-08-22T11:15:05,5289.2,91.6,12.45,7.24,16,15.27,31.338,48.7,21
2026-08-22T11:15:07,5291.2,88.8,12.02,7.24,16,15.241,31.338,48.6,21
2026-08-22T11:15:09,5293.2,89.2,12.02,7.24,16,15.277,31.338,48.7,21
2026-08-22T11:15:11,5295.2,88.8,12.34,7.38,16,15.281,31.338,48.8,21
2026-08-22T11:15:13,5297.2,81.9,12.34,7.38,16,15.457,31.338,49.3,21
2026-08-22T11:15:15,5299.2,91.5,12.34,7.38,16,15.417,31.338,49.2,21
2026-08-22T11:15:17,5301.2,89.0,12.79,7.56,16,15.292,31.338,48.8,21
2026-08-22T11:15:19,5303.2,90.4,12.79,7.56,16,15.367,31.338,49.0,21
2026-08-22T11:15:21,5305.2,47.0,11.85,7.45,16,15.386,31.338,49.1,21
2026-08-22T11:15:23,5307.2,89.0,11.85,7.45,16,15.359,31.338,49.0,21
2026-08-22T11:15:25,5309.2,92.5,11.85,7.45,16,15.533,31.338,49.6,21
2026-08-22T11:15:27,5311.2,91.5,12.26,7.61,16,15.52,31.338,49.5,21
2026-08-22T11:15:29,5313.2,92.4,12.26,7.61,16,15.659,31.338,50.0,21
2026-08-22T11:15:31,5315.2,88.9,12.8,7.8,16,15.533,31.338,49.6,21
2026-08-22T11:15:33,5317.2,89.6,12.8,7.8,16,15.587,31.338,49.7,21
2026-08-22T11:15:35,5319.2,91.9,12.8,7.8,16,15.825,31.338,50.5,21
2026-08-22T11:15:37,5321.2,87.5,12.41,7.8,16,15.896,31.338,50.7,21
2026-08-22T11:15:39,5323.2,90.6,12.41,7.8,16,15.93,31.338,50.8,21
2026-08-22T11:15:41,5325.2,86.3,12.94,7.99,16,15.738,31.338,50.2,21
2026-08-22T11:15:43,5327.2,85.6,12.94,7.99,16,15.685,31.338,50.1,21
2026-08-22T11:15:45,5329.2,90.1,12.94,7.99,16,15.478,31.338,49.4,21
2026-08-22T11:15:47,5331.2,89.7,13.43,8.17,16,15.41,31.338,49.2,21
2026-08-22T11:15:49,5333.2,71.0,13.43,8.17,16,15.509,31.338,49.5,21
2026-08-22T11:15:51,5335.2,69.8,13.47,8.27,16,15.474,31.338,49.4,21
2026-08-22T11:15:53,5337.2,90.6,13.47,8.27,16,15.47,31.338,49.4,21
2026-08-22T11:15:55,5339.2,88.7,13.47,8.27,16,15.468,31.338,49.4,21
2026-08-22T11:15:57,5341.2,84.1,13.84,8.43,16,15.573,31.338,49.7,21
2026-08-22T11:15:59,5343.2,85.0,13.84,8.43,16,15.641,31.338,49.9,21
2026-08-22T11:16:01,5345.2,6.8,12.81,8.31,16,15.513,31.338,49.5,21
2026-08-22T11:16:03,5347.2,6.8,12.81,8.31,16,15.422,31.338,49.2,21
2026-08-22T11:16:05,5349.2,6.7,12.81,8.31,16,15.347,31.338,49.0,21
2026-08-22T11:16:07,5351.2,6.7,11.86,8.18,16,15.269,31.338,48.7,21
2026-08-22T11:16:09,5353.2,6.7,11.86,8.18,16,15.19,31.338,48.5,21
2026-08-22T11:16:11,5355.2,11.7,10.99,8.06,16,7.948,31.338,25.4,5
2026-08-22T11:16:13,5357.2,6.5,10.99,8.06,16,7.98,31.338,25.5,5
2026-08-22T11:16:15,5359.2,6.5,10.99,8.06,16,8.381,31.338,26.7,6
2026-08-22T11:16:17,5361.2,6.8,10.19,7.95,16,8.428,31.338,26.9,6
2026-08-22T11:16:19,5363.2,7.0,10.19,7.95,16,8.436,31.338,26.9,6
2026-08-22T11:16:21,5365.2,7.0,9.46,7.83,16,8.433,31.338,26.9,6
2026-08-22T11:16:23,5367.2,6.9,9.46,7.83,16,8.43,31.338,26.9,6
2026-08-22T11:16:25,5369.2,6.8,9.46,7.83,16,8.429,31.338,26.9,6
2026-08-22T11:16:27,5371.2,6.9,8.78,7.72,16,8.429,31.338,26.9,6
2026-08-22T11:16:29,5373.2,6.9,8.78,7.72,16,8.429,31.338,26.9,6
2026-08-22T11:16:31,5375.2,6.8,8.16,7.61,16,8.43,31.338,26.9,6
2026-08-22T11:16:33,5377.2,6.9,8.16,7.61,16,8.427,31.338,26.9,6
2026-08-22T11:16:35,5379.2,6.9,8.16,7.61,16,8.424,31.338,26.9,6
2026-08-22T11:16:37,5381.2,6.9,7.58,7.5,16,8.421,31.338,26.9,6
2026-08-22T11:16:39,5383.2,6.9,7.58,7.5,16,8.419,31.338,26.9,6
2026-08-22T11:16:41,5385.2,6.9,7.05,7.39,16,8.42,31.338,26.9,6
2026-08-22T11:16:43,5387.2,6.9,7.05,7.39,16,8.42,31.338,26.9,6
2026-08-22T11:16:45,5389.2,6.9,7.05,7.39,16,8.43,31.338,26.9,6
2026-08-22T11:16:47,5391.2,6.9,6.57,7.28,16,8.428,31.338,26.9,6
2026-08-22T11:16:49,5393.2,6.9,6.57,7.28,16,8.427,31.338,26.9,6
2026-08-22T11:16:51,5395.2,6.9,6.12,7.18,16,8.426,31.338,26.9,6
2026-08-22T11:16:53,5397.2,6.9,6.12,7.18,16,8.426,31.338,26.9,6
2026-08-22T11:16:55,5399.2,6.7,6.12,7.18,16,8.427,31.338,26.9,6
2026-08-22T11:16:57,5401.2,6.8,5.71,7.07,16,8.434,31.338,26.9,6
2026-08-22T11:16:59,5403.2,6.9,5.71,7.07,16,8.431,31.338,26.9,6
2026-08-22T11:17:01,5405.2,6.8,5.34,6.97,16,8.432,31.338,26.9,6
2026-08-22T11:17:03,5407.2,6.9,5.34,6.97,16,8.431,31.338,26.9,6
2026-08-22T11:17:05,5409.2,6.7,5.34,6.97,16,8.431,31.338,26.9,6
2026-08-22T11:17:07,5411.2,6.8,4.99,6.87,16,8.434,31.338,26.9,6
2026-08-22T11:17:09,5413.2,6.8,4.99,6.87,16,8.434,31.338,26.9,6
2026-08-22T11:17:11,5415.2,6.9,4.67,6.78,16,8.435,31.338,26.9,6
2026-08-22T11:17:13,5417.2,6.8,4.67,6.78,16,8.436,31.338,26.9,6
2026-08-22T11:17:15,5419.2,6.9,4.67,6.78,16,8.437,31.338,26.9,6
2026-08-22T11:17:17,5421.2,6.8,4.37,6.68,16,8.437,31.338,26.9,6
2026-08-22T11:17:19,5423.2,6.8,4.37,6.68,16,8.439,31.338,26.9,6
2026-08-22T11:17:21,5425.2,6.8,4.1,6.58,16,8.439,31.338,26.9,6
2026-08-22T11:17:23,5427.2,6.9,4.1,6.58,16,8.44,31.338,26.9,6
2026-08-22T11:17:25,5429.2,6.8,4.1,6.58,16,8.441,31.338,26.9,6
2026-08-22T11:17:27,5431.2,6.8,3.85,6.49,16,8.442,31.338,26.9,6
2026-08-22T11:17:29,5433.2,6.8,3.85,6.49,16,8.443,31.338,26.9,6
2026-08-22T11:17:31,5435.2,6.9,3.63,6.4,16,8.445,31.338,26.9,6
2026-08-22T11:17:33,5437.2,6.8,3.63,6.4,16,8.445,31.338,26.9,6
2026-08-22T11:17:35,5439.2,6.8,3.63,6.4,16,8.446,31.338,27.0,6
2026-08-22T11:17:37,5441.2,6.9,3.42,6.31,16,8.447,31.338,27.0,6
2026-08-22T11:17:39,5443.2,6.8,3.42,6.31,16,8.462,31.338,27.0,6
2026-08-22T11:17:41,5445.2,6.9,3.22,6.22,16,8.464,31.338,27.0,6
2026-08-22T11:17:43,5447.3,6.8,3.22,6.22,16,8.463,31.338,27.0,6
2026-08-22T11:17:45,5449.3,6.8,3.22,6.22,16,8.463,31.338,27.0,6
2026-08-22T11:17:47,5451.3,6.9,3.04,6.14,16,8.462,31.338,27.0,6
2026-08-22T11:17:49,5453.3,6.8,3.04,6.14,16,8.462,31.338,27.0,6
2026-08-22T11:17:51,5455.3,6.8,2.88,6.05,16,8.466,31.338,27.0,6
2026-08-22T11:17:53,5457.3,6.8,2.88,6.05,16,8.466,31.338,27.0,6
2026-08-22T11:17:55,5459.3,6.9,2.88,6.05,16,8.47,31.338,27.0,6
2026-08-22T11:17:57,5461.3,7.0,2.73,5.97,16,8.471,31.338,27.0,6
2026-08-22T11:17:59,5463.3,6.8,2.73,5.97,16,8.471,31.338,27.0,6
2026-08-22T11:18:01,5465.3,6.8,2.67,5.9,16,8.471,31.338,27.0,6
2026-08-22T11:18:03,5467.3,6.9,2.67,5.9,16,8.471,31.338,27.0,6
2026-08-22T11:18:05,5469.3,6.9,2.67,5.9,16,8.471,31.338,27.0,6
2026-08-22T11:18:07,5471.3,6.9,2.54,5.82,16,8.471,31.338,27.0,6
2026-08-22T11:18:09,5473.3,6.9,2.54,5.82,16,8.471,31.338,27.0,6
2026-08-22T11:18:11,5475.3,6.9,2.41,5.74,16,8.471,31.338,27.0,6
2026-08-22T11:18:13,5477.3,6.9,2.41,5.74,16,8.472,31.338,27.0,6
2026-08-22T11:18:15,5479.3,6.9,2.41,5.74,16,8.473,31.338,27.0,6
2026-08-22T11:18:17,5481.3,6.9,2.3,5.66,16,8.473,31.338,27.0,6
2026-08-22T11:18:19,5483.3,6.9,2.3,5.66,16,8.473,31.338,27.0,6
2026-08-22T11:18:21,5485.3,6.9,2.2,5.58,16,8.473,31.338,27.0,6
2026-08-22T11:18:23,5487.3,6.9,2.2,5.58,16,8.474,31.338,27.0,6
2026-08-22T11:18:25,5489.3,6.9,2.2,5.58,16,8.475,31.338,27.0,6
2026-08-22T11:18:27,5491.3,6.9,2.1,5.51,16,8.476,31.338,27.0,6
2026-08-22T11:18:29,5493.3,6.8,2.1,5.51,16,8.478,31.338,27.1,6
2026-08-22T11:18:31,5495.3,6.8,2.01,5.43,16,8.478,31.338,27.1,6
2026-08-22T11:18:33,5497.3,6.8,2.01,5.43,16,8.478,31.338,27.1,6
2026-08-22T11:18:35,5499.3,6.8,2.01,5.43,16,8.478,31.338,27.1,6
2026-08-22T11:18:37,5501.3,6.8,2.01,5.37,16,8.478,31.338,27.1,6
2026-08-22T11:18:39,5503.3,6.9,2.01,5.37,16,8.478,31.338,27.1,6
2026-08-22T11:18:41,5505.3,6.7,1.93,5.3,16,8.479,31.338,27.1,6
2026-08-22T11:18:43,5507.3,6.9,1.93,5.3,16,8.48,31.338,27.1,6
2026-08-22T11:18:45,5509.3,6.8,1.93,5.3,16,8.483,31.338,27.1,6
2026-08-22T11:18:47,5511.3,6.9,1.85,5.23,16,8.486,31.338,27.1,6
2026-08-22T11:18:49,5513.3,6.9,1.85,5.23,16,8.487,31.338,27.1,6
2026-08-22T11:18:51,5515.3,6.8,1.79,5.16,16,8.487,31.338,27.1,6
2026-08-22T11:18:53,5517.3,6.8,1.79,5.16,16,8.487,31.338,27.1,6
2026-08-22T11:18:55,5519.3,6.8,1.79,5.16,16,8.487,31.338,27.1,6
2026-08-22T11:18:57,5521.3,6.8,1.72,5.09,16,8.488,31.338,27.1,6
2026-08-22T11:18:59,5523.3,6.8,1.72,5.09,16,8.489,31.338,27.1,6
2026-08-22T11:19:01,5525.3,6.8,1.66,5.02,16,8.489,31.338,27.1,6
2026-08-22T11:19:03,5527.3,6.8,1.66,5.02,16,8.49,31.338,27.1,6
2026-08-22T11:19:05,5529.3,6.9,1.66,5.02,16,8.491,31.338,27.1,6
2026-08-22T11:19:07,5531.3,6.9,1.69,4.97,16,8.491,31.338,27.1,6
2026-08-22T11:19:09,5533.3,6.8,1.69,4.97,16,8.491,31.338,27.1,6
2026-08-22T11:19:11,5535.3,6.7,1.64,4.9,16,8.492,31.338,27.1,6
2026-08-22T11:19:13,5537.3,6.8,1.64,4.9,16,8.493,31.338,27.1,6
2026-08-22T11:19:15,5539.3,6.9,1.64,4.9,16,8.494,31.338,27.1,6
2026-08-22T11:19:17,5541.3,6.8,1.58,4.84,16,8.496,31.338,27.1,6
2026-08-22T11:19:19,5543.3,6.9,1.58,4.84,16,8.497,31.338,27.1,6
2026-08-22T11:19:21,5545.3,6.9,1.54,4.78,16,8.498,31.338,27.1,6
2026-08-22T11:19:23,5547.3,6.7,1.54,4.78,16,8.5,31.338,27.1,6
2026-08-22T11:19:25,5549.3,6.8,1.54,4.78,16,8.5,31.338,27.1,6
2026-08-22T11:19:27,5551.3,6.8,1.57,4.73,16,8.5,31.338,27.1,6
2026-08-22T11:19:29,5553.3,6.8,1.57,4.73,16,8.501,31.338,27.1,6
2026-08-22T11:19:31,5555.3,6.8,1.53,4.67,16,8.505,31.338,27.1,6
2026-08-22T11:19:33,5557.3,6.9,1.53,4.67,16,8.505,31.338,27.1,6
2026-08-22T11:19:35,5559.3,6.8,1.53,4.67,16,8.505,31.338,27.1,6
2026-08-22T11:19:37,5561.3,6.9,1.49,4.61,16,8.505,31.338,27.1,6
2026-08-22T11:19:39,5563.3,6.9,1.49,4.61,16,8.506,31.338,27.1,6
2026-08-22T11:19:41,5565.3,6.9,1.45,4.55,16,8.507,31.338,27.1,6
2026-08-22T11:19:43,5567.3,6.9,1.45,4.55,16,8.509,31.338,27.2,6
2026-08-22T11:19:45,5569.3,6.9,1.45,4.55,16,8.509,31.338,27.2,6
2026-08-22T11:19:47,5571.3,6.9,1.49,4.5,16,8.509,31.338,27.2,6
2026-08-22T11:19:49,5573.3,6.9,1.49,4.5,16,8.513,31.338,27.2,6
2026-08-22T11:19:51,5575.3,6.9,1.45,4.44,16,8.513,31.338,27.2,6
2026-08-22T11:19:53,5577.3,6.9,1.45,4.44,16,8.513,31.338,27.2,6
2026-08-22T11:19:55,5579.3,6.8,1.45,4.44,16,8.513,31.338,27.2,6
2026-08-22T11:19:57,5581.3,6.8,1.42,4.39,16,8.513,31.338,27.2,6
2026-08-22T11:19:59,5583.3,6.8,1.42,4.39,16,8.514,31.338,27.2,6
2026-08-22T11:20:01,5585.3,6.9,1.38,4.33,16,8.522,31.338,27.2,6
2026-08-22T11:20:03,5587.3,6.9,1.38,4.33,16,8.522,31.338,27.2,6
2026-08-22T11:20:05,5589.3,6.8,1.38,4.33,16,8.521,31.338,27.2,6
2026-08-22T11:20:07,5591.3,6.9,1.51,4.31,16,8.521,31.338,27.2,6
2026-08-22T11:20:09,5593.3,6.9,1.51,4.31,16,8.522,31.338,27.2,6
2026-08-22T11:20:11,5595.3,6.8,1.47,4.25,16,8.524,31.338,27.2,6
2026-08-22T11:20:13,5597.3,6.8,1.47,4.25,16,8.524,31.338,27.2,6
2026-08-22T11:20:15,5599.3,6.8,1.47,4.25,16,8.524,31.338,27.2,6
2026-08-22T11:20:17,5601.3,6.9,1.43,4.2,16,8.525,31.338,27.2,6
2026-08-22T11:20:19,5603.3,6.9,1.43,4.2,16,8.526,31.338,27.2,6
2026-08-22T11:20:21,5605.3,6.7,1.4,4.15,16,8.527,31.338,27.2,6
2026-08-22T11:20:23,5607.3,6.8,1.4,4.15,16,8.527,31.338,27.2,6
2026-08-22T11:20:25,5609.3,6.8,1.4,4.15,16,8.527,31.338,27.2,6
2026-08-22T11:20:27,5611.3,6.8,1.37,4.09,16,8.527,31.338,27.2,6
2026-08-22T11:20:29,5613.3,6.9,1.37,4.09,16,8.527,31.338,27.2,6
2026-08-22T11:20:31,5615.3,6.8,1.34,4.04,16,8.529,31.338,27.2,6
2026-08-22T11:20:33,5617.3,6.8,1.34,4.04,16,8.529,31.338,27.2,6
2026-08-22T11:20:35,5619.3,6.8,1.34,4.04,16,8.529,31.338,27.2,6
2026-08-22T11:20:37,5621.3,6.9,1.31,3.99,16,8.53,31.338,27.2,6
2026-08-22T11:20:39,5623.3,6.8,1.31,3.99,16,8.531,31.338,27.2,6
2026-08-22T11:20:41,5625.3,6.8,1.28,3.94,16,8.531,31.338,27.2,6
2026-08-22T11:20:43,5627.3,6.8,1.28,3.94,16,8.533,31.338,27.2,6
2026-08-22T11:20:45,5629.3,6.8,1.28,3.94,16,8.533,31.338,27.2,6
2026-08-22T11:20:47,5631.3,6.8,1.26,3.89,16,8.533,31.338,27.2,6
2026-08-22T11:20:49,5633.3,6.8,1.26,3.89,16,8.534,31.338,27.2,6
2026-08-22T11:20:51,5635.3,6.8,1.24,3.84,16,8.535,31.338,27.2,6
2026-08-22T11:20:53,5637.3,6.8,1.24,3.84,16,8.539,31.338,27.2,6
2026-08-22T11:20:55,5639.3,6.8,1.24,3.84,16,8.541,31.338,27.3,6
2026-08-22T11:20:57,5641.3,6.8,1.22,3.8,16,8.541,31.338,27.3,6
2026-08-22T11:20:59,5643.3,6.9,1.22,3.8,16,8.543,31.338,27.3,6
2026-08-22T11:21:01,5645.3,6.8,1.2,3.75,16,8.544,31.338,27.3,6
2026-08-22T11:21:03,5647.3,6.8,1.2,3.75,16,8.544,31.338,27.3,6
2026-08-22T11:21:05,5649.3,6.8,1.2,3.75,16,8.544,31.338,27.3,6
2026-08-22T11:21:07,5651.3,6.8,1.19,3.7,16,8.545,31.338,27.3,6
2026-08-22T11:21:09,5653.3,6.9,1.19,3.7,16,8.548,31.338,27.3,6
2026-08-22T11:21:11,5655.3,6.8,1.17,3.66,16,8.55,31.338,27.3,6
2026-08-22T11:21:13,5657.3,6.9,1.17,3.66,16,8.55,31.338,27.3,6
2026-08-22T11:21:15,5659.3,6.8,1.17,3.66,16,8.55,31.338,27.3,6
2026-08-22T11:21:17,5661.3,6.8,1.16,3.61,16,8.551,31.338,27.3,6
2026-08-22T11:21:19,5663.3,6.8,1.16,3.61,16,8.552,31.338,27.3,6
2026-08-22T11:21:21,5665.3,6.8,1.14,3.57,16,8.552,31.338,27.3,6
2026-08-22T11:21:23,5667.3,6.9,1.14,3.57,16,8.555,31.338,27.3,6
2026-08-22T11:21:25,5669.3,6.9,1.14,3.57,16,8.555,31.338,27.3,6
2026-08-22T11:21:27,5671.3,6.8,1.13,3.53,16,8.555,31.338,27.3,6
2026-08-22T11:21:29,5673.3,6.8,1.13,3.53,16,8.556,31.338,27.3,6
2026-08-22T11:21:31,5675.3,6.9,1.12,3.49,16,8.556,31.338,27.3,6
2026-08-22T11:21:33,5677.3,6.8,1.12,3.49,16,8.558,31.338,27.3,6
2026-08-22T11:21:35,5679.3,6.9,1.12,3.49,16,8.558,31.338,27.3,6
2026-08-22T11:21:37,5681.3,6.9,1.11,3.44,16,8.562,31.338,27.3,6
2026-08-22T11:21:39,5683.3,6.8,1.11,3.44,16,8.562,31.338,27.3,6
2026-08-22T11:21:41,5685.3,6.8,1.18,3.42,16,8.563,31.338,27.3,6
2026-08-22T11:21:43,5687.3,6.8,1.18,3.42,16,8.563,31.338,27.3,6
2026-08-22T11:21:45,5689.3,6.8,1.18,3.42,16,8.564,31.338,27.3,6
2026-08-22T11:21:47,5691.3,6.8,1.33,3.41,16,8.565,31.338,27.3,6
2026-08-22T11:21:49,5693.3,6.9,1.33,3.41,16,8.572,31.338,27.4,6
2026-08-22T11:21:51,5695.3,6.8,1.3,3.37,16,8.572,31.338,27.4,6
2026-08-22T11:21:53,5697.3,6.9,1.3,3.37,16,8.573,31.338,27.4,6
2026-08-22T11:21:55,5699.3,6.8,1.3,3.37,16,8.578,31.338,27.4,6
2026-08-22T11:21:57,5701.3,6.8,1.28,3.33,16,8.575,31.338,27.4,6
2026-08-22T11:21:59,5703.3,6.9,1.28,3.33,16,8.574,31.338,27.4,6
2026-08-22T11:22:01,5705.3,6.8,1.26,3.29,16,8.573,31.338,27.4,6
2026-08-22T11:22:03,5707.3,6.8,1.26,3.29,16,8.573,31.338,27.4,6
2026-08-22T11:22:05,5709.3,6.8,1.26,3.29,16,8.575,31.338,27.4,6
2026-08-22T11:22:07,5711.3,6.8,1.23,3.26,16,8.578,31.338,27.4,6
2026-08-22T11:22:09,5713.3,6.9,1.23,3.26,16,8.578,31.338,27.4,6
2026-08-22T11:22:11,5715.3,6.8,1.22,3.22,16,8.58,31.338,27.4,6
2026-08-22T11:22:13,5717.3,6.8,1.22,3.22,16,8.581,31.338,27.4,6
2026-08-22T11:22:15,5719.3,6.8,1.22,3.22,16,8.585,31.338,27.4,6
2026-08-22T11:22:17,5721.3,6.8,1.2,3.18,16,8.585,31.338,27.4,6
2026-08-22T11:22:19,5723.3,6.9,1.2,3.18,16,8.585,31.338,27.4,6
2026-08-22T11:22:21,5725.3,6.8,1.26,3.16,16,8.581,31.338,27.4,6
2026-08-22T11:22:23,5727.3,6.9,1.26,3.16,16,8.582,31.338,27.4,6
2026-08-22T11:22:25,5729.3,6.9,1.26,3.16,16,8.582,31.338,27.4,6
2026-08-22T11:22:27,5731.3,6.8,1.24,3.12,16,8.583,31.338,27.4,6
2026-08-22T11:22:29,5733.3,6.9,1.24,3.12,16,8.585,31.338,27.4,6
2026-08-22T11:22:31,5735.3,6.8,1.3,3.11,16,8.585,31.338,27.4,6
2026-08-22T11:22:33,5737.3,6.8,1.3,3.11,16,8.586,31.338,27.4,6
2026-08-22T11:22:35,5739.3,6.9,1.3,3.11,16,8.588,31.338,27.4,6
2026-08-22T11:22:37,5741.3,6.9,1.28,3.07,16,8.588,31.338,27.4,6
2026-08-22T11:22:39,5743.3,6.9,1.28,3.07,16,8.588,31.338,27.4,6
2026-08-22T11:22:41,5745.3,6.8,1.42,3.07,16,8.588,31.338,27.4,6
2026-08-22T11:22:43,5747.3,6.9,1.42,3.07,16,8.589,31.338,27.4,6
2026-08-22T11:22:45,5749.3,6.8,1.42,3.07,16,8.589,31.338,27.4,6
2026-08-22T11:22:47,5751.3,6.8,1.38,3.03,16,8.589,31.338,27.4,6
2026-08-22T11:22:49,5753.3,6.8,1.38,3.03,16,8.59,31.338,27.4,6
2026-08-22T11:22:51,5755.3,6.8,1.35,3.0,16,8.59,31.338,27.4,6
2026-08-22T11:22:53,5757.3,6.9,1.35,3.0,16,8.59,31.338,27.4,6
2026-08-22T11:22:55,5759.3,6.9,1.35,3.0,16,8.591,31.338,27.4,6
2026-08-22T11:22:57,5761.3,6.8,1.32,2.97,16,8.592,31.338,27.4,6
2026-08-22T11:22:59,5763.3,6.9,1.32,2.97,16,8.592,31.338,27.4,6
2026-08-22T11:23:01,5765.3,6.8,1.3,2.93,16,8.595,31.338,27.4,6
2026-08-22T11:23:03,5767.3,6.9,1.3,2.93,16,8.595,31.338,27.4,6
2026-08-22T11:23:05,5769.3,6.9,1.3,2.93,16,8.595,31.338,27.4,6
2026-08-22T11:23:07,5771.3,6.7,1.27,2.9,16,8.597,31.338,27.4,6
2026-08-22T11:23:09,5773.3,6.9,1.27,2.9,16,8.597,31.338,27.4,6
2026-08-22T11:23:11,5775.3,6.8,1.25,2.87,16,8.599,31.338,27.4,6
2026-08-22T11:23:13,5777.3,6.8,1.25,2.87,16,8.599,31.338,27.4,6
2026-08-22T11:23:15,5779.3,6.8,1.25,2.87,16,8.599,31.338,27.4,6
2026-08-22T11:23:17,5781.3,6.8,1.23,2.84,16,8.603,31.338,27.5,6
2026-08-22T11:23:19,5783.3,6.8,1.23,2.84,16,8.603,31.338,27.5,6
2026-08-22T11:23:21,5785.3,6.9,1.21,2.81,16,8.603,31.338,27.5,6
2026-08-22T11:23:23,5787.3,6.9,1.21,2.81,16,8.605,31.338,27.5,6
2026-08-22T11:23:25,5789.3,6.8,1.21,2.81,16,8.607,31.338,27.5,6
2026-08-22T11:23:27,5791.3,6.8,1.19,2.78,16,8.607,31.338,27.5,6
2026-08-22T11:23:29,5793.3,6.9,1.19,2.78,16,8.61,31.338,27.5,6
2026-08-22T11:23:31,5795.3,6.8,1.18,2.75,16,8.61,31.338,27.5,6
2026-08-22T11:23:33,5797.3,6.9,1.18,2.75,16,8.61,31.338,27.5,6
2026-08-22T11:23:35,5799.3,6.9,1.18,2.75,16,8.614,31.338,27.5,6
2026-08-22T11:23:37,5801.3,6.8,1.16,2.72,16,8.615,31.338,27.5,6
2026-08-22T11:23:39,5803.3,6.9,1.16,2.72,16,8.615,31.338,27.5,6
2026-08-22T11:23:41,5805.3,6.9,1.15,2.69,16,8.616,31.338,27.5,6
2026-08-22T11:23:43,5807.3,6.9,1.15,2.69,16,8.616,31.338,27.5,6
2026-08-22T11:23:45,5809.3,6.9,1.15,2.69,16,8.616,31.338,27.5,6
2026-08-22T11:23:47,5811.3,6.9,1.14,2.66,16,8.616,31.338,27.5,6
2026-08-22T11:23:49,5813.3,6.9,1.14,2.66,16,8.617,31.338,27.5,6
2026-08-22T11:23:51,5815.3,6.9,1.13,2.63,16,8.618,31.338,27.5,6
2026-08-22T11:23:53,5817.3,6.8,1.13,2.63,16,8.62,31.338,27.5,6
2026-08-22T11:23:55,5819.3,6.9,1.13,2.63,16,8.62,31.338,27.5,6
2026-08-22T11:23:57,5821.3,6.9,1.12,2.61,16,8.621,31.338,27.5,6
2026-08-22T11:23:59,5823.3,6.9,1.12,2.61,16,8.622,31.338,27.5,6
2026-08-22T11:24:01,5825.3,6.9,1.11,2.58,16,8.625,31.338,27.5,6
2026-08-22T11:24:03,5827.3,7.0,1.11,2.58,16,8.625,31.338,27.5,6
2026-08-22T11:24:05,5829.3,6.8,1.11,2.58,16,8.626,31.338,27.5,6
2026-08-22T11:24:07,5831.3,6.9,1.1,2.55,16,8.627,31.338,27.5,6
2026-08-22T11:24:09,5833.3,6.8,1.1,2.55,16,8.627,31.338,27.5,6
2026-08-22T11:24:11,5835.3,6.9,1.09,2.53,16,8.629,31.338,27.5,6
2026-08-22T11:24:13,5837.3,6.9,1.09,2.53,16,8.629,31.338,27.5,6
2026-08-22T11:24:15,5839.3,6.8,1.09,2.53,16,8.629,31.338,27.5,6
2026-08-22T11:24:17,5841.3,6.8,1.16,2.52,16,8.634,31.338,27.6,6
2026-08-22T11:24:19,5843.3,6.8,1.16,2.52,16,8.635,31.338,27.6,6
2026-08-22T11:24:21,5845.3,6.8,1.15,2.49,16,8.635,31.338,27.6,6
2026-08-22T11:24:23,5847.3,6.8,1.15,2.49,16,8.635,31.338,27.6,6
2026-08-22T11:24:25,5849.3,6.9,1.15,2.49,16,8.635,31.338,27.6,6
2026-08-22T11:24:27,5851.3,6.8,1.14,2.47,16,8.635,31.338,27.6,6
2026-08-22T11:24:29,5853.3,6.9,1.14,2.47,16,8.637,31.338,27.6,6
2026-08-22T11:24:31,5855.3,6.9,1.13,2.44,16,8.637,31.338,27.6,6
2026-08-22T11:24:33,5857.3,6.8,1.13,2.44,16,8.638,31.338,27.6,6
2026-08-22T11:24:35,5859.3,6.9,1.13,2.44,16,8.639,31.338,27.6,6
2026-08-22T11:24:37,5861.3,6.8,1.12,2.42,16,8.642,31.338,27.6,6
2026-08-22T11:24:39,5863.3,6.9,1.12,2.42,16,8.642,31.338,27.6,6
2026-08-22T11:24:41,5865.3,6.7,1.11,2.4,16,8.644,31.338,27.6,6
2026-08-22T11:24:43,5867.3,6.8,1.11,2.4,16,8.644,31.338,27.6,6
2026-08-22T11:24:45,5869.3,6.9,1.11,2.4,16,8.645,31.338,27.6,6
2026-08-22T11:24:47,5871.3,6.8,1.1,2.37,16,8.646,31.338,27.6,6
2026-08-22T11:24:49,5873.3,6.9,1.1,2.37,16,8.646,31.338,27.6,6
2026-08-22T11:24:51,5875.3,6.8,1.09,2.35,16,8.646,31.338,27.6,6
2026-08-22T11:24:53,5877.3,6.8,1.09,2.35,16,8.646,31.338,27.6,6
2026-08-22T11:24:55,5879.3,6.9,1.09,2.35,16,8.646,31.338,27.6,6
2026-08-22T11:24:57,5881.3,7.0,1.08,2.33,16,8.646,31.338,27.6,6
2026-08-22T11:24:59,5883.3,6.9,1.08,2.33,16,8.647,31.338,27.6,6
2026-08-22T11:25:01,5885.3,7.0,1.08,2.3,16,8.647,31.338,27.6,6
2026-08-22T11:25:03,5887.3,7.0,1.08,2.3,16,8.647,31.338,27.6,6
2026-08-22T11:25:05,5889.3,6.9,1.08,2.3,16,8.647,31.338,27.6,6
2026-08-22T11:25:07,5891.3,6.9,1.07,2.28,16,8.648,31.338,27.6,6
2026-08-22T11:25:09,5893.3,6.9,1.07,2.28,16,8.648,31.338,27.6,6
2026-08-22T11:25:11,5895.3,6.9,1.06,2.26,16,8.648,31.338,27.6,6
2026-08-22T11:25:13,5897.3,6.8,1.06,2.26,16,8.648,31.338,27.6,6
2026-08-22T11:25:15,5899.4,7.0,1.06,2.26,16,8.649,31.338,27.6,6
2026-08-22T11:25:17,5901.4,6.8,1.06,2.24,16,8.649,31.338,27.6,6
2026-08-22T11:25:19,5903.4,6.9,1.06,2.24,16,8.649,31.338,27.6,6
2026-08-22T11:25:21,5905.4,6.8,1.05,2.22,16,8.649,31.338,27.6,6
2026-08-22T11:25:23,5907.4,6.8,1.05,2.22,16,8.649,31.338,27.6,6
2026-08-22T11:25:25,5909.4,6.9,1.05,2.22,16,8.65,31.338,27.6,6
2026-08-22T11:25:27,5911.4,6.9,1.05,2.2,16,8.65,31.338,27.6,6
2026-08-22T11:25:29,5913.4,6.8,1.05,2.2,16,8.65,31.338,27.6,6
2026-08-22T11:25:31,5915.4,6.8,1.04,2.18,16,8.65,31.338,27.6,6
2026-08-22T11:25:33,5917.4,6.9,1.04,2.18,16,8.65,31.338,27.6,6
2026-08-22T11:25:35,5919.4,6.8,1.04,2.18,16,8.65,31.338,27.6,6
2026-08-22T11:25:37,5921.4,6.8,1.04,2.16,16,8.65,31.338,27.6,6
2026-08-22T11:25:39,5923.4,6.8,1.04,2.16,16,8.651,31.338,27.6,6
2026-08-22T11:25:41,5925.4,6.8,1.04,2.14,16,8.651,31.338,27.6,6
2026-08-22T11:25:43,5927.4,6.8,1.04,2.14,16,8.652,31.338,27.6,6
2026-08-22T11:25:45,5929.4,6.9,1.04,2.14,16,8.657,31.338,27.6,6
2026-08-22T11:25:47,5931.4,6.8,1.03,2.12,16,8.657,31.338,27.6,6
2026-08-22T11:25:49,5933.4,6.9,1.03,2.12,16,8.657,31.338,27.6,6
2026-08-22T11:25:51,5935.4,6.8,1.03,2.1,16,8.658,31.338,27.6,6
2026-08-22T11:25:53,5937.4,6.8,1.03,2.1,16,8.658,31.338,27.6,6
2026-08-22T11:25:55,5939.4,6.8,1.03,2.1,16,8.658,31.338,27.6,6
2026-08-22T11:25:57,5941.4,6.8,1.03,2.08,16,8.658,31.338,27.6,6
2026-08-22T11:25:59,5943.4,6.9,1.03,2.08,16,8.658,31.338,27.6,6
2026-08-22T11:26:01,5945.4,6.8,1.03,2.06,16,8.658,31.338,27.6,6
2026-08-22T11:26:03,5947.4,6.9,1.03,2.06,16,8.658,31.338,27.6,6
2026-08-22T11:26:05,5949.4,6.8,1.03,2.06,16,8.659,31.338,27.6,6
2026-08-22T11:26:07,5951.4,6.9,1.02,2.05,16,8.662,31.338,27.6,6
2026-08-22T11:26:09,5953.4,6.8,1.02,2.05,16,8.663,31.338,27.6,6
2026-08-22T11:26:11,5955.4,6.8,1.02,2.03,16,8.663,31.338,27.6,6
2026-08-22T11:26:13,5957.4,6.8,1.02,2.03,16,8.663,31.338,27.6,6
2026-08-22T11:26:15,5959.4,6.9,1.02,2.03,16,8.663,31.338,27.6,6
2026-08-22T11:26:17,5961.4,6.9,1.02,2.01,16,8.663,31.338,27.6,6
2026-08-22T11:26:19,5963.4,6.9,1.02,2.01,16,8.663,31.338,27.6,6
2026-08-22T11:26:21,5965.4,6.8,1.02,1.99,16,8.663,31.338,27.6,6
2026-08-22T11:26:23,5967.4,6.8,1.02,1.99,16,8.664,31.338,27.6,6
2026-08-22T11:26:25,5969.4,6.8,1.02,1.99,16,8.664,31.338,27.6,6
2026-08-22T11:26:27,5971.4,6.9,1.02,1.98,16,8.664,31.338,27.6,6
2026-08-22T11:26:29,5973.4,6.8,1.02,1.98,16,8.664,31.338,27.6,6
2026-08-22T11:26:31,5975.4,6.8,1.01,1.96,16,8.664,31.338,27.6,6
2026-08-22T11:26:33,5977.4,6.9,1.01,1.96,16,8.664,31.338,27.6,6
2026-08-22T11:26:35,5979.4,6.9,1.01,1.96,16,8.664,31.338,27.6,6
2026-08-22T11:26:37,5981.4,7.0,1.01,1.94,16,8.664,31.338,27.6,6
2026-08-22T11:26:39,5983.4,6.8,1.01,1.94,16,8.664,31.338,27.6,6
2026-08-22T11:26:41,5985.4,6.9,1.09,1.95,16,8.664,31.338,27.6,6
2026-08-22T11:26:43,5987.4,6.8,1.09,1.95,16,8.664,31.338,27.6,6
2026-08-22T11:26:45,5989.4,6.8,1.09,1.95,16,8.665,31.338,27.6,6
2026-08-22T11:26:47,5991.4,6.8,1.08,1.93,16,8.665,31.338,27.6,6
2026-08-22T11:26:49,5993.4,6.9,1.08,1.93,16,8.665,31.338,27.6,6
2026-08-22T11:26:51,5995.4,6.8,1.08,1.91,16,8.665,31.338,27.6,6
2026-08-22T11:26:53,5997.4,6.9,1.08,1.91,16,8.665,31.338,27.6,6
2026-08-22T11:26:55,5999.4,6.8,1.08,1.91,16,8.665,31.338,27.6,6
2026-08-22T11:26:57,6001.4,6.8,1.07,1.9,16,8.665,31.338,27.7,6
2026-08-22T11:26:59,6003.4,6.8,1.07,1.9,16,8.665,31.338,27.7,6
2026-08-22T11:27:01,6005.4,6.8,1.07,1.88,16,8.665,31.338,27.7,6
2026-08-22T11:27:03,6007.4,6.8,1.07,1.88,16,8.666,31.338,27.7,6
2026-08-22T11:27:06,6009.4,6.8,1.07,1.88,16,8.666,31.338,27.7,6
2026-08-22T11:27:08,6011.4,6.9,1.06,1.87,16,8.666,31.338,27.7,6
2026-08-22T11:27:10,6013.4,6.9,1.06,1.87,16,8.666,31.338,27.7,6
2026-08-22T11:27:12,6015.4,6.8,1.14,1.87,16,8.666,31.338,27.7,6
2026-08-22T11:27:14,6017.4,6.9,1.14,1.87,16,8.666,31.338,27.7,6
2026-08-22T11:27:16,6019.4,6.9,1.14,1.87,16,8.666,31.338,27.7,6
2026-08-22T11:27:18,6021.4,6.9,1.12,1.86,16,8.667,31.338,27.7,6
2026-08-22T11:27:20,6023.4,6.8,1.12,1.86,16,8.667,31.338,27.7,6
2026-08-22T11:27:22,6025.4,6.9,1.11,1.84,16,8.667,31.338,27.7,6
2026-08-22T11:27:24,6027.4,6.9,1.11,1.84,16,8.667,31.338,27.7,6
2026-08-22T11:27:26,6029.4,6.8,1.11,1.84,16,8.667,31.338,27.7,6
2026-08-22T11:27:28,6031.4,6.8,1.1,1.83,16,8.668,31.338,27.7,6
2026-08-22T11:27:30,6033.4,6.9,1.1,1.83,16,8.668,31.338,27.7,6
2026-08-22T11:27:32,6035.4,6.9,1.1,1.81,16,8.668,31.338,27.7,6
2026-08-22T11:27:34,6037.4,6.8,1.1,1.81,16,8.668,31.338,27.7,6
2026-08-22T11:27:36,6039.4,6.9,1.1,1.81,16,8.669,31.338,27.7,6
2026-08-22T11:27:38,6041.4,6.9,1.09,1.8,16,8.669,31.338,27.7,6
2026-08-22T11:27:40,6043.4,6.7,1.09,1.8,16,8.669,31.338,27.7,6
2026-08-22T11:27:42,6045.4,6.8,1.08,1.79,16,8.669,31.338,27.7,6
2026-08-22T11:27:44,6047.4,6.9,1.08,1.79,16,8.67,31.338,27.7,6
2026-08-22T11:27:46,6049.4,6.8,1.08,1.79,16,8.67,31.338,27.7,6
2026-08-22T11:27:48,6051.4,6.9,1.07,1.77,16,8.671,31.338,27.7,6
2026-08-22T11:27:50,6053.4,6.8,1.07,1.77,16,8.672,31.338,27.7,6
2026-08-22T11:27:52,6055.4,6.5,1.07,1.76,16,8.672,31.338,27.7,6
2026-08-22T11:27:54,6057.4,6.4,1.07,1.76,16,8.672,31.338,27.7,6
2026-08-22T11:27:56,6059.4,6.5,1.07,1.76,16,8.672,31.338,27.7,6
2026-08-22T11:27:58,6061.4,6.5,1.06,1.75,16,8.671,31.338,27.7,6
2026-08-22T11:28:00,6063.4,6.5,1.06,1.75,16,8.671,31.338,27.7,6
2026-08-22T11:28:02,6065.4,6.5,1.06,1.73,16,8.983,31.338,28.7,6
2026-08-22T11:28:04,6067.4,6.5,1.06,1.73,16,8.983,31.338,28.7,6
2026-08-22T11:28:06,6069.4,6.5,1.06,1.73,16,8.983,31.338,28.7,6
2026-08-22T11:28:08,6071.4,6.5,1.05,1.72,16,8.983,31.338,28.7,6
2026-08-22T11:28:10,6073.4,6.5,1.05,1.72,16,8.983,31.338,28.7,6
2026-08-22T11:28:12,6075.4,6.5,1.05,1.71,16,8.983,31.338,28.7,6
2026-08-22T11:28:14,6077.4,6.5,1.05,1.71,16,8.991,31.338,28.7,6
2026-08-22T11:28:16,6079.4,6.5,1.05,1.71,16,8.991,31.338,28.7,6
2026-08-22T11:28:18,6081.4,6.5,1.04,1.7,16,8.991,31.338,28.7,6
2026-08-22T11:28:20,6083.4,6.5,1.04,1.7,16,8.991,31.338,28.7,6
2026-08-22T11:28:22,6085.4,6.5,1.04,1.69,16,8.991,31.338,28.7,6
2026-08-22T11:28:24,6087.4,5.2,1.04,1.69,16,8.683,31.338,27.7,6
2026-08-22T11:28:26,6089.4,5.5,1.04,1.69,16,8.238,31.338,26.3,5
2026-08-22T11:28:28,6091.4,6.5,1.04,1.67,16,8.239,31.338,26.3,5
2026-08-22T11:28:30,6093.4,6.4,1.04,1.67,16,8.239,31.338,26.3,5
2026-08-22T11:28:32,6095.4,6.5,1.03,1.66,16,8.239,31.338,26.3,5
2026-08-22T11:28:34,6097.4,6.4,1.03,1.66,16,8.239,31.338,26.3,5
2026-08-22T11:28:36,6099.4,7.4,1.03,1.66,16,8.324,31.338,26.6,6
2026-08-22T11:28:38,6101.4,12.8,1.11,1.67,16,9.028,31.338,28.8,7
2026-08-22T11:28:40,6103.4,9.8,1.11,1.67,16,9.113,31.338,29.1,7
2026-08-22T11:28:42,6105.4,8.4,1.1,1.66,16,9.114,31.338,29.1,7
2026-08-22T11:28:44,6107.4,8.4,1.1,1.66,16,9.115,31.338,29.1,7
2026-08-22T11:28:46,6109.4,8.3,1.1,1.66,16,9.115,31.338,29.1,7
2026-08-22T11:28:48,6111.4,8.3,1.09,1.65,16,9.115,31.338,29.1,7
2026-08-22T11:28:50,6113.4,8.4,1.09,1.65,16,9.116,31.338,29.1,7
2026-08-22T11:28:52,6115.4,8.3,1.09,1.64,16,9.116,31.338,29.1,7
2026-08-22T11:28:54,6117.4,8.2,1.09,1.64,16,9.124,31.338,29.1,7
2026-08-22T11:28:56,6119.4,8.2,1.09,1.64,16,9.126,31.338,29.1,7
2026-08-22T11:28:58,6121.4,8.0,1.08,1.62,16,9.125,31.338,29.1,7
2026-08-22T11:29:00,6123.4,8.2,1.08,1.62,16,9.122,31.338,29.1,7
2026-08-22T11:29:02,6125.4,8.2,1.07,1.61,16,9.12,31.338,29.1,7
2026-08-22T11:29:04,6127.4,8.1,1.07,1.61,16,9.12,31.338,29.1,7
2026-08-22T11:29:06,6129.4,8.0,1.07,1.61,16,9.122,31.338,29.1,7
2026-08-22T11:29:08,6131.4,8.1,1.07,1.6,16,9.124,31.338,29.1,7
2026-08-22T11:29:10,6133.4,8.1,1.07,1.6,16,9.127,31.338,29.1,7
2026-08-22T11:29:12,6135.4,8.0,1.06,1.59,16,9.127,31.338,29.1,7
2026-08-22T11:29:14,6137.4,8.1,1.06,1.59,16,9.129,31.338,29.1,7
2026-08-22T11:29:16,6139.4,8.0,1.06,1.59,16,9.132,31.338,29.1,7
2026-08-22T11:29:18,6141.4,7.6,1.06,1.58,16,9.133,31.338,29.1,7
2026-08-22T11:29:20,6143.4,7.9,1.06,1.58,16,9.137,31.338,29.2,7
2026-08-22T11:29:22,6145.4,8.0,1.13,1.59,16,9.138,31.338,29.2,7
2026-08-22T11:29:24,6147.4,8.0,1.13,1.59,16,9.138,31.338,29.2,7
2026-08-22T11:29:26,6149.4,8.0,1.13,1.59,16,9.138,31.338,29.2,7
2026-08-22T11:29:28,6151.4,8.0,1.12,1.58,16,9.138,31.338,29.2,7
2026-08-22T11:29:30,6153.4,8.0,1.12,1.58,16,9.138,31.338,29.2,7
2026-08-22T11:29:32,6155.4,8.0,1.11,1.57,16,9.138,31.338,29.2,7
2026-08-22T11:29:34,6157.4,8.0,1.11,1.57,16,9.138,31.338,29.2,7
2026-08-22T11:29:36,6159.4,8.0,1.11,1.57,16,9.138,31.338,29.2,7
2026-08-22T11:29:38,6161.4,8.0,1.1,1.56,16,9.139,31.338,29.2,7
2026-08-22T11:29:40,6163.4,7.9,1.1,1.56,16,9.139,31.338,29.2,7
2026-08-22T11:29:42,6165.4,8.0,1.09,1.55,16,9.139,31.338,29.2,7
2026-08-22T11:29:44,6167.4,8.0,1.09,1.55,16,9.139,31.338,29.2,7
2026-08-22T11:29:46,6169.4,8.0,1.09,1.55,16,9.139,31.338,29.2,7
2026-08-22T11:29:48,6171.4,7.9,1.09,1.54,16,9.138,31.338,29.2,7
2026-08-22T11:29:50,6173.4,8.0,1.09,1.54,16,9.139,31.338,29.2,7
2026-08-22T11:29:52,6175.4,7.9,1.08,1.53,16,9.139,31.338,29.2,7
2026-08-22T11:29:54,6177.4,8.0,1.08,1.53,16,9.139,31.338,29.2,7
2026-08-22T11:29:56,6179.4,8.0,1.08,1.53,16,9.139,31.338,29.2,7
2026-08-22T11:29:58,6181.4,7.9,1.07,1.52,16,9.139,31.338,29.2,7
2026-08-22T11:30:00,6183.4,8.1,1.07,1.52,16,9.139,31.338,29.2,7
2026-08-22T11:30:02,6185.4,8.0,1.07,1.51,16,9.139,31.338,29.2,7
2026-08-22T11:30:04,6187.4,7.8,1.07,1.51,16,9.139,31.338,29.2,7
2026-08-22T11:30:06,6189.4,8.0,1.07,1.51,16,9.169,31.338,29.3,7
2026-08-22T11:30:08,6191.4,8.2,1.14,1.52,16,9.169,31.338,29.3,7
2026-08-22T11:30:10,6193.4,8.1,1.14,1.52,16,9.167,31.338,29.3,7
2026-08-22T11:30:12,6195.4,8.1,1.13,1.51,16,9.162,31.338,29.2,7
2026-08-22T11:30:14,6197.4,8.1,1.13,1.51,16,9.158,31.338,29.2,7
2026-08-22T11:30:16,6199.4,8.1,1.13,1.51,16,9.157,31.338,29.2,7
2026-08-22T11:30:18,6201.4,8.1,1.12,1.5,16,9.157,31.338,29.2,7
2026-08-22T11:30:20,6203.4,8.0,1.12,1.5,16,9.157,31.338,29.2,7
2026-08-22T11:30:22,6205.4,8.0,1.11,1.5,16,9.157,31.338,29.2,7
2026-08-22T11:30:24,6207.4,8.0,1.11,1.5,16,9.157,31.338,29.2,7
2026-08-22T11:30:26,6209.4,8.0,1.11,1.5,16,9.157,31.338,29.2,7
2026-08-22T11:30:28,6211.4,7.8,1.1,1.49,16,9.157,31.338,29.2,7
2026-08-22T11:30:30,6213.4,8.0,1.1,1.49,16,9.155,31.338,29.2,7
2026-08-22T11:30:32,6215.4,8.1,1.17,1.5,16,9.155,31.338,29.2,7
2026-08-22T11:30:34,6217.4,7.9,1.17,1.5,16,9.155,31.338,29.2,7
2026-08-22T11:30:36,6219.4,8.0,1.17,1.5,16,9.155,31.338,29.2,7
2026-08-22T11:30:38,6221.4,7.9,1.16,1.49,16,9.155,31.338,29.2,7
2026-08-22T11:30:40,6223.4,8.1,1.16,1.49,16,9.155,31.338,29.2,7
2026-08-22T11:30:42,6225.4,7.9,1.15,1.48,16,9.155,31.338,29.2,7
2026-08-22T11:30:44,6227.4,8.0,1.15,1.48,16,9.155,31.338,29.2,7
2026-08-22T11:30:46,6229.4,8.0,1.15,1.48,16,9.155,31.338,29.2,7
2026-08-22T11:30:48,6231.4,8.0,1.13,1.47,16,9.155,31.338,29.2,7
2026-08-22T11:30:50,6233.4,8.0,1.13,1.47,16,9.155,31.338,29.2,7
2026-08-22T11:30:52,6235.4,8.0,1.12,1.46,16,9.155,31.338,29.2,7
2026-08-22T11:30:54,6237.4,7.8,1.12,1.46,16,9.155,31.338,29.2,7
2026-08-22T11:30:56,6239.4,6.6,1.12,1.46,16,9.155,31.338,29.2,7
2026-08-22T11:30:58,6241.4,7.2,1.11,1.46,16,9.155,31.338,29.2,7
2026-08-22T11:31:00,6243.4,8.0,1.11,1.46,16,9.155,31.338,29.2,7
2026-08-22T11:31:02,6245.4,7.9,1.18,1.46,16,9.155,31.338,29.2,7
2026-08-22T11:31:04,6247.4,7.9,1.18,1.46,16,9.155,31.338,29.2,7
2026-08-22T11:31:06,6249.4,8.1,1.18,1.46,16,9.16,31.338,29.2,7
2026-08-22T11:31:08,6251.4,8.1,1.17,1.46,16,9.159,31.338,29.2,7
2026-08-22T11:31:10,6253.4,8.0,1.17,1.46,16,9.159,31.338,29.2,7
2026-08-22T11:31:12,6255.4,7.9,1.16,1.45,16,9.159,31.338,29.2,7
2026-08-22T11:31:14,6257.4,8.0,1.16,1.45,16,9.16,31.338,29.2,7
2026-08-22T11:31:16,6259.4,8.0,1.16,1.45,16,9.16,31.338,29.2,7
2026-08-22T11:31:18,6261.4,8.0,1.14,1.44,16,9.159,31.338,29.2,7
2026-08-22T11:31:20,6263.4,8.0,1.14,1.44,16,9.159,31.338,29.2,7
2026-08-22T11:31:22,6265.4,8.0,1.13,1.43,16,9.159,31.338,29.2,7
2026-08-22T11:31:24,6267.4,7.8,1.13,1.43,16,9.16,31.338,29.2,7
2026-08-22T11:31:26,6269.4,8.0,1.13,1.43,16,9.16,31.338,29.2,7
2026-08-22T11:31:28,6271.4,8.0,1.12,1.43,16,9.159,31.338,29.2,7
2026-08-22T11:31:30,6273.4,8.0,1.12,1.43,16,9.156,31.338,29.2,7
2026-08-22T11:31:32,6275.4,8.0,1.11,1.42,16,9.156,31.338,29.2,7
2026-08-22T11:31:34,6277.4,8.0,1.11,1.42,16,9.156,31.338,29.2,7
2026-08-22T11:31:36,6279.4,8.0,1.11,1.42,16,9.156,31.338,29.2,7
2026-08-22T11:31:38,6281.4,8.0,1.26,1.45,16,9.156,31.338,29.2,7
2026-08-22T11:31:40,6283.4,8.0,1.26,1.45,16,9.156,31.338,29.2,7
2026-08-22T11:31:42,6285.4,8.1,1.24,1.44,16,9.156,31.338,29.2,7
2026-08-22T11:31:44,6287.4,8.0,1.24,1.44,16,9.156,31.338,29.2,7
2026-08-22T11:31:46,6289.4,8.0,1.24,1.44,16,9.156,31.338,29.2,7
2026-08-22T11:31:48,6291.4,8.0,1.3,1.45,16,9.156,31.338,29.2,7
2026-08-22T11:31:50,6293.4,8.0,1.3,1.45,16,9.157,31.338,29.2,7
2026-08-22T11:31:52,6295.4,7.7,1.28,1.44,16,9.157,31.338,29.2,7
2026-08-22T11:31:54,6297.4,8.0,1.28,1.44,16,9.157,31.338,29.2,7
2026-08-22T11:31:56,6299.4,8.0,1.28,1.44,16,9.158,31.338,29.2,7
2026-08-22T11:31:58,6301.4,8.0,1.25,1.43,16,9.158,31.338,29.2,7
2026-08-22T11:32:00,6303.4,8.0,1.25,1.43,16,9.158,31.338,29.2,7
2026-08-22T11:32:02,6305.4,8.0,1.23,1.42,16,9.158,31.338,29.2,7
2026-08-22T11:32:04,6307.4,8.0,1.23,1.42,16,9.158,31.338,29.2,7
2026-08-22T11:32:06,6309.4,8.0,1.23,1.42,16,9.158,31.338,29.2,7
2026-08-22T11:32:08,6311.4,8.0,1.22,1.42,16,9.158,31.338,29.2,7
2026-08-22T11:32:10,6313.4,8.0,1.22,1.42,16,9.158,31.338,29.2,7
2026-08-22T11:32:12,6315.4,8.0,1.2,1.41,16,9.158,31.338,29.2,7
2026-08-22T11:32:14,6317.4,8.0,1.2,1.41,16,9.158,31.338,29.2,7
2026-08-22T11:32:16,6319.4,8.1,1.2,1.41,16,9.158,31.338,29.2,7
2026-08-22T11:32:18,6321.4,8.0,1.18,1.4,16,9.158,31.338,29.2,7
2026-08-22T11:32:20,6323.4,8.0,1.18,1.4,16,9.158,31.338,29.2,7
2026-08-22T11:32:22,6325.4,7.9,1.33,1.43,16,9.158,31.338,29.2,7
2026-08-22T11:32:24,6327.4,8.0,1.33,1.43,16,9.158,31.338,29.2,7
2026-08-22T11:32:26,6329.4,8.0,1.33,1.43,16,9.158,31.338,29.2,7
2026-08-22T11:32:28,6331.4,8.1,1.46,1.46,16,9.158,31.338,29.2,7
2026-08-22T11:32:30,6333.4,7.9,1.46,1.46,16,9.158,31.338,29.2,7
2026-08-22T11:32:32,6335.4,8.0,1.42,1.45,16,9.158,31.338,29.2,7
2026-08-22T11:32:34,6337.4,8.0,1.42,1.45,16,9.158,31.338,29.2,7
2026-08-22T11:32:36,6339.4,8.0,1.42,1.45,16,9.158,31.338,29.2,7
2026-08-22T11:32:38,6341.4,8.1,1.39,1.44,16,9.158,31.338,29.2,7
2026-08-22T11:32:40,6343.4,8.1,1.39,1.44,16,9.158,31.338,29.2,7
2026-08-22T11:32:42,6345.4,8.0,1.36,1.43,16,9.158,31.338,29.2,7
2026-08-22T11:32:44,6347.4,8.0,1.36,1.43,16,9.158,31.338,29.2,7
2026-08-22T11:32:46,6349.4,8.0,1.36,1.43,16,9.158,31.338,29.2,7
2026-08-22T11:32:48,6351.5,8.1,1.33,1.43,16,9.159,31.338,29.2,7
2026-08-22T11:32:50,6353.5,8.0,1.33,1.43,16,9.159,31.338,29.2,7
2026-08-22T11:32:52,6355.5,7.8,1.3,1.42,16,9.159,31.338,29.2,7
2026-08-22T11:32:54,6357.5,7.9,1.3,1.42,16,9.159,31.338,29.2,7
2026-08-22T11:32:56,6359.5,8.0,1.3,1.42,16,9.159,31.338,29.2,7
2026-08-22T11:32:58,6361.5,8.0,1.28,1.41,16,9.154,31.338,29.2,7
2026-08-22T11:33:00,6363.5,7.9,1.28,1.41,16,9.154,31.338,29.2,7
2026-08-22T11:33:02,6365.5,8.0,1.26,1.4,16,9.154,31.338,29.2,7
2026-08-22T11:33:04,6367.5,8.0,1.26,1.4,16,9.154,31.338,29.2,7
2026-08-22T11:33:06,6369.5,8.0,1.26,1.4,16,9.154,31.338,29.2,7
2026-08-22T11:33:08,6371.5,8.1,1.24,1.4,16,9.154,31.338,29.2,7
2026-08-22T11:33:10,6373.5,8.1,1.24,1.4,16,9.154,31.338,29.2,7
2026-08-22T11:33:12,6375.5,8.1,1.22,1.39,16,9.154,31.338,29.2,7
2026-08-22T11:33:14,6377.5,7.8,1.22,1.39,16,9.155,31.338,29.2,7
2026-08-22T11:33:16,6379.5,8.1,1.22,1.39,16,9.155,31.338,29.2,7
2026-08-22T11:33:18,6381.5,8.1,1.2,1.38,16,9.155,31.338,29.2,7
2026-08-22T11:33:20,6383.5,8.0,1.2,1.38,16,9.155,31.338,29.2,7
2026-08-22T11:33:22,6385.5,8.0,1.18,1.38,16,9.155,31.338,29.2,7
2026-08-22T11:33:24,6387.5,7.7,1.18,1.38,16,9.155,31.338,29.2,7
2026-08-22T11:33:26,6389.5,8.0,1.18,1.38,16,9.155,31.338,29.2,7
2026-08-22T11:33:28,6391.5,7.9,1.25,1.39,16,9.155,31.338,29.2,7
2026-08-22T11:33:30,6393.5,8.0,1.25,1.39,16,9.155,31.338,29.2,7
2026-08-22T11:33:32,6395.5,8.0,1.23,1.38,16,9.155,31.338,29.2,7
2026-08-22T11:33:34,6397.5,7.9,1.23,1.38,16,9.155,31.338,29.2,7
2026-08-22T11:33:36,6399.5,8.0,1.23,1.38,16,9.155,31.338,29.2,7
2026-08-22T11:33:38,6401.5,8.1,1.21,1.38,16,9.156,31.338,29.2,7
2026-08-22T11:33:40,6403.5,7.9,1.21,1.38,16,9.156,31.338,29.2,7
2026-08-22T11:33:42,6405.5,8.0,1.19,1.37,16,9.156,31.338,29.2,7
2026-08-22T11:33:44,6407.5,8.0,1.19,1.37,16,9.156,31.338,29.2,7
2026-08-22T11:33:46,6409.5,8.0,1.19,1.37,16,9.156,31.338,29.2,7
2026-08-22T11:33:48,6411.5,7.9,1.26,1.38,16,9.156,31.338,29.2,7
2026-08-22T11:33:50,6413.5,8.0,1.26,1.38,16,9.156,31.338,29.2,7
2026-08-22T11:33:52,6415.5,8.0,1.32,1.39,16,9.156,31.338,29.2,7
2026-08-22T11:33:54,6417.5,7.9,1.32,1.39,16,9.158,31.338,29.2,7
2026-08-22T11:33:56,6419.5,8.0,1.32,1.39,16,9.159,31.338,29.2,7
2026-08-22T11:33:58,6421.5,7.9,1.29,1.38,16,9.159,31.338,29.2,7
2026-08-22T11:34:00,6423.5,7.9,1.29,1.38,16,9.159,31.338,29.2,7
2026-08-22T11:34:02,6425.5,8.1,1.27,1.38,16,9.159,31.338,29.2,7
2026-08-22T11:34:04,6427.5,8.0,1.27,1.38,16,9.159,31.338,29.2,7
2026-08-22T11:34:06,6429.5,8.0,1.27,1.38,16,9.159,31.338,29.2,7
2026-08-22T11:34:08,6431.5,8.1,1.25,1.37,16,9.159,31.338,29.2,7
2026-08-22T11:34:10,6433.5,8.0,1.25,1.37,16,9.159,31.338,29.2,7
2026-08-22T11:34:12,6435.5,8.0,1.23,1.36,16,9.159,31.338,29.2,7
2026-08-22T11:34:14,6437.5,7.7,1.23,1.36,16,9.159,31.338,29.2,7
2026-08-22T11:34:16,6439.5,8.1,1.23,1.36,16,9.159,31.338,29.2,7
2026-08-22T11:34:18,6441.5,8.0,1.21,1.36,16,9.159,31.338,29.2,7
2026-08-22T11:34:20,6443.5,7.9,1.21,1.36,16,9.159,31.338,29.2,7
2026-08-22T11:34:22,6445.5,8.0,1.19,1.35,16,9.159,31.338,29.2,7
2026-08-22T11:34:24,6447.5,8.0,1.19,1.35,16,9.159,31.338,29.2,7
2026-08-22T11:34:26,6449.5,8.0,1.19,1.35,16,9.159,31.338,29.2,7
2026-08-22T11:34:28,6451.5,8.0,1.18,1.35,16,9.159,31.338,29.2,7
2026-08-22T11:34:30,6453.5,8.0,1.18,1.35,16,9.159,31.338,29.2,7
2026-08-22T11:34:32,6455.5,8.0,1.16,1.34,16,9.159,31.338,29.2,7
2026-08-22T11:34:34,6457.5,8.0,1.16,1.34,16,9.159,31.338,29.2,7
2026-08-22T11:34:36,6459.5,8.0,1.16,1.34,16,9.159,31.338,29.2,7
2026-08-22T11:34:38,6461.5,7.9,1.15,1.33,16,9.159,31.338,29.2,7
2026-08-22T11:34:40,6463.5,8.0,1.15,1.33,16,9.159,31.338,29.2,7
2026-08-22T11:34:42,6465.5,7.9,1.3,1.36,16,9.159,31.338,29.2,7
2026-08-22T11:34:44,6467.5,7.9,1.3,1.36,16,9.159,31.338,29.2,7
2026-08-22T11:34:46,6469.5,7.7,1.3,1.36,16,9.159,31.338,29.2,7
2026-08-22T11:34:48,6471.5,7.9,1.27,1.35,16,9.159,31.338,29.2,7
2026-08-22T11:34:50,6473.5,8.0,1.27,1.35,16,9.159,31.338,29.2,7
2026-08-22T11:34:52,6475.5,8.0,1.25,1.35,16,9.159,31.338,29.2,7
2026-08-22T11:34:54,6477.5,8.0,1.25,1.35,16,9.159,31.338,29.2,7
2026-08-22T11:34:56,6479.5,8.0,1.25,1.35,16,9.159,31.338,29.2,7
2026-08-22T11:34:58,6481.5,8.0,1.31,1.36,16,9.159,31.338,29.2,7
2026-08-22T11:35:00,6483.5,8.1,1.31,1.36,16,9.159,31.338,29.2,7
2026-08-22T11:35:02,6485.5,8.0,1.53,1.4,16,9.159,31.338,29.2,7
2026-08-22T11:35:04,6487.5,8.0,1.53,1.4,16,9.159,31.338,29.2,7
2026-08-22T11:35:06,6489.5,8.0,1.53,1.4,16,9.159,31.338,29.2,7
2026-08-22T11:35:08,6491.5,8.0,1.48,1.4,16,9.159,31.338,29.2,7
2026-08-22T11:35:10,6493.5,8.0,1.48,1.4,16,9.159,31.338,29.2,7
2026-08-22T11:35:12,6495.5,7.9,1.44,1.39,16,9.159,31.338,29.2,7
2026-08-22T11:35:14,6497.5,7.9,1.44,1.39,16,9.159,31.338,29.2,7
2026-08-22T11:35:16,6499.5,8.0,1.44,1.39,16,9.159,31.338,29.2,7
2026-08-22T11:35:18,6501.5,8.0,1.41,1.38,16,9.159,31.338,29.2,7
2026-08-22T11:35:20,6503.5,8.0,1.41,1.38,16,9.159,31.338,29.2,7
2026-08-22T11:35:22,6505.5,8.1,1.46,1.39,16,9.159,31.338,29.2,7
2026-08-22T11:35:24,6507.5,8.1,1.46,1.39,16,9.16,31.338,29.2,7
2026-08-22T11:35:26,6509.5,8.1,1.46,1.39,16,9.16,31.338,29.2,7
2026-08-22T11:35:28,6511.5,8.0,1.42,1.39,16,9.16,31.338,29.2,7
2026-08-22T11:35:30,6513.5,8.0,1.42,1.39,16,9.16,31.338,29.2,7
2026-08-22T11:35:32,6515.5,6.8,1.39,1.38,16,9.16,31.338,29.2,7
2026-08-22T11:35:34,6517.5,7.1,1.39,1.38,16,9.16,31.338,29.2,7
2026-08-22T11:35:36,6519.5,8.0,1.39,1.38,16,9.16,31.338,29.2,7
2026-08-22T11:35:38,6521.5,7.9,1.44,1.39,16,9.16,31.338,29.2,7
2026-08-22T11:35:40,6523.5,7.8,1.44,1.39,16,9.16,31.338,29.2,7
2026-08-22T11:35:42,6525.5,8.0,1.4,1.38,16,9.16,31.338,29.2,7
2026-08-22T11:35:44,6527.5,8.0,1.4,1.38,16,9.16,31.338,29.2,7
2026-08-22T11:35:46,6529.5,8.0,1.4,1.38,16,9.16,31.338,29.2,7
2026-08-22T11:35:48,6531.5,8.0,1.37,1.38,16,9.16,31.338,29.2,7
2026-08-22T11:35:50,6533.5,8.0,1.37,1.38,16,9.16,31.338,29.2,7
2026-08-22T11:35:52,6535.5,7.9,1.34,1.37,16,9.16,31.338,29.2,7
2026-08-22T11:35:54,6537.5,8.0,1.34,1.37,16,9.159,31.338,29.2,7
2026-08-22T11:35:56,6539.5,8.0,1.34,1.37,16,9.159,31.338,29.2,7
2026-08-22T11:35:58,6541.5,8.0,1.31,1.36,16,9.159,31.338,29.2,7
2026-08-22T11:36:00,6543.5,7.9,1.31,1.36,16,9.159,31.338,29.2,7
2026-08-22T11:36:02,6545.5,8.0,1.29,1.36,16,9.159,31.338,29.2,7
2026-08-22T11:36:04,6547.5,7.9,1.29,1.36,16,9.159,31.338,29.2,7
2026-08-22T11:36:06,6549.5,8.0,1.29,1.36,16,9.159,31.338,29.2,7
2026-08-22T11:36:08,6551.5,8.0,1.34,1.37,16,9.159,31.338,29.2,7
2026-08-22T11:36:10,6553.5,7.9,1.34,1.37,16,9.159,31.338,29.2,7
2026-08-22T11:36:12,6555.5,7.8,1.32,1.36,16,9.159,31.338,29.2,7
2026-08-22T11:36:14,6557.5,8.0,1.32,1.36,16,9.16,31.338,29.2,7
2026-08-22T11:36:16,6559.5,8.0,1.32,1.36,16,9.16,31.338,29.2,7
2026-08-22T11:36:18,6561.5,8.1,1.29,1.36,16,9.16,31.338,29.2,7
2026-08-22T11:36:20,6563.5,8.0,1.29,1.36,16,9.16,31.338,29.2,7
2026-08-22T11:36:22,6565.5,8.0,1.27,1.35,16,9.16,31.338,29.2,7
2026-08-22T11:36:24,6567.5,8.1,1.27,1.35,16,9.16,31.338,29.2,7
2026-08-22T11:36:26,6569.5,8.0,1.27,1.35,16,9.16,31.338,29.2,7
2026-08-22T11:36:28,6571.5,7.9,1.25,1.34,16,9.161,31.338,29.2,7
2026-08-22T11:36:30,6573.5,8.1,1.25,1.34,16,9.161,31.338,29.2,7
2026-08-22T11:36:32,6575.5,8.0,1.23,1.34,16,9.161,31.338,29.2,7
2026-08-22T11:36:34,6577.5,8.0,1.23,1.34,16,9.161,31.338,29.2,7
2026-08-22T11:36:36,6579.5,8.0,1.23,1.34,16,9.161,31.338,29.2,7
2026-08-22T11:36:38,6581.5,8.0,1.21,1.33,16,9.161,31.338,29.2,7
2026-08-22T11:36:40,6583.5,8.0,1.21,1.33,16,9.161,31.338,29.2,7
2026-08-22T11:36:42,6585.5,8.1,1.19,1.33,16,9.161,31.338,29.2,7
2026-08-22T11:36:44,6587.5,8.0,1.19,1.33,16,9.161,31.338,29.2,7
2026-08-22T11:36:46,6589.5,8.1,1.19,1.33,16,9.161,31.338,29.2,7
2026-08-22T11:36:48,6591.5,8.0,1.17,1.32,16,9.161,31.338,29.2,7
2026-08-22T11:36:50,6593.5,8.1,1.17,1.32,16,9.161,31.338,29.2,7
2026-08-22T11:36:52,6595.5,8.0,1.16,1.31,16,9.161,31.338,29.2,7
2026-08-22T11:36:54,6597.5,8.0,1.16,1.31,16,9.161,31.338,29.2,7
2026-08-22T11:36:56,6599.5,8.1,1.16,1.31,16,9.161,31.338,29.2,7
2026-08-22T11:36:58,6601.5,8.0,1.15,1.31,16,9.162,31.338,29.2,7
2026-08-22T11:37:00,6603.5,7.9,1.15,1.31,16,9.162,31.338,29.2,7
2026-08-22T11:37:02,6605.5,7.8,1.22,1.32,16,9.162,31.338,29.2,7
2026-08-22T11:37:04,6607.5,8.0,1.22,1.32,16,9.162,31.338,29.2,7
2026-08-22T11:37:06,6609.5,8.1,1.22,1.32,16,9.162,31.338,29.2,7
2026-08-22T11:37:08,6611.5,8.0,1.2,1.32,16,9.162,31.338,29.2,7
2026-08-22T11:37:10,6613.5,8.0,1.2,1.32,16,9.162,31.338,29.2,7
2026-08-22T11:37:12,6615.5,8.0,1.26,1.33,16,9.162,31.338,29.2,7
2026-08-22T11:37:14,6617.5,8.0,1.26,1.33,16,9.162,31.338,29.2,7
2026-08-22T11:37:16,6619.5,7.9,1.26,1.33,16,9.162,31.338,29.2,7
2026-08-22T11:37:18,6621.5,7.9,1.24,1.32,16,9.163,31.338,29.2,7
2026-08-22T11:37:20,6623.5,8.0,1.24,1.32,16,9.163,31.338,29.2,7
2026-08-22T11:37:22,6625.5,8.0,1.3,1.33,16,9.163,31.338,29.2,7
2026-08-22T11:37:24,6627.5,8.0,1.3,1.33,16,9.163,31.338,29.2,7
2026-08-22T11:37:26,6629.5,8.0,1.3,1.33,16,9.163,31.338,29.2,7
2026-08-22T11:37:28,6631.5,8.1,1.28,1.33,16,9.163,31.338,29.2,7
2026-08-22T11:37:30,6633.5,8.3,1.28,1.33,16,9.163,31.338,29.2,7
2026-08-22T11:37:32,6635.5,8.1,1.34,1.34,16,9.163,31.338,29.2,7
2026-08-22T11:37:34,6637.5,7.7,1.34,1.34,16,9.163,31.338,29.2,7
2026-08-22T11:37:36,6639.5,8.0,1.34,1.34,16,9.163,31.338,29.2,7
2026-08-22T11:37:38,6641.5,8.0,1.39,1.35,16,9.164,31.338,29.2,7
2026-08-22T11:37:40,6643.5,8.1,1.39,1.35,16,9.164,31.338,29.2,7
2026-08-22T11:37:42,6645.5,8.2,1.36,1.34,16,9.166,31.338,29.2,7
2026-08-22T11:37:44,6647.5,8.2,1.36,1.34,16,9.168,31.338,29.3,7
2026-08-22T11:37:46,6649.5,8.2,1.36,1.34,16,9.168,31.338,29.3,7
2026-08-22T11:37:48,6651.5,8.1,1.33,1.34,16,9.168,31.338,29.3,7
2026-08-22T11:37:50,6653.5,8.1,1.33,1.34,16,9.168,31.338,29.3,7
2026-08-22T11:37:52,6655.5,7.7,1.38,1.35,16,9.168,31.338,29.3,7
2026-08-22T11:37:54,6657.5,6.5,1.38,1.35,16,9.168,31.338,29.3,7
2026-08-22T11:37:56,6659.5,6.5,1.38,1.35,16,9.17,31.338,29.3,7
2026-08-22T11:37:58,6661.5,6.5,1.35,1.34,16,9.17,31.338,29.3,7
2026-08-22T11:38:00,6663.5,6.5,1.35,1.34,16,9.17,31.338,29.3,7
2026-08-22T11:38:02,6665.5,6.5,1.32,1.34,16,9.17,31.338,29.3,7
2026-08-22T11:38:04,6667.5,6.5,1.32,1.34,16,9.17,31.338,29.3,7
2026-08-22T11:38:06,6669.5,6.6,1.32,1.34,16,9.17,31.338,29.3,7
2026-08-22T11:38:08,6671.5,6.5,1.3,1.33,16,9.17,31.338,29.3,7
2026-08-22T11:38:10,6673.5,6.5,1.3,1.33,16,9.17,31.338,29.3,7
2026-08-22T11:38:12,6675.5,6.5,1.27,1.33,16,9.17,31.338,29.3,7
2026-08-22T11:38:14,6677.5,6.5,1.27,1.33,16,9.172,31.338,29.3,7
2026-08-22T11:38:16,6679.5,6.5,1.27,1.33,16,9.171,31.338,29.3,7
2026-08-22T11:38:18,6681.5,6.5,1.25,1.32,16,9.748,31.338,31.1,7
2026-08-22T11:38:20,6683.5,6.5,1.25,1.32,16,10.732,31.338,34.2,7
2026-08-22T11:38:22,6685.5,6.5,1.23,1.31,16,15.322,31.338,48.9,7
2026-08-22T11:38:24,6687.5,6.6,1.23,1.31,16,15.182,31.338,48.4,7
2026-08-22T11:38:26,6689.5,6.5,1.23,1.31,16,15.172,31.338,48.4,7
2026-08-22T11:38:28,6691.5,6.5,1.29,1.33,16,15.189,31.338,48.5,7
2026-08-22T11:38:30,6693.5,6.5,1.29,1.33,16,15.158,31.338,48.4,7
2026-08-22T11:38:32,6695.5,6.5,1.27,1.32,16,15.188,31.338,48.5,7
2026-08-22T11:38:34,6697.5,6.5,1.27,1.32,16,15.219,31.338,48.6,7
2026-08-22T11:38:36,6699.5,6.5,1.27,1.32,16,15.207,31.338,48.5,7
2026-08-22T11:38:38,6701.5,6.5,1.25,1.32,16,15.238,31.338,48.6,7
2026-08-22T11:38:40,6703.5,6.4,1.25,1.32,16,15.224,31.338,48.6,7
2026-08-22T11:38:42,6705.5,6.5,1.23,1.31,16,15.247,31.338,48.7,7
2026-08-22T11:38:44,6707.5,6.6,1.23,1.31,16,15.277,31.338,48.8,7
2026-08-22T11:38:46,6709.5,6.5,1.23,1.31,16,15.299,31.338,48.8,7
2026-08-22T11:38:48,6711.5,6.5,1.21,1.3,16,15.329,31.338,48.9,7
2026-08-22T11:38:50,6713.5,6.5,1.21,1.3,16,15.35,31.338,49.0,7
2026-08-22T11:38:52,6715.5,6.5,1.19,1.3,16,15.381,31.338,49.1,7
2026-08-22T11:38:54,6717.5,6.6,1.19,1.3,16,15.412,31.338,49.2,7
2026-08-22T11:38:56,6719.5,6.5,1.19,1.3,16,15.444,31.338,49.3,7
2026-08-22T11:38:58,6721.5,6.5,1.18,1.29,16,15.474,31.338,49.4,7
2026-08-22T11:39:00,6723.5,6.5,1.18,1.29,16,15.505,31.338,49.5,7
2026-08-22T11:39:02,6725.5,6.5,1.16,1.29,16,15.536,31.338,49.6,7
2026-08-22T11:39:04,6727.5,6.5,1.16,1.29,16,15.559,31.338,49.6,7
2026-08-22T11:39:06,6729.5,6.5,1.16,1.29,16,15.59,31.338,49.7,7
2026-08-22T11:39:08,6731.5,6.5,1.15,1.28,16,15.62,31.338,49.8,7
2026-08-22T11:39:10,6733.5,6.5,1.15,1.28,16,15.659,31.338,50.0,7
2026-08-22T11:39:12,6735.5,6.5,1.14,1.28,16,15.689,31.338,50.1,7
2026-08-22T11:39:14,6737.5,6.5,1.14,1.28,16,15.72,31.338,50.2,7
2026-08-22T11:39:16,6739.5,6.5,1.14,1.28,16,15.751,31.338,50.3,7
2026-08-22T11:39:18,6741.5,6.5,1.13,1.27,16,15.774,31.338,50.3,7
2026-08-22T11:39:20,6743.5,6.5,1.13,1.27,16,15.805,31.338,50.4,7
2026-08-22T11:39:22,6745.5,6.5,1.12,1.27,16,15.836,31.338,50.5,7
2026-08-22T11:39:24,6747.5,6.5,1.12,1.27,16,15.866,31.338,50.6,7
2026-08-22T11:39:26,6749.5,6.5,1.12,1.27,16,15.897,31.338,50.7,7
2026-08-22T11:39:28,6751.5,6.5,1.11,1.26,16,11.526,31.338,36.8,7
2026-08-22T11:39:30,6753.5,6.2,1.11,1.26,16,8.346,31.338,26.6,5
2026-08-22T11:39:32,6755.5,6.5,1.1,1.26,16,8.332,31.338,26.6,5
2026-08-22T11:39:34,6757.5,6.4,1.1,1.26,16,8.326,31.338,26.6,5
2026-08-22T11:39:36,6759.5,6.4,1.1,1.26,16,8.313,31.338,26.5,5
2026-08-22T11:39:38,6761.5,6.5,1.09,1.26,16,8.31,31.338,26.5,5
2026-08-22T11:39:40,6763.5,6.4,1.09,1.26,16,8.304,31.338,26.5,5
2026-08-22T11:39:42,6765.5,6.5,1.08,1.25,16,8.3,31.338,26.5,5
2026-08-22T11:39:44,6767.5,6.5,1.08,1.25,16,8.297,31.338,26.5,5
2026-08-22T11:39:46,6769.5,6.5,1.08,1.25,16,8.294,31.338,26.5,5
2026-08-22T11:39:48,6771.5,6.5,1.08,1.25,16,8.292,31.338,26.5,5
2026-08-22T11:39:50,6773.5,6.5,1.08,1.25,16,8.292,31.338,26.5,5
2026-08-22T11:39:52,6775.5,23.5,1.31,1.29,16,9.72,31.338,31.0,9
2026-08-22T11:39:54,6777.5,19.5,1.31,1.29,16,10.075,31.338,32.1,9
2026-08-22T11:39:56,6779.5,10.5,1.31,1.29,16,10.083,31.338,32.2,9
2026-08-22T11:39:58,6781.5,10.8,1.28,1.29,16,10.081,31.338,32.2,9
2026-08-22T11:40:00,6783.5,10.9,1.28,1.29,16,10.078,31.338,32.2,9
2026-08-22T11:40:02,6785.5,10.9,1.34,1.3,16,10.075,31.338,32.2,9
2026-08-22T11:40:04,6787.5,10.9,1.34,1.3,16,10.075,31.338,32.1,9
2026-08-22T11:40:06,6789.5,10.9,1.34,1.3,16,10.071,31.338,32.1,9
2026-08-22T11:40:08,6791.5,10.7,1.48,1.33,16,10.071,31.338,32.1,9
2026-08-22T11:40:10,6793.6,10.7,1.48,1.33,16,10.072,31.338,32.1,9
2026-08-22T11:40:12,6795.6,10.4,1.44,1.32,16,10.069,31.338,32.1,9
2026-08-22T11:40:14,6797.6,9.3,1.44,1.32,16,10.058,31.338,32.1,9
2026-08-22T11:40:16,6799.6,10.6,1.44,1.32,16,10.046,31.338,32.1,9
2026-08-22T11:40:18,6801.6,10.5,1.64,1.37,16,10.037,31.338,32.0,9
2026-08-22T11:40:20,6803.6,10.4,1.64,1.37,16,10.035,31.338,32.0,9
2026-08-22T11:40:22,6805.6,10.6,1.75,1.4,16,10.034,31.338,32.0,9
2026-08-22T11:40:24,6807.6,10.6,1.75,1.4,16,10.034,31.338,32.0,9
2026-08-22T11:40:26,6809.6,10.7,1.75,1.4,16,10.034,31.338,32.0,9
2026-08-22T11:40:28,6811.6,10.7,1.93,1.44,16,10.034,31.338,32.0,9
2026-08-22T11:40:30,6813.6,10.4,1.93,1.44,16,10.034,31.338,32.0,9
2026-08-22T11:40:32,6815.6,10.8,1.86,1.43,16,10.034,31.338,32.0,9
2026-08-22T11:40:34,6817.6,10.9,1.86,1.43,16,10.034,31.338,32.0,9
2026-08-22T11:40:36,6819.6,10.8,1.86,1.43,16,10.034,31.338,32.0,9
2026-08-22T11:40:38,6821.6,10.5,2.03,1.47,16,10.034,31.338,32.0,9
2026-08-22T11:40:40,6823.6,10.3,2.03,1.47,16,10.034,31.338,32.0,9
2026-08-22T11:40:42,6825.6,10.4,1.95,1.47,16,10.034,31.338,32.0,9
2026-08-22T11:40:44,6827.6,10.3,1.95,1.47,16,10.035,31.338,32.0,9
2026-08-22T11:40:46,6829.6,10.4,1.95,1.47,16,10.035,31.338,32.0,9
2026-08-22T11:40:48,6831.6,9.9,1.87,1.46,16,10.035,31.338,32.0,9
2026-08-22T11:40:50,6833.6,10.2,1.87,1.46,16,10.035,31.338,32.0,9
2026-08-22T11:40:52,6835.6,10.3,1.8,1.45,16,10.035,31.338,32.0,9
2026-08-22T11:40:54,6837.6,10.3,1.8,1.45,16,10.035,31.338,32.0,9
2026-08-22T11:40:56,6839.6,10.3,1.8,1.45,16,10.035,31.338,32.0,9
2026-08-22T11:40:58,6841.6,10.3,1.82,1.46,16,10.035,31.338,32.0,9
2026-08-22T11:41:00,6843.6,10.5,1.82,1.46,16,10.036,31.338,32.0,9
2026-08-22T11:41:02,6845.6,10.7,1.83,1.47,16,10.036,31.338,32.0,9
2026-08-22T11:41:04,6847.6,10.7,1.83,1.47,16,10.034,31.338,32.0,9
2026-08-22T11:41:06,6849.6,10.5,1.83,1.47,16,10.034,31.338,32.0,9
2026-08-22T11:41:08,6851.6,10.4,1.76,1.46,16,10.034,31.338,32.0,9
2026-08-22T11:41:10,6853.6,8.0,1.76,1.46,16,10.035,31.338,32.0,9
2026-08-22T11:41:12,6855.6,7.4,1.7,1.45,16,10.035,31.338,32.0,9
2026-08-22T11:41:14,6857.6,10.5,1.7,1.45,16,10.035,31.338,32.0,9
2026-08-22T11:41:16,6859.6,10.6,1.7,1.45,16,10.035,31.338,32.0,9
2026-08-22T11:41:18,6861.6,10.4,1.65,1.45,16,10.036,31.338,32.0,9
2026-08-22T11:41:20,6863.6,10.4,1.65,1.45,16,10.036,31.338,32.0,9
2026-08-22T11:41:22,6865.6,10.7,1.59,1.44,16,10.036,31.338,32.0,9
2026-08-22T11:41:24,6867.6,10.9,1.59,1.44,16,10.032,31.338,32.0,9
2026-08-22T11:41:26,6869.6,10.3,1.59,1.44,16,10.032,31.338,32.0,9
2026-08-22T11:41:28,6871.6,10.6,1.55,1.43,16,10.032,31.338,32.0,9
2026-08-22T11:41:30,6873.6,10.6,1.55,1.43,16,10.032,31.338,32.0,9
2026-08-22T11:41:32,6875.6,10.6,1.5,1.42,16,10.093,31.338,32.2,9
2026-08-22T11:41:34,6877.6,10.5,1.5,1.42,16,10.09,31.338,32.2,9
2026-08-22T11:41:36,6879.6,10.6,1.5,1.42,16,10.08,31.338,32.2,9
2026-08-22T11:41:38,6881.6,10.6,1.46,1.42,16,10.072,31.338,32.1,9
2026-08-22T11:41:40,6883.6,10.5,1.46,1.42,16,10.065,31.338,32.1,9
2026-08-22T11:41:42,6885.6,10.4,1.42,1.41,16,10.066,31.338,32.1,9
2026-08-22T11:41:44,6887.6,10.6,1.42,1.41,16,10.065,31.338,32.1,9
2026-08-22T11:41:46,6889.6,10.6,1.42,1.41,16,10.065,31.338,32.1,9
2026-08-22T11:41:48,6891.6,10.3,1.39,1.4,16,10.065,31.338,32.1,9
2026-08-22T11:41:50,6893.6,10.5,1.39,1.4,16,10.065,31.338,32.1,9
2026-08-22T11:41:52,6895.6,10.5,1.36,1.39,16,10.065,31.338,32.1,9
2026-08-22T11:41:54,6897.6,10.6,1.36,1.39,16,10.065,31.338,32.1,9
2026-08-22T11:41:56,6899.6,10.2,1.36,1.39,16,10.065,31.338,32.1,9
2026-08-22T11:41:58,6901.6,10.2,1.33,1.39,16,10.065,31.338,32.1,9
2026-08-22T11:42:00,6903.6,10.4,1.33,1.39,16,10.066,31.338,32.1,9
2026-08-22T11:42:02,6905.6,10.5,1.3,1.38,16,10.066,31.338,32.1,9
2026-08-22T11:42:04,6907.6,10.5,1.3,1.38,16,10.066,31.338,32.1,9
2026-08-22T11:42:06,6909.6,10.3,1.3,1.38,16,10.061,31.338,32.1,9
2026-08-22T11:42:08,6911.6,9.6,1.28,1.37,16,10.062,31.338,32.1,9
2026-08-22T11:42:10,6913.6,10.5,1.28,1.37,16,10.062,31.338,32.1,9
2026-08-22T11:42:12,6915.6,10.2,1.26,1.37,16,10.062,31.338,32.1,9
2026-08-22T11:42:14,6917.6,10.2,1.26,1.37,16,10.062,31.338,32.1,9
2026-08-22T11:42:16,6919.6,10.3,1.26,1.37,16,10.063,31.338,32.1,9
2026-08-22T11:42:18,6921.6,10.3,1.24,1.36,16,10.063,31.338,32.1,9
2026-08-22T11:42:20,6923.6,10.2,1.24,1.36,16,10.064,31.338,32.1,9
2026-08-22T11:42:22,6925.6,10.5,1.22,1.36,16,10.064,31.338,32.1,9
2026-08-22T11:42:24,6927.6,10.5,1.22,1.36,16,10.063,31.338,32.1,9
2026-08-22T11:42:26,6929.6,10.4,1.22,1.36,16,10.064,31.338,32.1,9
2026-08-22T11:42:28,6931.6,7.6,1.36,1.38,16,10.064,31.338,32.1,9
2026-08-22T11:42:30,6933.6,7.8,1.36,1.38,16,10.064,31.338,32.1,9
2026-08-22T11:42:32,6935.6,10.2,1.65,1.44,16,10.064,31.338,32.1,9
2026-08-22T11:42:34,6937.6,10.4,1.65,1.44,16,10.064,31.338,32.1,9
2026-08-22T11:42:36,6939.6,10.5,1.65,1.44,16,10.064,31.338,32.1,9
2026-08-22T11:42:38,6941.6,10.4,1.6,1.44,16,10.064,31.338,32.1,9
2026-08-22T11:42:40,6943.6,10.6,1.6,1.44,16,10.064,31.338,32.1,9
2026-08-22T11:42:42,6945.6,10.9,1.55,1.43,16,10.065,31.338,32.1,9
2026-08-22T11:42:44,6947.6,10.6,1.55,1.43,16,10.064,31.338,32.1,9
2026-08-22T11:42:46,6949.6,10.3,1.55,1.43,16,10.064,31.338,32.1,9
2026-08-22T11:42:48,6951.6,10.4,1.51,1.42,16,10.064,31.338,32.1,9
2026-08-22T11:42:50,6953.6,10.2,1.51,1.42,16,10.066,31.338,32.1,9
2026-08-22T11:42:52,6955.6,10.2,1.47,1.41,16,10.061,31.338,32.1,9
2026-08-22T11:42:54,6957.6,9.7,1.47,1.41,16,10.061,31.338,32.1,9
2026-08-22T11:42:56,6959.6,10.5,1.47,1.41,16,10.061,31.338,32.1,9
2026-08-22T11:42:58,6961.6,10.8,1.67,1.46,16,10.061,31.338,32.1,9
2026-08-22T11:43:00,6963.6,10.7,1.67,1.46,16,10.061,31.338,32.1,9
2026-08-22T11:43:02,6965.6,10.4,1.61,1.45,16,10.061,31.338,32.1,9
2026-08-22T11:43:04,6967.6,10.4,1.61,1.45,16,10.061,31.338,32.1,9
2026-08-22T11:43:06,6969.6,10.3,1.61,1.45,16,10.061,31.338,32.1,9
2026-08-22T11:43:08,6971.6,10.3,1.57,1.44,16,10.061,31.338,32.1,9
2026-08-22T11:43:10,6973.6,10.3,1.57,1.44,16,10.062,31.338,32.1,9
2026-08-22T11:43:12,6975.6,10.2,1.52,1.43,16,10.061,31.338,32.1,9
2026-08-22T11:43:14,6977.6,10.4,1.52,1.43,16,10.061,31.338,32.1,9
2026-08-22T11:43:16,6979.6,10.3,1.52,1.43,16,10.061,31.338,32.1,9
2026-08-22T11:43:18,6981.6,10.4,1.8,1.49,16,10.061,31.338,32.1,9
2026-08-22T11:43:20,6983.6,10.2,1.8,1.49,16,10.061,31.338,32.1,9
2026-08-22T11:43:22,6985.6,10.3,1.73,1.48,16,10.062,31.338,32.1,9
2026-08-22T11:43:24,6987.6,9.8,1.73,1.48,16,10.061,31.338,32.1,9
2026-08-22T11:43:26,6989.6,10.2,1.73,1.48,16,10.062,31.338,32.1,9
2026-08-22T11:43:28,6991.6,10.4,1.68,1.48,16,10.062,31.338,32.1,9
2026-08-22T11:43:30,6993.6,10.4,1.68,1.48,16,10.062,31.338,32.1,9
2026-08-22T11:43:32,6995.6,10.4,1.62,1.47,16,10.062,31.338,32.1,9
2026-08-22T11:43:34,6997.6,10.4,1.62,1.47,16,10.062,31.338,32.1,9
2026-08-22T11:43:36,6999.6,10.3,1.62,1.47,16,10.062,31.338,32.1,9
2026-08-22T11:43:38,7001.6,10.4,1.57,1.46,16,10.062,31.338,32.1,9
2026-08-22T11:43:40,7003.6,10.3,1.57,1.46,16,10.062,31.338,32.1,9
2026-08-22T11:43:42,7005.6,10.4,1.53,1.45,16,10.062,31.338,32.1,9
2026-08-22T11:43:44,7007.6,10.4,1.53,1.45,16,10.062,31.338,32.1,9
2026-08-22T11:43:46,7009.6,10.2,1.53,1.45,16,10.062,31.338,32.1,9
2026-08-22T11:43:48,7011.6,6.5,1.48,1.44,16,10.061,31.338,32.1,9
2026-08-22T11:43:50,7013.6,8.8,1.48,1.44,16,10.061,31.338,32.1,9
2026-08-22T11:43:52,7015.6,10.4,1.6,1.47,16,10.061,31.338,32.1,9
2026-08-22T11:43:54,7017.6,10.2,1.6,1.47,16,10.061,31.338,32.1,9
2026-08-22T11:43:56,7019.6,10.4,1.6,1.47,16,10.061,31.338,32.1,9
2026-08-22T11:43:58,7021.6,10.3,1.56,1.46,16,10.061,31.338,32.1,9
2026-08-22T11:44:00,7023.6,10.2,1.56,1.46,16,10.058,31.338,32.1,9
2026-08-22T11:44:02,7025.6,10.6,1.51,1.45,16,10.058,31.338,32.1,9
2026-08-22T11:44:04,7027.6,10.5,1.51,1.45,16,10.058,31.338,32.1,9
2026-08-22T11:44:06,7029.6,10.2,1.51,1.45,16,10.059,31.338,32.1,9
2026-08-22T11:44:08,7031.6,10.3,1.47,1.45,16,10.059,31.338,32.1,9
2026-08-22T11:44:10,7033.6,10.1,1.47,1.45,16,10.059,31.338,32.1,9
2026-08-22T11:44:12,7035.6,10.0,1.51,1.46,16,10.059,31.338,32.1,9
2026-08-22T11:44:14,7037.6,10.2,1.51,1.46,16,10.057,31.338,32.1,9
2026-08-22T11:44:16,7039.6,10.3,1.51,1.46,16,10.057,31.338,32.1,9
2026-08-22T11:44:18,7041.6,10.5,1.47,1.45,16,10.057,31.338,32.1,9
2026-08-22T11:44:20,7043.6,10.3,1.47,1.45,16,10.058,31.338,32.1,9
2026-08-22T11:44:22,7045.6,10.3,1.43,1.44,16,10.058,31.338,32.1,9
2026-08-22T11:44:24,7047.6,10.3,1.43,1.44,16,10.058,31.338,32.1,9
2026-08-22T11:44:26,7049.6,10.5,1.43,1.44,16,10.058,31.338,32.1,9
2026-08-22T11:44:28,7051.6,10.3,1.64,1.48,16,10.058,31.338,32.1,9
2026-08-22T11:44:30,7053.6,10.5,1.64,1.48,16,10.061,31.338,32.1,9
2026-08-22T11:44:32,7055.6,10.3,1.59,1.48,16,10.061,31.338,32.1,9
2026-08-22T11:44:34,7057.6,10.6,1.59,1.48,16,10.06,31.338,32.1,9
2026-08-22T11:44:36,7059.6,10.4,1.59,1.48,16,10.06,31.338,32.1,9
2026-08-22T11:44:38,7061.6,10.5,1.54,1.47,16,10.06,31.338,32.1,9
2026-08-22T11:44:40,7063.6,10.3,1.54,1.47,16,10.061,31.338,32.1,9
2026-08-22T11:44:42,7065.6,9.7,1.9,1.54,16,10.06,31.338,32.1,9
2026-08-22T11:44:44,7067.6,10.3,1.9,1.54,16,10.06,31.338,32.1,9
2026-08-22T11:44:46,7069.6,10.3,1.9,1.54,16,10.061,31.338,32.1,9
2026-08-22T11:44:48,7071.6,10.4,1.83,1.53,16,10.061,31.338,32.1,9
2026-08-22T11:44:50,7073.6,10.5,1.83,1.53,16,10.061,31.338,32.1,9
2026-08-22T11:44:52,7075.6,10.4,1.76,1.52,16,10.062,31.338,32.1,9
2026-08-22T11:44:54,7077.6,10.3,1.76,1.52,16,10.062,31.338,32.1,9
2026-08-22T11:44:56,7079.6,10.4,1.76,1.52,16,10.062,31.338,32.1,9
2026-08-22T11:44:58,7081.6,10.5,1.78,1.53,16,10.062,31.338,32.1,9
2026-08-22T11:45:00,7083.6,10.5,1.78,1.53,16,10.062,31.338,32.1,9
2026-08-22T11:45:02,7085.6,10.5,1.72,1.52,16,10.059,31.338,32.1,9
2026-08-22T11:45:04,7087.6,10.3,1.72,1.52,16,10.059,31.338,32.1,9
2026-08-22T11:45:06,7089.6,9.7,1.72,1.52,16,10.061,31.338,32.1,9
2026-08-22T11:45:08,7091.6,6.6,1.66,1.51,16,10.061,31.338,32.1,9
2026-08-22T11:45:10,7093.6,6.6,1.66,1.51,16,10.059,31.338,32.1,9
2026-08-22T11:45:12,7095.6,6.5,1.61,1.51,16,10.059,31.338,32.1,9
2026-08-22T11:45:14,7097.6,6.6,1.61,1.51,16,10.059,31.338,32.1,9
2026-08-22T11:45:16,7099.6,6.6,1.61,1.51,16,10.059,31.338,32.1,9
2026-08-22T11:45:18,7101.6,6.6,1.64,1.51,16,10.12,31.338,32.3,9
2026-08-22T11:45:20,7103.6,6.5,1.64,1.51,16,11.096,31.338,35.4,9
2026-08-22T11:45:22,7105.6,6.5,1.59,1.5,16,12.073,31.338,38.5,9
2026-08-22T11:45:24,7107.6,6.5,1.59,1.5,16,16.553,31.338,52.8,9
2026-08-22T11:45:26,7109.6,6.6,1.59,1.5,16,19.574,31.338,62.5,9
2026-08-22T11:45:28,7111.6,6.6,1.54,1.5,16,17.574,31.338,56.1,9
2026-08-22T11:45:30,7113.6,6.5,1.54,1.5,16,17.59,31.338,56.1,9
2026-08-22T11:45:32,7115.6,6.6,1.5,1.49,16,17.613,31.338,56.2,9
2026-08-22T11:45:34,7117.6,6.4,1.5,1.49,16,17.643,31.338,56.3,9
2026-08-22T11:45:36,7119.6,6.5,1.5,1.49,16,17.624,31.338,56.2,9
2026-08-22T11:45:38,7121.6,6.5,1.46,1.48,16,17.655,31.338,56.3,9
2026-08-22T11:45:40,7123.6,6.6,1.46,1.48,16,17.685,31.338,56.4,9
2026-08-22T11:45:42,7125.6,6.6,1.42,1.47,16,17.708,31.338,56.5,9
2026-08-22T11:45:44,7127.6,6.5,1.42,1.47,16,17.739,31.338,56.6,9
2026-08-22T11:45:46,7129.6,6.5,1.42,1.47,16,17.768,31.338,56.7,9
2026-08-22T11:45:48,7131.6,6.6,1.38,1.46,16,17.799,31.338,56.8,9
2026-08-22T11:45:50,7133.6,6.6,1.38,1.46,16,17.759,31.338,56.7,9
2026-08-22T11:45:52,7135.6,6.5,1.35,1.46,16,17.79,31.338,56.8,9
2026-08-22T11:45:54,7137.6,6.5,1.35,1.46,16,17.82,31.338,56.9,9
2026-08-22T11:45:56,7139.6,6.6,1.35,1.46,16,17.851,31.338,57.0,9
2026-08-22T11:45:58,7141.6,6.5,1.33,1.45,16,17.881,31.338,57.1,9
2026-08-22T11:46:00,7143.6,6.6,1.33,1.45,16,17.912,31.338,57.2,9
2026-08-22T11:46:02,7145.6,6.5,1.3,1.44,16,17.906,31.338,57.1,9
2026-08-22T11:46:04,7147.6,6.6,1.3,1.44,16,17.937,31.338,57.2,9
2026-08-22T11:46:06,7149.6,6.5,1.3,1.44,16,17.967,31.338,57.3,9
2026-08-22T11:46:08,7151.6,6.6,1.27,1.43,16,17.998,31.338,57.4,9
2026-08-22T11:46:10,7153.6,6.5,1.27,1.43,16,18.029,31.338,57.5,9
2026-08-22T11:46:12,7155.6,6.5,1.25,1.42,16,18.06,31.338,57.6,9
2026-08-22T11:46:14,7157.6,6.5,1.25,1.42,16,18.09,31.338,57.7,9
2026-08-22T11:46:16,7159.6,6.5,1.25,1.42,16,18.121,31.338,57.8,9
2026-08-22T11:46:18,7161.6,6.6,1.23,1.42,16,18.152,31.338,57.9,9
2026-08-22T11:46:20,7163.6,6.5,1.23,1.42,16,18.183,31.338,58.0,9
2026-08-22T11:46:22,7165.6,6.5,1.21,1.41,16,18.21,31.338,58.1,9
2026-08-22T11:46:24,7167.6,6.5,1.21,1.41,16,18.24,31.338,58.2,9
2026-08-22T11:46:26,7169.6,6.5,1.21,1.41,16,18.271,31.338,58.3,9
2026-08-22T11:46:28,7171.6,6.5,1.2,1.4,16,18.294,31.338,58.4,9
2026-08-22T11:46:30,7173.6,6.5,1.2,1.4,16,18.325,31.338,58.5,9
2026-08-22T11:46:32,7175.6,6.5,1.18,1.4,16,18.356,31.338,58.6,9
2026-08-22T11:46:34,7177.6,6.5,1.18,1.4,16,18.386,31.338,58.7,9
2026-08-22T11:46:36,7179.6,6.6,1.18,1.4,16,18.417,31.338,58.8,9
2026-08-22T11:46:38,7181.6,6.5,1.17,1.39,16,18.448,31.338,58.9,9
2026-08-22T11:46:40,7183.6,6.5,1.17,1.39,16,18.479,31.338,59.0,9
2026-08-22T11:46:42,7185.6,6.5,1.15,1.38,16,18.51,31.338,59.1,9
2026-08-22T11:46:44,7187.6,6.5,1.15,1.38,16,18.517,31.338,59.1,9
2026-08-22T11:46:46,7189.6,4.5,1.15,1.38,16,8.289,31.338,26.4,5
2026-08-22T11:46:48,7191.6,6.6,1.14,1.38,16,8.287,31.338,26.4,5
2026-08-22T11:46:50,7193.6,6.4,1.14,1.38,16,8.287,31.338,26.4,5
2026-08-22T11:46:52,7195.6,6.5,1.13,1.37,16,8.286,31.338,26.4,5
2026-08-22T11:46:54,7197.6,6.5,1.13,1.37,16,8.294,31.338,26.5,5
2026-08-22T11:46:56,7199.6,6.4,1.13,1.37,16,8.293,31.338,26.5,5
2026-08-22T11:46:58,7201.6,6.5,1.12,1.36,16,8.291,31.338,26.5,5
2026-08-22T11:47:00,7203.6,6.4,1.12,1.36,16,8.289,31.338,26.5,5
2026-08-22T11:47:02,7205.6,6.5,1.11,1.36,16,8.289,31.338,26.4,5
2026-08-22T11:47:04,7207.6,6.5,1.11,1.36,16,8.288,31.338,26.4,5
2026-08-22T11:47:06,7209.6,35.7,1.11,1.36,16,10.655,31.338,34.0,13
2026-08-22T11:47:08,7211.6,49.8,1.66,1.47,16,11.747,31.338,37.5,13
2026-08-22T11:47:10,7213.6,14.5,1.66,1.47,16,11.789,31.338,37.6,13
2026-08-22T11:47:12,7215.6,15.6,1.61,1.46,16,11.798,31.338,37.6,13
2026-08-22T11:47:14,7217.6,15.5,1.61,1.46,16,11.799,31.338,37.6,13
2026-08-22T11:47:16,7219.6,15.3,1.61,1.46,16,11.799,31.338,37.7,13
2026-08-22T11:47:18,7221.6,12.6,1.56,1.45,16,11.799,31.338,37.7,13
2026-08-22T11:47:20,7223.6,15.5,1.56,1.45,16,11.8,31.338,37.7,13
2026-08-22T11:47:22,7225.6,15.3,2.07,1.56,16,11.798,31.338,37.6,13
2026-08-22T11:47:24,7227.6,15.0,2.07,1.56,16,11.796,31.338,37.6,13
2026-08-22T11:47:26,7229.6,15.0,2.07,1.56,16,11.795,31.338,37.6,13
2026-08-22T11:47:28,7231.7,15.2,1.99,1.55,16,11.792,31.338,37.6,13
2026-08-22T11:47:30,7233.7,15.4,1.99,1.55,16,11.786,31.338,37.6,13
2026-08-22T11:47:32,7235.7,15.1,1.91,1.54,16,11.774,31.338,37.6,13
2026-08-22T11:47:34,7237.7,15.1,1.91,1.54,16,11.768,31.338,37.6,13
2026-08-22T11:47:36,7239.7,14.9,1.91,1.54,16,11.765,31.338,37.5,13
2026-08-22T11:47:38,7241.7,15.1,1.84,1.53,16,11.765,31.338,37.5,13
2026-08-22T11:47:40,7243.7,15.2,1.84,1.53,16,11.764,31.338,37.5,13
2026-08-22T11:47:42,7245.7,15.3,1.77,1.52,16,11.764,31.338,37.5,13
2026-08-22T11:47:44,7247.7,15.1,1.77,1.52,16,11.764,31.338,37.5,13
2026-08-22T11:47:46,7249.7,13.9,1.77,1.52,16,11.764,31.338,37.5,13
2026-08-22T11:47:48,7251.7,15.1,1.79,1.53,16,11.764,31.338,37.5,13
2026-08-22T11:47:50,7253.7,15.3,1.79,1.53,16,11.764,31.338,37.5,13
2026-08-22T11:47:52,7255.7,15.1,1.72,1.52,16,11.765,31.338,37.5,13
2026-08-22T11:47:54,7257.7,14.1,1.72,1.52,16,11.765,31.338,37.5,13
2026-08-22T11:47:56,7259.7,12.2,1.72,1.52,16,11.766,31.338,37.5,13
2026-08-22T11:47:58,7261.7,15.1,1.67,1.51,16,11.765,31.338,37.5,13
2026-08-22T11:48:00,7263.7,15.1,1.67,1.51,16,11.765,31.338,37.5,13
2026-08-22T11:48:02,7265.7,15.0,1.61,1.5,16,11.765,31.338,37.5,13
2026-08-22T11:48:04,7267.7,15.1,1.61,1.5,16,11.765,31.338,37.5,13
2026-08-22T11:48:06,7269.7,14.9,1.61,1.5,16,11.766,31.338,37.5,13
2026-08-22T11:48:08,7271.7,15.3,1.56,1.5,16,11.766,31.338,37.5,13
2026-08-22T11:48:10,7273.7,15.1,1.56,1.5,16,11.766,31.338,37.5,13
2026-08-22T11:48:12,7275.7,15.1,1.76,1.54,16,11.766,31.338,37.5,13
2026-08-22T11:48:14,7277.7,13.5,1.76,1.54,16,11.766,31.338,37.5,13
2026-08-22T11:48:16,7279.7,15.3,1.76,1.54,16,11.766,31.338,37.5,13
2026-08-22T11:48:18,7281.7,14.9,1.7,1.53,16,11.767,31.338,37.5,13
2026-08-22T11:48:20,7283.7,14.8,1.7,1.53,16,11.767,31.338,37.5,13
2026-08-22T11:48:22,7285.7,15.0,1.64,1.52,16,11.767,31.338,37.5,13
2026-08-22T11:48:24,7287.7,15.1,1.64,1.52,16,11.767,31.338,37.5,13
2026-08-22T11:48:26,7289.7,15.2,1.64,1.52,16,11.766,31.338,37.5,13
2026-08-22T11:48:28,7291.7,14.9,1.59,1.51,16,11.762,31.338,37.5,13
2026-08-22T11:48:30,7293.7,15.2,1.59,1.51,16,11.762,31.338,37.5,13
2026-08-22T11:48:32,7295.7,15.1,1.62,1.52,16,11.762,31.338,37.5,13
2026-08-22T11:48:34,7297.7,15.0,1.62,1.52,16,11.763,31.338,37.5,13
2026-08-22T11:48:36,7299.7,14.9,1.62,1.52,16,11.763,31.338,37.5,13
2026-08-22T11:48:38,7301.7,14.9,1.65,1.53,16,11.763,31.338,37.5,13
2026-08-22T11:48:40,7303.7,13.6,1.65,1.53,16,11.763,31.338,37.5,13
2026-08-22T11:48:42,7305.7,6.8,1.6,1.52,16,11.763,31.338,37.5,13
2026-08-22T11:48:44,7307.7,10.9,1.6,1.52,16,11.763,31.338,37.5,13
2026-08-22T11:48:46,7309.7,14.9,1.6,1.52,16,11.764,31.338,37.5,13
2026-08-22T11:48:48,7311.7,14.8,1.55,1.51,16,11.764,31.338,37.5,13
2026-08-22T11:48:50,7313.7,15.0,1.55,1.51,16,11.764,31.338,37.5,13
2026-08-22T11:48:52,7315.7,15.0,1.59,1.52,16,11.764,31.338,37.5,13
2026-08-22T11:48:54,7317.7,14.8,1.59,1.52,16,11.765,31.338,37.5,13
2026-08-22T11:48:56,7319.7,14.9,1.59,1.52,16,11.765,31.338,37.5,13
2026-08-22T11:48:58,7321.7,15.2,1.54,1.51,16,11.765,31.338,37.5,13
2026-08-22T11:49:00,7323.7,14.7,1.54,1.51,16,11.765,31.338,37.5,13
2026-08-22T11:49:02,7325.7,15.0,1.74,1.55,16,11.765,31.338,37.5,13
2026-08-22T11:49:04,7327.7,15.3,1.74,1.55,16,11.871,31.338,37.9,13
2026-08-22T11:49:06,7329.7,15.2,1.74,1.55,16,11.871,31.338,37.9,13
2026-08-22T11:49:08,7331.7,14.8,1.84,1.58,16,11.853,31.338,37.8,13
2026-08-22T11:49:10,7333.7,15.1,1.84,1.58,16,11.838,31.338,37.8,13
2026-08-22T11:49:12,7335.7,13.9,1.77,1.57,16,11.825,31.338,37.7,13
2026-08-22T11:49:14,7337.7,15.0,1.77,1.57,16,11.817,31.338,37.7,13
2026-08-22T11:49:16,7339.7,14.9,1.77,1.57,16,11.816,31.338,37.7,13
2026-08-22T11:49:18,7341.7,14.8,1.71,1.56,16,11.816,31.338,37.7,13
2026-08-22T11:49:20,7343.7,14.8,1.71,1.56,16,11.816,31.338,37.7,13
2026-08-22T11:49:22,7345.7,14.8,1.73,1.56,16,11.816,31.338,37.7,13
2026-08-22T11:49:24,7347.7,14.9,1.73,1.56,16,11.816,31.338,37.7,13
2026-08-22T11:49:26,7349.7,15.1,1.73,1.56,16,11.816,31.338,37.7,13
2026-08-22T11:49:28,7351.7,15.2,1.67,1.55,16,11.816,31.338,37.7,13
2026-08-22T11:49:30,7353.7,10.4,1.67,1.55,16,11.817,31.338,37.7,13
2026-08-22T11:49:32,7355.7,7.7,1.62,1.54,16,11.817,31.338,37.7,13
2026-08-22T11:49:34,7357.7,14.9,1.62,1.54,16,11.817,31.338,37.7,13
2026-08-22T11:49:36,7359.7,14.9,1.62,1.54,16,11.816,31.338,37.7,13
2026-08-22T11:49:38,7361.7,15.1,1.57,1.54,16,11.817,31.338,37.7,13
2026-08-22T11:49:40,7363.7,14.8,1.57,1.54,16,11.817,31.338,37.7,13
2026-08-22T11:49:42,7365.7,15.0,1.52,1.53,16,11.817,31.338,37.7,13
2026-08-22T11:49:44,7367.7,14.9,1.52,1.53,16,11.818,31.338,37.7,13
2026-08-22T11:49:46,7369.7,14.8,1.52,1.53,16,11.818,31.338,37.7,13
2026-08-22T11:49:48,7371.7,14.8,1.56,1.53,16,11.818,31.338,37.7,13
2026-08-22T11:49:50,7373.7,14.9,1.56,1.53,16,11.818,31.338,37.7,13
2026-08-22T11:49:52,7375.7,13.5,1.68,1.56,16,11.818,31.338,37.7,13
2026-08-22T11:49:54,7377.7,15.0,1.68,1.56,16,11.818,31.338,37.7,13
2026-08-22T11:49:56,7379.7,14.9,1.68,1.56,16,11.814,31.338,37.7,13
2026-08-22T11:49:58,7381.7,15.1,1.62,1.55,16,11.815,31.338,37.7,13
2026-08-22T11:50:00,7383.7,14.8,1.62,1.55,16,11.816,31.338,37.7,13
2026-08-22T11:50:02,7385.7,14.9,1.65,1.56,16,11.813,31.338,37.7,13
2026-08-22T11:50:04,7387.7,15.1,1.65,1.56,16,11.814,31.338,37.7,13
2026-08-22T11:50:06,7389.7,15.1,1.65,1.56,16,11.814,31.338,37.7,13
2026-08-22T11:50:08,7391.7,15.0,2.16,1.66,16,11.814,31.338,37.7,13
2026-08-22T11:50:10,7393.7,14.9,2.16,1.66,16,11.815,31.338,37.7,13
2026-08-22T11:50:12,7395.7,14.9,2.07,1.65,16,11.815,31.338,37.7,13
2026-08-22T11:50:14,7397.7,15.1,2.07,1.65,16,11.815,31.338,37.7,13
2026-08-22T11:50:16,7399.7,14.7,2.07,1.65,16,11.815,31.338,37.7,13
2026-08-22T11:50:18,7401.7,12.5,1.98,1.64,16,11.815,31.338,37.7,13
2026-08-22T11:50:20,7403.7,6.6,1.98,1.64,16,11.817,31.338,37.7,13
2026-08-22T11:50:22,7405.7,6.6,1.9,1.63,16,11.817,31.338,37.7,13
2026-08-22T11:50:24,7407.7,6.6,1.9,1.63,16,11.816,31.338,37.7,13
2026-08-22T11:50:26,7409.7,6.6,1.9,1.63,16,11.816,31.338,37.7,13
2026-08-22T11:50:28,7411.7,6.6,1.83,1.62,16,11.816,31.338,37.7,13
2026-08-22T11:50:30,7413.7,6.6,1.83,1.62,16,11.816,31.338,37.7,13
2026-08-22T11:50:32,7415.7,6.6,1.76,1.61,16,11.817,31.338,37.7,13
2026-08-22T11:50:34,7417.7,6.7,1.76,1.61,16,11.815,31.338,37.7,13
2026-08-22T11:50:36,7419.7,6.6,1.76,1.61,16,11.815,31.338,37.7,13
2026-08-22T11:50:38,7421.7,6.6,1.7,1.6,16,12.122,31.338,38.7,13
2026-08-22T11:50:40,7423.7,6.7,1.7,1.6,16,13.091,31.338,41.8,13
2026-08-22T11:50:42,7425.7,6.6,1.65,1.59,16,17.753,31.338,56.6,13
2026-08-22T11:50:44,7427.7,6.6,1.65,1.59,16,17.383,31.338,55.5,13
2026-08-22T11:50:46,7429.7,6.7,1.65,1.59,16,17.38,31.338,55.5,13
2026-08-22T11:50:48,7431.7,6.6,1.59,1.58,16,17.395,31.338,55.5,13
2026-08-22T11:50:50,7433.7,6.6,1.59,1.58,16,17.416,31.338,55.6,13
2026-08-22T11:50:52,7435.7,6.6,1.55,1.57,16,17.392,31.338,55.5,13
2026-08-22T11:50:54,7437.7,6.6,1.55,1.57,16,17.428,31.338,55.6,13
2026-08-22T11:50:56,7439.7,6.6,1.55,1.57,16,17.432,31.338,55.6,13
2026-08-22T11:50:58,7441.7,6.7,1.5,1.56,16,17.401,31.338,55.5,13
2026-08-22T11:51:00,7443.7,6.6,1.5,1.56,16,17.439,31.338,55.6,13
2026-08-22T11:51:02,7445.7,6.6,1.46,1.55,16,17.47,31.338,55.7,13
2026-08-22T11:51:04,7447.7,6.6,1.46,1.55,16,17.478,31.338,55.8,13
2026-08-22T11:51:06,7449.7,6.6,1.46,1.55,16,17.501,31.338,55.8,13
2026-08-22T11:51:08,7451.7,6.6,1.42,1.54,16,17.531,31.338,55.9,13
2026-08-22T11:51:10,7453.7,6.6,1.42,1.54,16,17.562,31.338,56.0,13
2026-08-22T11:51:12,7455.7,6.5,1.39,1.53,16,17.608,31.338,56.2,13
2026-08-22T11:51:14,7457.7,6.7,1.39,1.53,16,17.639,31.338,56.3,13
2026-08-22T11:51:16,7459.7,6.5,1.39,1.53,16,17.669,31.338,56.4,13
2026-08-22T11:51:18,7461.7,6.7,1.36,1.52,16,17.7,31.338,56.5,13
2026-08-22T11:51:20,7463.7,6.6,1.36,1.52,16,17.731,31.338,56.6,13
2026-08-22T11:51:22,7465.7,6.6,1.41,1.53,16,17.761,31.338,56.7,13
2026-08-22T11:51:24,7467.7,6.6,1.41,1.53,16,17.792,31.338,56.8,13
2026-08-22T11:51:26,7469.7,6.7,1.41,1.53,16,17.815,31.338,56.8,13
2026-08-22T11:51:28,7471.7,6.6,1.38,1.52,16,17.843,31.338,56.9,13
2026-08-22T11:51:30,7473.7,6.5,1.38,1.52,16,17.871,31.338,57.0,13
2026-08-22T11:51:32,7475.7,6.6,1.35,1.51,16,17.898,31.338,57.1,13
2026-08-22T11:51:34,7477.7,6.7,1.35,1.51,16,17.927,31.338,57.2,13
2026-08-22T11:51:36,7479.7,6.5,1.35,1.51,16,17.957,31.338,57.3,13
2026-08-22T11:51:38,7481.7,6.6,1.32,1.5,16,17.988,31.338,57.4,13
2026-08-22T11:51:40,7483.7,6.6,1.32,1.5,16,18.019,31.338,57.5,13
2026-08-22T11:51:42,7485.7,6.6,1.29,1.49,16,18.049,31.338,57.6,13
2026-08-22T11:51:44,7487.7,6.7,1.29,1.49,16,18.08,31.338,57.7,13
2026-08-22T11:51:46,7489.7,6.6,1.29,1.49,16,18.089,31.338,57.7,13
2026-08-22T11:51:48,7491.7,5.6,1.27,1.49,16,8.305,31.338,26.5,5
2026-08-22T11:51:50,7493.7,6.5,1.27,1.49,16,8.304,31.338,26.5,5
2026-08-22T11:51:52,7495.7,6.5,1.25,1.48,16,8.303,31.338,26.5,5
2026-08-22T11:51:54,7497.7,6.5,1.25,1.48,16,8.302,31.338,26.5,5
2026-08-22T11:51:56,7499.7,6.5,1.25,1.48,16,8.301,31.338,26.5,5
2026-08-22T11:51:58,7501.7,6.5,1.23,1.47,16,8.301,31.338,26.5,5
2026-08-22T11:52:00,7503.7,6.5,1.23,1.47,16,8.301,31.338,26.5,5
2026-08-22T11:52:02,7505.7,6.5,1.21,1.46,16,8.301,31.338,26.5,5
2026-08-22T11:52:04,7507.7,6.5,1.21,1.46,16,8.3,31.338,26.5,5
2026-08-22T11:52:06,7509.7,6.5,1.21,1.46,16,8.3,31.338,26.5,5
2026-08-22T11:52:08,7511.7,6.5,1.19,1.45,16,8.301,31.338,26.5,5
2026-08-22T11:52:10,7513.7,31.8,1.19,1.45,16,10.363,31.338,33.1,16
2026-08-22T11:52:12,7515.7,98.7,2.7,1.76,16,13.68,31.338,43.7,21
2026-08-22T11:52:14,7517.7,93.9,2.7,1.76,16,15.161,31.338,48.4,21
2026-08-22T11:52:16,7519.7,22.4,2.7,1.76,16,15.266,31.338,48.7,21
2026-08-22T11:52:18,7521.7,22.8,3.84,2.02,16,15.276,31.338,48.7,21
2026-08-22T11:52:20,7523.7,22.9,3.84,2.02,16,15.278,31.338,48.8,21
2026-08-22T11:52:22,7525.7,22.5,3.78,2.03,16,15.279,31.338,48.8,21
2026-08-22T11:52:24,7527.7,22.8,3.78,2.03,16,15.28,31.338,48.8,21
2026-08-22T11:52:26,7529.7,22.8,3.78,2.03,16,15.281,31.338,48.8,21
2026-08-22T11:52:28,7531.7,23.1,3.55,2.01,16,15.282,31.338,48.8,21
2026-08-22T11:52:30,7533.7,22.5,3.55,2.01,16,15.282,31.338,48.8,21
2026-08-22T11:52:32,7535.7,23.0,3.35,2.0,16,15.283,31.338,48.8,21
2026-08-22T11:52:34,7537.7,22.5,3.35,2.0,16,15.284,31.338,48.8,21
2026-08-22T11:52:36,7539.7,22.7,3.35,2.0,16,15.277,31.338,48.8,21
2026-08-22T11:52:38,7541.7,22.2,3.24,2.0,16,15.263,31.338,48.7,21
2026-08-22T11:52:40,7543.7,22.3,3.24,2.0,16,15.247,31.338,48.7,21
2026-08-22T11:52:42,7545.7,17.4,3.06,1.98,16,15.236,31.338,48.6,21
2026-08-22T11:52:44,7547.7,22.0,3.06,1.98,16,15.233,31.338,48.6,21
2026-08-22T11:52:46,7549.7,18.6,3.06,1.98,16,15.237,31.338,48.6,21
2026-08-22T11:52:48,7551.7,22.2,3.14,2.02,16,15.237,31.338,48.6,21
2026-08-22T11:52:50,7553.7,22.6,3.14,2.02,16,15.238,31.338,48.6,21
2026-08-22T11:52:52,7555.7,22.4,3.29,2.06,16,15.237,31.338,48.6,21
2026-08-22T11:52:54,7557.7,22.5,3.29,2.06,16,15.238,31.338,48.6,21
2026-08-22T11:52:56,7559.7,22.7,3.29,2.06,16,15.238,31.338,48.6,21
2026-08-22T11:52:58,7561.7,22.5,3.98,2.23,16,15.238,31.338,48.6,21
2026-08-22T11:53:00,7563.7,22.4,3.98,2.23,16,15.238,31.338,48.6,21
2026-08-22T11:53:02,7565.7,22.4,4.63,2.39,16,15.238,31.338,48.6,21
2026-08-22T11:53:04,7567.7,22.4,4.63,2.39,16,15.238,31.338,48.6,21
2026-08-22T11:53:06,7569.7,20.1,4.63,2.39,16,15.238,31.338,48.6,21
2026-08-22T11:53:08,7571.7,22.4,4.34,2.37,16,15.239,31.338,48.6,21
2026-08-22T11:53:10,7573.7,22.6,4.34,2.37,16,15.238,31.338,48.6,21
2026-08-22T11:53:12,7575.7,22.3,4.07,2.35,16,15.238,31.338,48.6,21
2026-08-22T11:53:14,7577.7,22.4,4.07,2.35,16,15.233,31.338,48.6,21
2026-08-22T11:53:16,7579.7,14.9,4.07,2.35,16,15.233,31.338,48.6,21
2026-08-22T11:53:18,7581.7,22.5,3.82,2.32,16,15.228,31.338,48.6,21
2026-08-22T11:53:20,7583.7,22.4,3.82,2.32,16,15.228,31.338,48.6,21
2026-08-22T11:53:22,7585.7,22.4,3.6,2.3,16,15.23,31.338,48.6,21
2026-08-22T11:53:24,7587.7,22.2,3.6,2.3,16,15.23,31.338,48.6,21
2026-08-22T11:53:26,7589.7,22.2,3.6,2.3,16,15.23,31.338,48.6,21
2026-08-22T11:53:28,7591.7,22.4,3.55,2.31,16,15.23,31.338,48.6,21
2026-08-22T11:53:30,7593.7,22.2,3.55,2.31,16,15.231,31.338,48.6,21
2026-08-22T11:53:32,7595.7,22.5,3.98,2.42,16,15.231,31.338,48.6,21
2026-08-22T11:53:34,7597.7,19.4,3.98,2.42,16,15.23,31.338,48.6,21
2026-08-22T11:53:36,7599.7,22.2,3.98,2.42,16,15.231,31.338,48.6,21
2026-08-22T11:53:38,7601.7,22.4,3.75,2.4,16,15.232,31.338,48.6,21
2026-08-22T11:53:40,7603.7,22.3,3.75,2.4,16,15.232,31.338,48.6,21
2026-08-22T11:53:42,7605.7,21.8,3.53,2.38,16,15.232,31.338,48.6,21
2026-08-22T11:53:44,7607.7,22.2,3.53,2.38,16,15.232,31.338,48.6,21
2026-08-22T11:53:46,7609.7,21.8,3.53,2.38,16,15.224,31.338,48.6,21
2026-08-22T11:53:48,7611.7,7.6,3.32,2.35,16,15.224,31.338,48.6,21
2026-08-22T11:53:50,7613.7,15.3,3.32,2.35,16,15.224,31.338,48.6,21
2026-08-22T11:53:52,7615.7,21.9,3.14,2.33,16,15.225,31.338,48.6,21
2026-08-22T11:53:54,7617.7,22.1,3.14,2.33,16,15.225,31.338,48.6,21
2026-08-22T11:53:56,7619.7,22.3,3.14,2.33,16,15.225,31.338,48.6,21
2026-08-22T11:53:58,7621.7,22.4,2.97,2.31,16,15.225,31.338,48.6,21
2026-08-22T11:54:00,7623.7,21.7,2.97,2.31,16,15.226,31.338,48.6,21
2026-08-22T11:54:02,7625.7,22.3,2.89,2.3,16,15.226,31.338,48.6,21
2026-08-22T11:54:04,7627.7,19.5,2.89,2.3,16,15.226,31.338,48.6,21
2026-08-22T11:54:06,7629.7,22.1,2.89,2.3,16,15.226,31.338,48.6,21
2026-08-22T11:54:08,7631.7,21.9,3.94,2.53,16,15.226,31.338,48.6,21
2026-08-22T11:54:10,7633.7,22.1,3.94,2.53,16,15.227,31.338,48.6,21
2026-08-22T11:54:12,7635.7,21.8,3.7,2.5,16,15.226,31.338,48.6,21
2026-08-22T11:54:14,7637.7,22.3,3.7,2.5,16,15.224,31.338,48.6,21
2026-08-22T11:54:16,7639.7,22.4,3.7,2.5,16,15.223,31.338,48.6,21
2026-08-22T11:54:18,7641.7,22.1,3.49,2.48,16,15.225,31.338,48.6,21
2026-08-22T11:54:20,7643.7,16.4,3.49,2.48,16,15.225,31.338,48.6,21
2026-08-22T11:54:22,7645.7,6.8,3.29,2.45,16,15.226,31.338,48.6,21
2026-08-22T11:54:24,7647.7,6.9,3.29,2.45,16,15.225,31.338,48.6,21
2026-08-22T11:54:26,7649.7,6.8,3.29,2.45,16,15.225,31.338,48.6,21
2026-08-22T11:54:28,7651.7,6.8,3.1,2.43,16,15.225,31.338,48.6,21
2026-08-22T11:54:30,7653.7,6.8,3.1,2.43,16,15.225,31.338,48.6,21
2026-08-22T11:54:32,7655.7,6.8,2.93,2.41,16,15.225,31.338,48.6,21
2026-08-22T11:54:34,7657.7,6.8,2.93,2.41,16,15.225,31.338,48.6,21
2026-08-22T11:54:36,7659.7,6.8,2.93,2.41,16,15.225,31.338,48.6,21
2026-08-22T11:54:38,7661.7,6.7,2.78,2.38,16,15.225,31.338,48.6,21
2026-08-22T11:54:40,7663.7,6.8,2.78,2.38,16,15.223,31.338,48.6,21
2026-08-22T11:54:42,7665.7,6.8,2.64,2.36,16,15.223,31.338,48.6,21
2026-08-22T11:54:44,7667.7,6.8,2.64,2.36,16,15.223,31.338,48.6,21
2026-08-22T11:54:46,7669.7,6.8,2.64,2.36,16,19.229,31.338,61.4,21
2026-08-22T11:54:48,7671.7,6.8,2.51,2.34,16,18.513,31.338,59.1,21
2026-08-22T11:54:50,7673.8,6.7,2.51,2.34,16,18.525,31.338,59.1,21
2026-08-22T11:54:52,7675.8,6.8,2.38,2.31,16,18.519,31.338,59.1,21
2026-08-22T11:54:54,7677.8,6.8,2.38,2.31,16,18.511,31.338,59.1,21
2026-08-22T11:54:56,7679.8,6.8,2.38,2.31,16,18.511,31.338,59.1,21
2026-08-22T11:54:58,7681.8,6.8,2.27,2.29,16,18.533,31.338,59.1,21
2026-08-22T11:55:00,7683.8,6.7,2.27,2.29,16,18.563,31.338,59.2,21
2026-08-22T11:55:02,7685.8,6.8,2.17,2.27,16,18.593,31.338,59.3,21
2026-08-22T11:55:04,7687.8,6.9,2.17,2.27,16,18.623,31.338,59.4,21
2026-08-22T11:55:06,7689.8,6.7,2.17,2.27,16,18.652,31.338,59.5,21
2026-08-22T11:55:08,7691.8,6.7,2.08,2.25,16,18.682,31.338,59.6,21
2026-08-22T11:55:10,7693.8,6.8,2.08,2.25,16,18.713,31.338,59.7,21
2026-08-22T11:55:12,7695.8,6.7,1.99,2.23,16,18.736,31.338,59.8,21
2026-08-22T11:55:14,7697.8,6.9,1.99,2.23,16,18.766,31.338,59.9,21
2026-08-22T11:55:16,7699.8,6.7,1.99,2.23,16,18.797,31.338,60.0,21
2026-08-22T11:55:18,7701.8,6.8,1.91,2.21,16,18.827,31.338,60.1,21
2026-08-22T11:55:20,7703.8,6.7,1.91,2.21,16,18.858,31.338,60.2,21
2026-08-22T11:55:22,7705.8,6.8,1.84,2.19,16,18.888,31.338,60.3,21
2026-08-22T11:55:24,7707.8,6.8,1.84,2.19,16,18.919,31.338,60.4,21
2026-08-22T11:55:26,7709.8,6.7,1.84,2.19,16,18.95,31.338,60.5,21
2026-08-22T11:55:28,7711.8,6.8,1.77,2.17,16,18.98,31.338,60.6,21
2026-08-22T11:55:30,7713.8,6.8,1.77,2.17,16,19.01,31.338,60.7,21
2026-08-22T11:55:32,7715.8,6.8,1.71,2.15,16,19.032,31.338,60.7,21
2026-08-22T11:55:34,7717.8,12.3,1.71,2.15,16,8.32,31.338,26.5,5
2026-08-22T11:55:36,7719.8,6.6,1.71,2.15,16,8.318,31.338,26.5,5
2026-08-22T11:55:38,7721.8,6.5,1.65,2.13,16,8.318,31.338,26.5,5
2026-08-22T11:55:40,7723.8,6.5,1.65,2.13,16,8.319,31.338,26.5,5
2026-08-22T11:55:42,7725.8,6.5,1.6,2.11,16,8.319,31.338,26.5,5
2026-08-22T11:55:44,7727.8,6.5,1.6,2.11,16,8.318,31.338,26.5,5
2026-08-22T11:55:46,7729.8,6.5,1.6,2.11,16,8.318,31.338,26.5,5
2026-08-22T11:55:48,7731.8,6.6,1.55,2.09,16,8.318,31.338,26.5,5
2026-08-22T11:55:50,7733.8,6.6,1.55,2.09,16,8.318,31.338,26.5,5
2026-08-22T11:55:52,7735.8,6.5,1.51,2.07,16,8.318,31.338,26.5,5
2026-08-22T11:55:54,7737.8,6.6,1.51,2.07,16,8.318,31.338,26.5,5
